Series UID,Collection,3rd Party Analysis,Data Description URI,Subject ID,Study UID,Study Description,Study Date,Series Description,Manufacturer,Modality,SOP Class Name,SOP Class UID,Number of Images,File Size,File Location,Download Timestamp
1.3.6.1.4.1.14519.5.2.1.1239.1759.623006463861567934606116970244,CMMD,NO,https://doi.org/10.7937/tcia.eqde4b16,D1-0001,1.3.6.1.4.1.14519.5.2.1.1239.1759.335790956129760663091398779377,NA,07-18-2010,NA,NA,MG,Digital Mammography X-Ray Image Storage - For Presentation,1.2.840.10008.5.1.4.1.1.1.2,2,8.79 MB,./CMMD/D1-0001/1.3.6.1.4.1.14519.5.2.1.1239.1759.335790956129760663091398779377/1.3.6.1.4.1.14519.5.2.1.1239.1759.623006463861567934606116970244,2025-12-02T10:01:07.854332743
1.3.6.1.4.1.14519.5.2.1.1239.1759.292560899611058154484740024283,CMMD,NO,https://doi.org/10.7937/tcia.eqde4b16,D1-0003,1.3.6.1.4.1.14519.5.2.1.1239.1759.113089024322804953396826025491,NA,07-18-2011,NA,NA,MG,Digital Mammography X-Ray Image Storage - For Presentation,1.2.840.10008.5.1.4.1.1.1.2,2,8.79 MB,./CMMD/D1-0003/1.3.6.1.4.1.14519.5.2.1.1239.1759.113089024322804953396826025491/1.3.6.1.4.1.14519.5.2.1.1239.1759.292560899611058154484740024283,2025-12-02T10:01:08.224219395
1.3.6.1.4.1.14519.5.2.1.1239.1759.610823649257711756778765445313,CMMD,NO,https://doi.org/10.7937/tcia.eqde4b16,D1-0002,1.3.6.1.4.1.14519.5.2.1.1239.1759.241519791051942183109879949231,NA,07-18-2010,NA,NA,MG,Digital Mammography X-Ray Image Storage - For Presentation,1.2.840.10008.5.1.4.1.1.1.2,2,8.79 MB,./CMMD/D1-0002/1.3.6.1.4.1.14519.5.2.1.1239.1759.241519791051942183109879949231/1.3.6.1.4.1.14519.5.2.1.1239.1759.610823649257711756778765445313,2025-12-02T10:01:08.944163728
1.3.6.1.4.1.14519.5.2.1.1239.1759.202447815325989213972136564676,CMMD,NO,https://doi.org/10.7937/tcia.eqde4b16,D1-0006,1.3.6.1.4.1.14519.5.2.1.1239.1759.241563313733800353664643216802,NA,07-18-2010,NA,NA,MG,Digital Mammography X-Ray Image Storage - For Presentation,1.2.840.10008.5.1.4.1.1.1.2,2,8.79 MB,./CMMD/D1-0006/1.3.6.1.4.1.14519.5.2.1.1239.1759.241563313733800353664643216802/1.3.6.1.4.1.14519.5.2.1.1239.1759.202447815325989213972136564676,2025-12-02T10:01:21.20754072
1.3.6.1.4.1.14519.5.2.1.1239.1759.411712488433980869940617377249,CMMD,NO,https://doi.org/10.7937/tcia.eqde4b16,D1-0005,1.3.6.1.4.1.14519.5.2.1.1239.1759.249693111563593180144704652347,NA,07-18-2011,NA,NA,MG,Digital Mammography X-Ray Image Storage - For Presentation,1.2.840.10008.5.1.4.1.1.1.2,2,8.79 MB,./CMMD/D1-0005/1.3.6.1.4.1.14519.5.2.1.1239.1759.249693111563593180144704652347/1.3.6.1.4.1.14519.5.2.1.1239.1759.411712488433980869940617377249,2025-12-02T10:01:23.195891925
1.3.6.1.4.1.14519.5.2.1.1239.1759.328825651506038448195218436301,CMMD,NO,https://doi.org/10.7937/tcia.eqde4b16,D1-0004,1.3.6.1.4.1.14519.5.2.1.1239.1759.132173027545971471189237514914,NA,07-18-2011,NA,NA,MG,Digital Mammography X-Ray Image Storage - For Presentation,1.2.840.10008.5.1.4.1.1.1.2,2,8.79 MB,./CMMD/D1-0004/1.3.6.1.4.1.14519.5.2.1.1239.1759.132173027545971471189237514914/1.3.6.1.4.1.14519.5.2.1.1239.1759.328825651506038448195218436301,2025-12-02T10:01:23.411664525
1.3.6.1.4.1.14519.5.2.1.1239.1759.335078101914518905760731611043,CMMD,NO,https://doi.org/10.7937/tcia.eqde4b16,D1-0008,1.3.6.1.4.1.14519.5.2.1.1239.1759.333324635343199664641533303589,NA,07-18-2010,NA,NA,MG,Digital Mammography X-Ray Image Storage - For Presentation,1.2.840.10008.5.1.4.1.1.1.2,2,8.79 MB,./CMMD/D1-0008/1.3.6.1.4.1.14519.5.2.1.1239.1759.333324635343199664641533303589/1.3.6.1.4.1.14519.5.2.1.1239.1759.335078101914518905760731611043,2025-12-02T10:01:33.532802119
1.3.6.1.4.1.14519.5.2.1.1239.1759.186486081393124159072120774311,CMMD,NO,https://doi.org/10.7937/tcia.eqde4b16,D1-0009,1.3.6.1.4.1.14519.5.2.1.1239.1759.336063878508889729917590981159,NA,07-18-2010,NA,NA,MG,Digital Mammography X-Ray Image Storage - For Presentation,1.2.840.10008.5.1.4.1.1.1.2,2,8.79 MB,./CMMD/D1-0009/1.3.6.1.4.1.14519.5.2.1.1239.1759.336063878508889729917590981159/1.3.6.1.4.1.14519.5.2.1.1239.1759.186486081393124159072120774311,2025-12-02T10:01:39.919901712
1.3.6.1.4.1.14519.5.2.1.1239.1759.148395128205073049103224632740,CMMD,NO,https://doi.org/10.7937/tcia.eqde4b16,D1-0007,1.3.6.1.4.1.14519.5.2.1.1239.1759.225080655188403280051211758107,NA,07-18-2010,NA,NA,MG,Digital Mammography X-Ray Image Storage - For Presentation,1.2.840.10008.5.1.4.1.1.1.2,2,8.79 MB,./CMMD/D1-0007/1.3.6.1.4.1.14519.5.2.1.1239.1759.225080655188403280051211758107/1.3.6.1.4.1.14519.5.2.1.1239.1759.148395128205073049103224632740,2025-12-02T10:01:42.182595674
1.3.6.1.4.1.14519.5.2.1.1239.1759.642120288324510652965162192629,CMMD,NO,https://doi.org/10.7937/tcia.eqde4b16,D1-0010,1.3.6.1.4.1.14519.5.2.1.1239.1759.212060565147029132816638756931,NA,07-18-2010,NA,NA,MG,Digital Mammography X-Ray Image Storage - For Presentation,1.2.840.10008.5.1.4.1.1.1.2,2,8.79 MB,./CMMD/D1-0010/1.3.6.1.4.1.14519.5.2.1.1239.1759.212060565147029132816638756931/1.3.6.1.4.1.14519.5.2.1.1239.1759.642120288324510652965162192629,2025-12-02T10:01:45.016220306
1.3.6.1.4.1.14519.5.2.1.1239.1759.299888293271082835180032873995,CMMD,NO,https://doi.org/10.7937/tcia.eqde4b16,D1-0011,1.3.6.1.4.1.14519.5.2.1.1239.1759.201630080467255835997947793954,NA,07-18-2010,NA,NA,MG,Digital Mammography X-Ray Image Storage - For Presentation,1.2.840.10008.5.1.4.1.1.1.2,2,8.79 MB,./CMMD/D1-0011/1.3.6.1.4.1.14519.5.2.1.1239.1759.201630080467255835997947793954/1.3.6.1.4.1.14519.5.2.1.1239.1759.299888293271082835180032873995,2025-12-02T10:01:54.27781484
1.3.6.1.4.1.14519.5.2.1.1239.1759.327627208921450139799778295456,CMMD,NO,https://doi.org/10.7937/tcia.eqde4b16,D1-0013,1.3.6.1.4.1.14519.5.2.1.1239.1759.181705498411601753992889647246,NA,07-18-2011,NA,NA,MG,Digital Mammography X-Ray Image Storage - For Presentation,1.2.840.10008.5.1.4.1.1.1.2,2,8.79 MB,./CMMD/D1-0013/1.3.6.1.4.1.14519.5.2.1.1239.1759.181705498411601753992889647246/1.3.6.1.4.1.14519.5.2.1.1239.1759.327627208921450139799778295456,2025-12-02T10:01:56.729124475
1.3.6.1.4.1.14519.5.2.1.1239.1759.151721783627447842283341318277,CMMD,NO,https://doi.org/10.7937/tcia.eqde4b16,D1-0012,1.3.6.1.4.1.14519.5.2.1.1239.1759.282496604340877570787960588332,NA,07-18-2010,NA,NA,MG,Digital Mammography X-Ray Image Storage - For Presentation,1.2.840.10008.5.1.4.1.1.1.2,2,8.79 MB,./CMMD/D1-0012/1.3.6.1.4.1.14519.5.2.1.1239.1759.282496604340877570787960588332/1.3.6.1.4.1.14519.5.2.1.1239.1759.151721783627447842283341318277,2025-12-02T10:01:57.167255649
1.3.6.1.4.1.14519.5.2.1.1239.1759.121819998230205854303297606502,CMMD,NO,https://doi.org/10.7937/tcia.eqde4b16,D1-0015,1.3.6.1.4.1.14519.5.2.1.1239.1759.235027422118073490673719191002,NA,07-18-2010,NA,NA,MG,Digital Mammography X-Ray Image Storage - For Presentation,1.2.840.10008.5.1.4.1.1.1.2,2,8.79 MB,./CMMD/D1-0015/1.3.6.1.4.1.14519.5.2.1.1239.1759.235027422118073490673719191002/1.3.6.1.4.1.14519.5.2.1.1239.1759.121819998230205854303297606502,2025-12-02T10:02:03.022655723
1.3.6.1.4.1.14519.5.2.1.1239.1759.169458823539980364506660174216,CMMD,NO,https://doi.org/10.7937/tcia.eqde4b16,D1-0014,1.3.6.1.4.1.14519.5.2.1.1239.1759.320705773726049168102489609653,NA,07-18-2010,NA,NA,MG,Digital Mammography X-Ray Image Storage - For Presentation,1.2.840.10008.5.1.4.1.1.1.2,2,8.79 MB,./CMMD/D1-0014/1.3.6.1.4.1.14519.5.2.1.1239.1759.320705773726049168102489609653/1.3.6.1.4.1.14519.5.2.1.1239.1759.169458823539980364506660174216,2025-12-02T10:02:16.507825989
1.3.6.1.4.1.14519.5.2.1.1239.1759.333876440386915774054063583888,CMMD,NO,https://doi.org/10.7937/tcia.eqde4b16,D1-0016,1.3.6.1.4.1.14519.5.2.1.1239.1759.196349418819894744032781500925,NA,07-18-2010,NA,NA,MG,Digital Mammography X-Ray Image Storage - For Presentation,1.2.840.10008.5.1.4.1.1.1.2,2,8.79 MB,./CMMD/D1-0016/1.3.6.1.4.1.14519.5.2.1.1239.1759.196349418819894744032781500925/1.3.6.1.4.1.14519.5.2.1.1239.1759.333876440386915774054063583888,2025-12-02T10:02:16.926242731
1.3.6.1.4.1.14519.5.2.1.1239.1759.270942186095132002890746946048,CMMD,NO,https://doi.org/10.7937/tcia.eqde4b16,D1-0017,1.3.6.1.4.1.14519.5.2.1.1239.1759.269021931377861707124037455122,NA,07-18-2010,NA,NA,MG,Digital Mammography X-Ray Image Storage - For Presentation,1.2.840.10008.5.1.4.1.1.1.2,2,8.79 MB,./CMMD/D1-0017/1.3.6.1.4.1.14519.5.2.1.1239.1759.269021931377861707124037455122/1.3.6.1.4.1.14519.5.2.1.1239.1759.270942186095132002890746946048,2025-12-02T10:02:19.615343646
1.3.6.1.4.1.14519.5.2.1.1239.1759.109937864027645498364383790171,CMMD,NO,https://doi.org/10.7937/tcia.eqde4b16,D1-0020,1.3.6.1.4.1.14519.5.2.1.1239.1759.307251639708379245816862983233,NA,07-18-2010,NA,NA,MG,Digital Mammography X-Ray Image Storage - For Presentation,1.2.840.10008.5.1.4.1.1.1.2,2,8.79 MB,./CMMD/D1-0020/1.3.6.1.4.1.14519.5.2.1.1239.1759.307251639708379245816862983233/1.3.6.1.4.1.14519.5.2.1.1239.1759.109937864027645498364383790171,2025-12-02T10:02:28.552362689
1.3.6.1.4.1.14519.5.2.1.1239.1759.277713764308452169563565361573,CMMD,NO,https://doi.org/10.7937/tcia.eqde4b16,D1-0018,1.3.6.1.4.1.14519.5.2.1.1239.1759.707227746684935621076228831042,NA,07-18-2010,NA,NA,MG,Digital Mammography X-Ray Image Storage - For Presentation,1.2.840.10008.5.1.4.1.1.1.2,2,8.79 MB,./CMMD/D1-0018/1.3.6.1.4.1.14519.5.2.1.1239.1759.707227746684935621076228831042/1.3.6.1.4.1.14519.5.2.1.1239.1759.277713764308452169563565361573,2025-12-02T10:02:28.782750647
1.3.6.1.4.1.14519.5.2.1.1239.1759.282688687682011129107211993647,CMMD,NO,https://doi.org/10.7937/tcia.eqde4b16,D1-0019,1.3.6.1.4.1.14519.5.2.1.1239.1759.114704129772551304439331619967,NA,07-18-2010,NA,NA,MG,Digital Mammography X-Ray Image Storage - For Presentation,1.2.840.10008.5.1.4.1.1.1.2,2,8.79 MB,./CMMD/D1-0019/1.3.6.1.4.1.14519.5.2.1.1239.1759.114704129772551304439331619967/1.3.6.1.4.1.14519.5.2.1.1239.1759.282688687682011129107211993647,2025-12-02T10:02:32.786262856
1.3.6.1.4.1.14519.5.2.1.1239.1759.143614196394902648006689176639,CMMD,NO,https://doi.org/10.7937/tcia.eqde4b16,D1-0023,1.3.6.1.4.1.14519.5.2.1.1239.1759.353844162340532958006433142892,NA,07-18-2010,NA,NA,MG,Digital Mammography X-Ray Image Storage - For Presentation,1.2.840.10008.5.1.4.1.1.1.2,2,8.79 MB,./CMMD/D1-0023/1.3.6.1.4.1.14519.5.2.1.1239.1759.353844162340532958006433142892/1.3.6.1.4.1.14519.5.2.1.1239.1759.143614196394902648006689176639,2025-12-02T10:02:41.367502538
1.3.6.1.4.1.14519.5.2.1.1239.1759.103312499871539519460418791472,CMMD,NO,https://doi.org/10.7937/tcia.eqde4b16,D1-0022,1.3.6.1.4.1.14519.5.2.1.1239.1759.220407188717582133994255975525,NA,07-18-2010,NA,NA,MG,Digital Mammography X-Ray Image Storage - For Presentation,1.2.840.10008.5.1.4.1.1.1.2,2,8.79 MB,./CMMD/D1-0022/1.3.6.1.4.1.14519.5.2.1.1239.1759.220407188717582133994255975525/1.3.6.1.4.1.14519.5.2.1.1239.1759.103312499871539519460418791472,2025-12-02T10:02:43.085004061
1.3.6.1.4.1.14519.5.2.1.1239.1759.817188338697704141156927137894,CMMD,NO,https://doi.org/10.7937/tcia.eqde4b16,D1-0021,1.3.6.1.4.1.14519.5.2.1.1239.1759.620648341355760182626608145484,NA,07-18-2010,NA,NA,MG,Digital Mammography X-Ray Image Storage - For Presentation,1.2.840.10008.5.1.4.1.1.1.2,4,17.57 MB,./CMMD/D1-0021/1.3.6.1.4.1.14519.5.2.1.1239.1759.620648341355760182626608145484/1.3.6.1.4.1.14519.5.2.1.1239.1759.817188338697704141156927137894,2025-12-02T10:02:44.152157003
1.3.6.1.4.1.14519.5.2.1.1239.1759.268652495612375799920344327411,CMMD,NO,https://doi.org/10.7937/tcia.eqde4b16,D1-0024,1.3.6.1.4.1.14519.5.2.1.1239.1759.175393730654046392998823046258,NA,07-18-2010,NA,NA,MG,Digital Mammography X-Ray Image Storage - For Presentation,1.2.840.10008.5.1.4.1.1.1.2,2,8.79 MB,./CMMD/D1-0024/1.3.6.1.4.1.14519.5.2.1.1239.1759.175393730654046392998823046258/1.3.6.1.4.1.14519.5.2.1.1239.1759.268652495612375799920344327411,2025-12-02T10:02:55.398069363
1.3.6.1.4.1.14519.5.2.1.1239.1759.347354650997892666606574362271,CMMD,NO,https://doi.org/10.7937/tcia.eqde4b16,D1-0025,1.3.6.1.4.1.14519.5.2.1.1239.1759.257093392838700317676574190302,NA,07-18-2010,NA,NA,MG,Digital Mammography X-Ray Image Storage - For Presentation,1.2.840.10008.5.1.4.1.1.1.2,2,8.79 MB,./CMMD/D1-0025/1.3.6.1.4.1.14519.5.2.1.1239.1759.257093392838700317676574190302/1.3.6.1.4.1.14519.5.2.1.1239.1759.347354650997892666606574362271,2025-12-02T10:02:57.110817278
1.3.6.1.4.1.14519.5.2.1.1239.1759.239112630523047330619032154563,CMMD,NO,https://doi.org/10.7937/tcia.eqde4b16,D1-0026,1.3.6.1.4.1.14519.5.2.1.1239.1759.493673661796864784360178405342,NA,07-18-2010,NA,NA,MG,Digital Mammography X-Ray Image Storage - For Presentation,1.2.840.10008.5.1.4.1.1.1.2,2,8.79 MB,./CMMD/D1-0026/1.3.6.1.4.1.14519.5.2.1.1239.1759.493673661796864784360178405342/1.3.6.1.4.1.14519.5.2.1.1239.1759.239112630523047330619032154563,2025-12-02T10:03:00.414179852
1.3.6.1.4.1.14519.5.2.1.1239.1759.264410404276106694605659517291,CMMD,NO,https://doi.org/10.7937/tcia.eqde4b16,D1-0029,1.3.6.1.4.1.14519.5.2.1.1239.1759.171921261048535308621006505993,NA,07-18-2010,NA,NA,MG,Digital Mammography X-Ray Image Storage - For Presentation,1.2.840.10008.5.1.4.1.1.1.2,2,8.79 MB,./CMMD/D1-0029/1.3.6.1.4.1.14519.5.2.1.1239.1759.171921261048535308621006505993/1.3.6.1.4.1.14519.5.2.1.1239.1759.264410404276106694605659517291,2025-12-02T10:03:14.107987089
1.3.6.1.4.1.14519.5.2.1.1239.1759.283334432458853331411200004412,CMMD,NO,https://doi.org/10.7937/tcia.eqde4b16,D1-0028,1.3.6.1.4.1.14519.5.2.1.1239.1759.116157798282843871797062966437,NA,07-18-2010,NA,NA,MG,Digital Mammography X-Ray Image Storage - For Presentation,1.2.840.10008.5.1.4.1.1.1.2,2,8.79 MB,./CMMD/D1-0028/1.3.6.1.4.1.14519.5.2.1.1239.1759.116157798282843871797062966437/1.3.6.1.4.1.14519.5.2.1.1239.1759.283334432458853331411200004412,2025-12-02T10:03:20.464573978
1.3.6.1.4.1.14519.5.2.1.1239.1759.299113101286032950834318660467,CMMD,NO,https://doi.org/10.7937/tcia.eqde4b16,D1-0027,1.3.6.1.4.1.14519.5.2.1.1239.1759.181455742979339520737063810901,NA,07-18-2010,NA,NA,MG,Digital Mammography X-Ray Image Storage - For Presentation,1.2.840.10008.5.1.4.1.1.1.2,2,8.79 MB,./CMMD/D1-0027/1.3.6.1.4.1.14519.5.2.1.1239.1759.181455742979339520737063810901/1.3.6.1.4.1.14519.5.2.1.1239.1759.299113101286032950834318660467,2025-12-02T10:03:24.031391122
1.3.6.1.4.1.14519.5.2.1.1239.1759.272478395609464436826854569123,CMMD,NO,https://doi.org/10.7937/tcia.eqde4b16,D1-0031,1.3.6.1.4.1.14519.5.2.1.1239.1759.307439559083644786262563252406,NA,07-18-2011,NA,NA,MG,Digital Mammography X-Ray Image Storage - For Presentation,1.2.840.10008.5.1.4.1.1.1.2,2,8.79 MB,./CMMD/D1-0031/1.3.6.1.4.1.14519.5.2.1.1239.1759.307439559083644786262563252406/1.3.6.1.4.1.14519.5.2.1.1239.1759.272478395609464436826854569123,2025-12-02T10:03:25.589768035
1.3.6.1.4.1.14519.5.2.1.1239.1759.239568581465299688204533452776,CMMD,NO,https://doi.org/10.7937/tcia.eqde4b16,D1-0030,1.3.6.1.4.1.14519.5.2.1.1239.1759.129625664415531583277229805135,NA,07-18-2011,NA,NA,MG,Digital Mammography X-Ray Image Storage - For Presentation,1.2.840.10008.5.1.4.1.1.1.2,2,8.79 MB,./CMMD/D1-0030/1.3.6.1.4.1.14519.5.2.1.1239.1759.129625664415531583277229805135/1.3.6.1.4.1.14519.5.2.1.1239.1759.239568581465299688204533452776,2025-12-02T10:03:33.694464519
1.3.6.1.4.1.14519.5.2.1.1239.1759.135171800660032717946776535555,CMMD,NO,https://doi.org/10.7937/tcia.eqde4b16,D1-0033,1.3.6.1.4.1.14519.5.2.1.1239.1759.879572510178862718516622689084,NA,07-18-2011,NA,NA,MG,Digital Mammography X-Ray Image Storage - For Presentation,1.2.840.10008.5.1.4.1.1.1.2,2,8.79 MB,./CMMD/D1-0033/1.3.6.1.4.1.14519.5.2.1.1239.1759.879572510178862718516622689084/1.3.6.1.4.1.14519.5.2.1.1239.1759.135171800660032717946776535555,2025-12-02T10:03:35.672326123
1.3.6.1.4.1.14519.5.2.1.1239.1759.955806756637564821825810384068,CMMD,NO,https://doi.org/10.7937/tcia.eqde4b16,D1-0032,1.3.6.1.4.1.14519.5.2.1.1239.1759.186144968877836811227871717963,NA,07-18-2011,NA,NA,MG,Digital Mammography X-Ray Image Storage - For Presentation,1.2.840.10008.5.1.4.1.1.1.2,4,17.57 MB,./CMMD/D1-0032/1.3.6.1.4.1.14519.5.2.1.1239.1759.186144968877836811227871717963/1.3.6.1.4.1.14519.5.2.1.1239.1759.955806756637564821825810384068,2025-12-02T10:03:45.783081155
1.3.6.1.4.1.14519.5.2.1.1239.1759.283950519269341581581754174738,CMMD,NO,https://doi.org/10.7937/tcia.eqde4b16,D1-0034,1.3.6.1.4.1.14519.5.2.1.1239.1759.276643636310409765679831366702,NA,07-18-2011,NA,NA,MG,Digital Mammography X-Ray Image Storage - For Presentation,1.2.840.10008.5.1.4.1.1.1.2,4,17.57 MB,./CMMD/D1-0034/1.3.6.1.4.1.14519.5.2.1.1239.1759.276643636310409765679831366702/1.3.6.1.4.1.14519.5.2.1.1239.1759.283950519269341581581754174738,2025-12-02T10:03:50.1719891
1.3.6.1.4.1.14519.5.2.1.1239.1759.331757096291767036634535069702,CMMD,NO,https://doi.org/10.7937/tcia.eqde4b16,D1-0035,1.3.6.1.4.1.14519.5.2.1.1239.1759.165973378071547103958404729334,NA,07-18-2011,NA,NA,MG,Digital Mammography X-Ray Image Storage - For Presentation,1.2.840.10008.5.1.4.1.1.1.2,4,17.57 MB,./CMMD/D1-0035/1.3.6.1.4.1.14519.5.2.1.1239.1759.165973378071547103958404729334/1.3.6.1.4.1.14519.5.2.1.1239.1759.331757096291767036634535069702,2025-12-02T10:04:01.848688172
1.3.6.1.4.1.14519.5.2.1.1239.1759.696856560470882635487494105997,CMMD,NO,https://doi.org/10.7937/tcia.eqde4b16,D1-0036,1.3.6.1.4.1.14519.5.2.1.1239.1759.443508936945625585554731540995,NA,07-18-2011,NA,NA,MG,Digital Mammography X-Ray Image Storage - For Presentation,1.2.840.10008.5.1.4.1.1.1.2,2,8.79 MB,./CMMD/D1-0036/1.3.6.1.4.1.14519.5.2.1.1239.1759.443508936945625585554731540995/1.3.6.1.4.1.14519.5.2.1.1239.1759.696856560470882635487494105997,2025-12-02T10:04:08.595832361
1.3.6.1.4.1.14519.5.2.1.1239.1759.142603022414010695827596214308,CMMD,NO,https://doi.org/10.7937/tcia.eqde4b16,D1-0037,1.3.6.1.4.1.14519.5.2.1.1239.1759.263745135102702891273425819827,NA,07-18-2011,NA,NA,MG,Digital Mammography X-Ray Image Storage - For Presentation,1.2.840.10008.5.1.4.1.1.1.2,2,8.79 MB,./CMMD/D1-0037/1.3.6.1.4.1.14519.5.2.1.1239.1759.263745135102702891273425819827/1.3.6.1.4.1.14519.5.2.1.1239.1759.142603022414010695827596214308,2025-12-02T10:04:11.743698038
1.3.6.1.4.1.14519.5.2.1.1239.1759.119276807512600992043050529651,CMMD,NO,https://doi.org/10.7937/tcia.eqde4b16,D1-0038,1.3.6.1.4.1.14519.5.2.1.1239.1759.257104556872840774704170373693,NA,07-18-2011,NA,NA,MG,Digital Mammography X-Ray Image Storage - For Presentation,1.2.840.10008.5.1.4.1.1.1.2,2,8.79 MB,./CMMD/D1-0038/1.3.6.1.4.1.14519.5.2.1.1239.1759.257104556872840774704170373693/1.3.6.1.4.1.14519.5.2.1.1239.1759.119276807512600992043050529651,2025-12-02T10:04:22.720980174
1.3.6.1.4.1.14519.5.2.1.1239.1759.987355655541629849013119166045,CMMD,NO,https://doi.org/10.7937/tcia.eqde4b16,D1-0040,1.3.6.1.4.1.14519.5.2.1.1239.1759.262147141811072002110792649267,NA,07-18-2011,NA,NA,MG,Digital Mammography X-Ray Image Storage - For Presentation,1.2.840.10008.5.1.4.1.1.1.2,2,8.79 MB,./CMMD/D1-0040/1.3.6.1.4.1.14519.5.2.1.1239.1759.262147141811072002110792649267/1.3.6.1.4.1.14519.5.2.1.1239.1759.987355655541629849013119166045,2025-12-02T10:04:26.176448067
1.3.6.1.4.1.14519.5.2.1.1239.1759.308957310162083376346917745756,CMMD,NO,https://doi.org/10.7937/tcia.eqde4b16,D1-0039,1.3.6.1.4.1.14519.5.2.1.1239.1759.276102736146999072184396381418,NA,07-18-2011,NA,NA,MG,Digital Mammography X-Ray Image Storage - For Presentation,1.2.840.10008.5.1.4.1.1.1.2,4,17.57 MB,./CMMD/D1-0039/1.3.6.1.4.1.14519.5.2.1.1239.1759.276102736146999072184396381418/1.3.6.1.4.1.14519.5.2.1.1239.1759.308957310162083376346917745756,2025-12-02T10:04:28.377753146
1.3.6.1.4.1.14519.5.2.1.1239.1759.182305033461589408307258380335,CMMD,NO,https://doi.org/10.7937/tcia.eqde4b16,D1-0041,1.3.6.1.4.1.14519.5.2.1.1239.1759.193385941653728007822074522655,NA,07-18-2011,NA,NA,MG,Digital Mammography X-Ray Image Storage - For Presentation,1.2.840.10008.5.1.4.1.1.1.2,2,8.79 MB,./CMMD/D1-0041/1.3.6.1.4.1.14519.5.2.1.1239.1759.193385941653728007822074522655/1.3.6.1.4.1.14519.5.2.1.1239.1759.182305033461589408307258380335,2025-12-02T10:04:36.734529423
1.3.6.1.4.1.14519.5.2.1.1239.1759.123217014079870368626252480844,CMMD,NO,https://doi.org/10.7937/tcia.eqde4b16,D1-0042,1.3.6.1.4.1.14519.5.2.1.1239.1759.336402300331872073154624398089,NA,07-18-2011,NA,NA,MG,Digital Mammography X-Ray Image Storage - For Presentation,1.2.840.10008.5.1.4.1.1.1.2,2,8.79 MB,./CMMD/D1-0042/1.3.6.1.4.1.14519.5.2.1.1239.1759.336402300331872073154624398089/1.3.6.1.4.1.14519.5.2.1.1239.1759.123217014079870368626252480844,2025-12-02T10:04:41.144468404
1.3.6.1.4.1.14519.5.2.1.1239.1759.947284097823657845985074461545,CMMD,NO,https://doi.org/10.7937/tcia.eqde4b16,D1-0043,1.3.6.1.4.1.14519.5.2.1.1239.1759.294238944459739412357492244015,NA,07-18-2011,NA,NA,MG,Digital Mammography X-Ray Image Storage - For Presentation,1.2.840.10008.5.1.4.1.1.1.2,2,8.79 MB,./CMMD/D1-0043/1.3.6.1.4.1.14519.5.2.1.1239.1759.294238944459739412357492244015/1.3.6.1.4.1.14519.5.2.1.1239.1759.947284097823657845985074461545,2025-12-02T10:04:42.774831107
1.3.6.1.4.1.14519.5.2.1.1239.1759.260097333565406729345480276622,CMMD,NO,https://doi.org/10.7937/tcia.eqde4b16,D1-0045,1.3.6.1.4.1.14519.5.2.1.1239.1759.128887556663291413749141892358,NA,07-18-2010,NA,NA,MG,Digital Mammography X-Ray Image Storage - For Presentation,1.2.840.10008.5.1.4.1.1.1.2,2,8.79 MB,./CMMD/D1-0045/1.3.6.1.4.1.14519.5.2.1.1239.1759.128887556663291413749141892358/1.3.6.1.4.1.14519.5.2.1.1239.1759.260097333565406729345480276622,2025-12-02T10:04:50.193519664
1.3.6.1.4.1.14519.5.2.1.1239.1759.383475107506544639120673359605,CMMD,NO,https://doi.org/10.7937/tcia.eqde4b16,D1-0047,1.3.6.1.4.1.14519.5.2.1.1239.1759.288281476546210515709530393028,NA,07-17-2008,NA,NA,MG,Digital Mammography X-Ray Image Storage - For Presentation,1.2.840.10008.5.1.4.1.1.1.2,2,8.79 MB,./CMMD/D1-0047/1.3.6.1.4.1.14519.5.2.1.1239.1759.288281476546210515709530393028/1.3.6.1.4.1.14519.5.2.1.1239.1759.383475107506544639120673359605,2025-12-02T10:04:56.798381138
1.3.6.1.4.1.14519.5.2.1.1239.1759.116676695697148533794849789305,CMMD,NO,https://doi.org/10.7937/tcia.eqde4b16,D1-0046,1.3.6.1.4.1.14519.5.2.1.1239.1759.194794206241236458566251810359,NA,07-18-2010,NA,NA,MG,Digital Mammography X-Ray Image Storage - For Presentation,1.2.840.10008.5.1.4.1.1.1.2,2,8.79 MB,./CMMD/D1-0046/1.3.6.1.4.1.14519.5.2.1.1239.1759.194794206241236458566251810359/1.3.6.1.4.1.14519.5.2.1.1239.1759.116676695697148533794849789305,2025-12-02T10:04:57.229856928
1.3.6.1.4.1.14519.5.2.1.1239.1759.266009979349997481935679160987,CMMD,NO,https://doi.org/10.7937/tcia.eqde4b16,D1-0053,1.3.6.1.4.1.14519.5.2.1.1239.1759.138453297006313265187169494559,NA,07-18-2010,NA,NA,MG,Digital Mammography X-Ray Image Storage - For Presentation,1.2.840.10008.5.1.4.1.1.1.2,2,8.79 MB,./CMMD/D1-0053/1.3.6.1.4.1.14519.5.2.1.1239.1759.138453297006313265187169494559/1.3.6.1.4.1.14519.5.2.1.1239.1759.266009979349997481935679160987,2025-12-02T10:05:08.911674555
1.3.6.1.4.1.14519.5.2.1.1239.1759.107809289115429719552429947548,CMMD,NO,https://doi.org/10.7937/tcia.eqde4b16,D1-0055,1.3.6.1.4.1.14519.5.2.1.1239.1759.159527349563837117878954000397,NA,07-18-2010,NA,NA,MG,Digital Mammography X-Ray Image Storage - For Presentation,1.2.840.10008.5.1.4.1.1.1.2,2,8.79 MB,./CMMD/D1-0055/1.3.6.1.4.1.14519.5.2.1.1239.1759.159527349563837117878954000397/1.3.6.1.4.1.14519.5.2.1.1239.1759.107809289115429719552429947548,2025-12-02T10:05:11.328787119
1.3.6.1.4.1.14519.5.2.1.1239.1759.258297947630045252432759984975,CMMD,NO,https://doi.org/10.7937/tcia.eqde4b16,D1-0051,1.3.6.1.4.1.14519.5.2.1.1239.1759.992983862545338485426318781300,NA,07-18-2010,NA,NA,MG,Digital Mammography X-Ray Image Storage - For Presentation,1.2.840.10008.5.1.4.1.1.1.2,2,8.79 MB,./CMMD/D1-0051/1.3.6.1.4.1.14519.5.2.1.1239.1759.992983862545338485426318781300/1.3.6.1.4.1.14519.5.2.1.1239.1759.258297947630045252432759984975,2025-12-02T10:05:11.994145172
1.3.6.1.4.1.14519.5.2.1.1239.1759.107095600548301647360272652218,CMMD,NO,https://doi.org/10.7937/tcia.eqde4b16,D1-0056,1.3.6.1.4.1.14519.5.2.1.1239.1759.244019955689229061703390920192,NA,07-18-2010,NA,NA,MG,Digital Mammography X-Ray Image Storage - For Presentation,1.2.840.10008.5.1.4.1.1.1.2,2,8.79 MB,./CMMD/D1-0056/1.3.6.1.4.1.14519.5.2.1.1239.1759.244019955689229061703390920192/1.3.6.1.4.1.14519.5.2.1.1239.1759.107095600548301647360272652218,2025-12-02T10:05:23.879697451
1.3.6.1.4.1.14519.5.2.1.1239.1759.213969433419220314878994494022,CMMD,NO,https://doi.org/10.7937/tcia.eqde4b16,D1-0058,1.3.6.1.4.1.14519.5.2.1.1239.1759.275118381260465102620357019450,NA,07-18-2010,NA,NA,MG,Digital Mammography X-Ray Image Storage - For Presentation,1.2.840.10008.5.1.4.1.1.1.2,2,8.79 MB,./CMMD/D1-0058/1.3.6.1.4.1.14519.5.2.1.1239.1759.275118381260465102620357019450/1.3.6.1.4.1.14519.5.2.1.1239.1759.213969433419220314878994494022,2025-12-02T10:05:25.425522973
1.3.6.1.4.1.14519.5.2.1.1239.1759.523188035872889534419102467757,CMMD,NO,https://doi.org/10.7937/tcia.eqde4b16,D1-0059,1.3.6.1.4.1.14519.5.2.1.1239.1759.188003332302606739241446949984,NA,07-18-2010,NA,NA,MG,Digital Mammography X-Ray Image Storage - For Presentation,1.2.840.10008.5.1.4.1.1.1.2,2,8.79 MB,./CMMD/D1-0059/1.3.6.1.4.1.14519.5.2.1.1239.1759.188003332302606739241446949984/1.3.6.1.4.1.14519.5.2.1.1239.1759.523188035872889534419102467757,2025-12-02T10:05:26.156961446
1.3.6.1.4.1.14519.5.2.1.1239.1759.224836199138172620813997423271,CMMD,NO,https://doi.org/10.7937/tcia.eqde4b16,D1-0061,1.3.6.1.4.1.14519.5.2.1.1239.1759.462411077559281048704679526681,NA,07-18-2010,NA,NA,MG,Digital Mammography X-Ray Image Storage - For Presentation,1.2.840.10008.5.1.4.1.1.1.2,2,8.79 MB,./CMMD/D1-0061/1.3.6.1.4.1.14519.5.2.1.1239.1759.462411077559281048704679526681/1.3.6.1.4.1.14519.5.2.1.1239.1759.224836199138172620813997423271,2025-12-02T10:05:32.973091146
1.3.6.1.4.1.14519.5.2.1.1239.1759.334580170418572404316340063966,CMMD,NO,https://doi.org/10.7937/tcia.eqde4b16,D1-0063,1.3.6.1.4.1.14519.5.2.1.1239.1759.152354321743404006799116184963,NA,07-18-2010,NA,NA,MG,Digital Mammography X-Ray Image Storage - For Presentation,1.2.840.10008.5.1.4.1.1.1.2,2,8.79 MB,./CMMD/D1-0063/1.3.6.1.4.1.14519.5.2.1.1239.1759.152354321743404006799116184963/1.3.6.1.4.1.14519.5.2.1.1239.1759.334580170418572404316340063966,2025-12-02T10:05:35.109601247
1.3.6.1.4.1.14519.5.2.1.1239.1759.213544148124732105651677979376,CMMD,NO,https://doi.org/10.7937/tcia.eqde4b16,D1-0064,1.3.6.1.4.1.14519.5.2.1.1239.1759.289783887843632239181388413229,NA,07-18-2010,NA,NA,MG,Digital Mammography X-Ray Image Storage - For Presentation,1.2.840.10008.5.1.4.1.1.1.2,2,8.79 MB,./CMMD/D1-0064/1.3.6.1.4.1.14519.5.2.1.1239.1759.289783887843632239181388413229/1.3.6.1.4.1.14519.5.2.1.1239.1759.213544148124732105651677979376,2025-12-02T10:05:42.813992777
1.3.6.1.4.1.14519.5.2.1.1239.1759.861867145818441270888606423067,CMMD,NO,https://doi.org/10.7937/tcia.eqde4b16,D1-0068,1.3.6.1.4.1.14519.5.2.1.1239.1759.277756479893237557022762648390,NA,07-18-2010,NA,NA,MG,Digital Mammography X-Ray Image Storage - For Presentation,1.2.840.10008.5.1.4.1.1.1.2,2,8.79 MB,./CMMD/D1-0068/1.3.6.1.4.1.14519.5.2.1.1239.1759.277756479893237557022762648390/1.3.6.1.4.1.14519.5.2.1.1239.1759.861867145818441270888606423067,2025-12-02T10:05:45.954068122
1.3.6.1.4.1.14519.5.2.1.1239.1759.214024753456377155851997128875,CMMD,NO,https://doi.org/10.7937/tcia.eqde4b16,D1-0070,1.3.6.1.4.1.14519.5.2.1.1239.1759.308575741021816513069320135832,NA,07-18-2010,NA,NA,MG,Digital Mammography X-Ray Image Storage - For Presentation,1.2.840.10008.5.1.4.1.1.1.2,2,8.79 MB,./CMMD/D1-0070/1.3.6.1.4.1.14519.5.2.1.1239.1759.308575741021816513069320135832/1.3.6.1.4.1.14519.5.2.1.1239.1759.214024753456377155851997128875,2025-12-02T10:05:55.580245818
1.3.6.1.4.1.14519.5.2.1.1239.1759.412142677821931923628513860482,CMMD,NO,https://doi.org/10.7937/tcia.eqde4b16,D1-0067,1.3.6.1.4.1.14519.5.2.1.1239.1759.243756582372449618503761476409,NA,07-18-2010,NA,NA,MG,Digital Mammography X-Ray Image Storage - For Presentation,1.2.840.10008.5.1.4.1.1.1.2,2,8.79 MB,./CMMD/D1-0067/1.3.6.1.4.1.14519.5.2.1.1239.1759.243756582372449618503761476409/1.3.6.1.4.1.14519.5.2.1.1239.1759.412142677821931923628513860482,2025-12-02T10:05:55.628032364
1.3.6.1.4.1.14519.5.2.1.1239.1759.107357309271002289383452114192,CMMD,NO,https://doi.org/10.7937/tcia.eqde4b16,D1-0078,1.3.6.1.4.1.14519.5.2.1.1239.1759.966718957329840575708279170407,NA,07-18-2010,NA,NA,MG,Digital Mammography X-Ray Image Storage - For Presentation,1.2.840.10008.5.1.4.1.1.1.2,2,8.79 MB,./CMMD/D1-0078/1.3.6.1.4.1.14519.5.2.1.1239.1759.966718957329840575708279170407/1.3.6.1.4.1.14519.5.2.1.1239.1759.107357309271002289383452114192,2025-12-02T10:06:04.450014503
1.3.6.1.4.1.14519.5.2.1.1239.1759.700145992478855903268348186902,CMMD,NO,https://doi.org/10.7937/tcia.eqde4b16,D1-0075,1.3.6.1.4.1.14519.5.2.1.1239.1759.673700007716121266414116634833,NA,07-18-2010,NA,NA,MG,Digital Mammography X-Ray Image Storage - For Presentation,1.2.840.10008.5.1.4.1.1.1.2,2,8.79 MB,./CMMD/D1-0075/1.3.6.1.4.1.14519.5.2.1.1239.1759.673700007716121266414116634833/1.3.6.1.4.1.14519.5.2.1.1239.1759.700145992478855903268348186902,2025-12-02T10:06:07.022028863
1.3.6.1.4.1.14519.5.2.1.1239.1759.185072982416304853699994342026,CMMD,NO,https://doi.org/10.7937/tcia.eqde4b16,D1-0071,1.3.6.1.4.1.14519.5.2.1.1239.1759.160940736156747632041602261588,NA,07-18-2010,NA,NA,MG,Digital Mammography X-Ray Image Storage - For Presentation,1.2.840.10008.5.1.4.1.1.1.2,2,8.79 MB,./CMMD/D1-0071/1.3.6.1.4.1.14519.5.2.1.1239.1759.160940736156747632041602261588/1.3.6.1.4.1.14519.5.2.1.1239.1759.185072982416304853699994342026,2025-12-02T10:06:09.72958193
1.3.6.1.4.1.14519.5.2.1.1239.1759.338300951189720547709155148343,CMMD,NO,https://doi.org/10.7937/tcia.eqde4b16,D1-0084,1.3.6.1.4.1.14519.5.2.1.1239.1759.213665555265793865922056091925,NA,07-18-2010,NA,NA,MG,Digital Mammography X-Ray Image Storage - For Presentation,1.2.840.10008.5.1.4.1.1.1.2,2,8.79 MB,./CMMD/D1-0084/1.3.6.1.4.1.14519.5.2.1.1239.1759.213665555265793865922056091925/1.3.6.1.4.1.14519.5.2.1.1239.1759.338300951189720547709155148343,2025-12-02T10:06:18.471202355
1.3.6.1.4.1.14519.5.2.1.1239.1759.180668250081669790878462335080,CMMD,NO,https://doi.org/10.7937/tcia.eqde4b16,D1-0085,1.3.6.1.4.1.14519.5.2.1.1239.1759.242367292304990661669450436192,NA,07-18-2010,NA,NA,MG,Digital Mammography X-Ray Image Storage - For Presentation,1.2.840.10008.5.1.4.1.1.1.2,2,8.79 MB,./CMMD/D1-0085/1.3.6.1.4.1.14519.5.2.1.1239.1759.242367292304990661669450436192/1.3.6.1.4.1.14519.5.2.1.1239.1759.180668250081669790878462335080,2025-12-02T10:06:25.819630881
1.3.6.1.4.1.14519.5.2.1.1239.1759.122025708079357435440270799089,CMMD,NO,https://doi.org/10.7937/tcia.eqde4b16,D1-0087,1.3.6.1.4.1.14519.5.2.1.1239.1759.434117845600871755201454634194,NA,07-18-2010,NA,NA,MG,Digital Mammography X-Ray Image Storage - For Presentation,1.2.840.10008.5.1.4.1.1.1.2,4,17.57 MB,./CMMD/D1-0087/1.3.6.1.4.1.14519.5.2.1.1239.1759.434117845600871755201454634194/1.3.6.1.4.1.14519.5.2.1.1239.1759.122025708079357435440270799089,2025-12-02T10:06:26.825093972
1.3.6.1.4.1.14519.5.2.1.1239.1759.158744290404541073650971986438,CMMD,NO,https://doi.org/10.7937/tcia.eqde4b16,D1-0089,1.3.6.1.4.1.14519.5.2.1.1239.1759.162557233401971800710390272385,NA,07-18-2010,NA,NA,MG,Digital Mammography X-Ray Image Storage - For Presentation,1.2.840.10008.5.1.4.1.1.1.2,4,17.57 MB,./CMMD/D1-0089/1.3.6.1.4.1.14519.5.2.1.1239.1759.162557233401971800710390272385/1.3.6.1.4.1.14519.5.2.1.1239.1759.158744290404541073650971986438,2025-12-02T10:06:35.045937685
1.3.6.1.4.1.14519.5.2.1.1239.1759.274348560214165549515657224895,CMMD,NO,https://doi.org/10.7937/tcia.eqde4b16,D1-0091,1.3.6.1.4.1.14519.5.2.1.1239.1759.204758927278806165186011116258,NA,07-18-2010,NA,NA,MG,Digital Mammography X-Ray Image Storage - For Presentation,1.2.840.10008.5.1.4.1.1.1.2,2,8.79 MB,./CMMD/D1-0091/1.3.6.1.4.1.14519.5.2.1.1239.1759.204758927278806165186011116258/1.3.6.1.4.1.14519.5.2.1.1239.1759.274348560214165549515657224895,2025-12-02T10:06:38.057602656
1.3.6.1.4.1.14519.5.2.1.1239.1759.155861235739055013430077200552,CMMD,NO,https://doi.org/10.7937/tcia.eqde4b16,D1-0101,1.3.6.1.4.1.14519.5.2.1.1239.1759.131657589342913484239758036396,NA,07-18-2010,NA,NA,MG,Digital Mammography X-Ray Image Storage - For Presentation,1.2.840.10008.5.1.4.1.1.1.2,2,8.79 MB,./CMMD/D1-0101/1.3.6.1.4.1.14519.5.2.1.1239.1759.131657589342913484239758036396/1.3.6.1.4.1.14519.5.2.1.1239.1759.155861235739055013430077200552,2025-12-02T10:06:40.777738157
1.3.6.1.4.1.14519.5.2.1.1239.1759.255777861789449875581792675633,CMMD,NO,https://doi.org/10.7937/tcia.eqde4b16,D1-0102,1.3.6.1.4.1.14519.5.2.1.1239.1759.315107068023437984726505619073,NA,07-18-2010,NA,NA,MG,Digital Mammography X-Ray Image Storage - For Presentation,1.2.840.10008.5.1.4.1.1.1.2,2,8.79 MB,./CMMD/D1-0102/1.3.6.1.4.1.14519.5.2.1.1239.1759.315107068023437984726505619073/1.3.6.1.4.1.14519.5.2.1.1239.1759.255777861789449875581792675633,2025-12-02T10:06:43.651326045
1.3.6.1.4.1.14519.5.2.1.1239.1759.512773095947501717482536943271,CMMD,NO,https://doi.org/10.7937/tcia.eqde4b16,D1-0103,1.3.6.1.4.1.14519.5.2.1.1239.1759.478649296439715754614277879651,NA,07-18-2010,NA,NA,MG,Digital Mammography X-Ray Image Storage - For Presentation,1.2.840.10008.5.1.4.1.1.1.2,2,8.79 MB,./CMMD/D1-0103/1.3.6.1.4.1.14519.5.2.1.1239.1759.478649296439715754614277879651/1.3.6.1.4.1.14519.5.2.1.1239.1759.512773095947501717482536943271,2025-12-02T10:06:51.75532789
1.3.6.1.4.1.14519.5.2.1.1239.1759.198706177177206715865840716134,CMMD,NO,https://doi.org/10.7937/tcia.eqde4b16,D1-0105,1.3.6.1.4.1.14519.5.2.1.1239.1759.321171230441585813264343653115,NA,07-18-2010,NA,NA,MG,Digital Mammography X-Ray Image Storage - For Presentation,1.2.840.10008.5.1.4.1.1.1.2,2,8.79 MB,./CMMD/D1-0105/1.3.6.1.4.1.14519.5.2.1.1239.1759.321171230441585813264343653115/1.3.6.1.4.1.14519.5.2.1.1239.1759.198706177177206715865840716134,2025-12-02T10:06:55.02781483
1.3.6.1.4.1.14519.5.2.1.1239.1759.239965903615477882519768049048,CMMD,NO,https://doi.org/10.7937/tcia.eqde4b16,D1-0106,1.3.6.1.4.1.14519.5.2.1.1239.1759.208579855308622363070005264440,NA,07-18-2010,NA,NA,MG,Digital Mammography X-Ray Image Storage - For Presentation,1.2.840.10008.5.1.4.1.1.1.2,2,8.79 MB,./CMMD/D1-0106/1.3.6.1.4.1.14519.5.2.1.1239.1759.208579855308622363070005264440/1.3.6.1.4.1.14519.5.2.1.1239.1759.239965903615477882519768049048,2025-12-02T10:06:57.453789828
1.3.6.1.4.1.14519.5.2.1.1239.1759.111603974389208876217096134826,CMMD,NO,https://doi.org/10.7937/tcia.eqde4b16,D1-0111,1.3.6.1.4.1.14519.5.2.1.1239.1759.274410521247508726059274227569,NA,07-18-2010,NA,NA,MG,Digital Mammography X-Ray Image Storage - For Presentation,1.2.840.10008.5.1.4.1.1.1.2,2,8.79 MB,./CMMD/D1-0111/1.3.6.1.4.1.14519.5.2.1.1239.1759.274410521247508726059274227569/1.3.6.1.4.1.14519.5.2.1.1239.1759.111603974389208876217096134826,2025-12-02T10:07:03.538535002
1.3.6.1.4.1.14519.5.2.1.1239.1759.142420321168601412430686755939,CMMD,NO,https://doi.org/10.7937/tcia.eqde4b16,D1-0107,1.3.6.1.4.1.14519.5.2.1.1239.1759.280345431647253241357473948156,NA,07-18-2010,NA,NA,MG,Digital Mammography X-Ray Image Storage - For Presentation,1.2.840.10008.5.1.4.1.1.1.2,2,8.79 MB,./CMMD/D1-0107/1.3.6.1.4.1.14519.5.2.1.1239.1759.280345431647253241357473948156/1.3.6.1.4.1.14519.5.2.1.1239.1759.142420321168601412430686755939,2025-12-02T10:07:03.853026935
1.3.6.1.4.1.14519.5.2.1.1239.1759.237854944818086206954780753446,CMMD,NO,https://doi.org/10.7937/tcia.eqde4b16,D1-0110,1.3.6.1.4.1.14519.5.2.1.1239.1759.504954043015802162570222254528,NA,07-18-2010,NA,NA,MG,Digital Mammography X-Ray Image Storage - For Presentation,1.2.840.10008.5.1.4.1.1.1.2,2,8.79 MB,./CMMD/D1-0110/1.3.6.1.4.1.14519.5.2.1.1239.1759.504954043015802162570222254528/1.3.6.1.4.1.14519.5.2.1.1239.1759.237854944818086206954780753446,2025-12-02T10:07:04.199529132
1.3.6.1.4.1.14519.5.2.1.1239.1759.604043764817402320711174480303,CMMD,NO,https://doi.org/10.7937/tcia.eqde4b16,D1-0112,1.3.6.1.4.1.14519.5.2.1.1239.1759.183327005796350432495737306719,NA,07-18-2010,NA,NA,MG,Digital Mammography X-Ray Image Storage - For Presentation,1.2.840.10008.5.1.4.1.1.1.2,2,8.79 MB,./CMMD/D1-0112/1.3.6.1.4.1.14519.5.2.1.1239.1759.183327005796350432495737306719/1.3.6.1.4.1.14519.5.2.1.1239.1759.604043764817402320711174480303,2025-12-02T10:07:12.547003753
1.3.6.1.4.1.14519.5.2.1.1239.1759.112509817510083653730018506082,CMMD,NO,https://doi.org/10.7937/tcia.eqde4b16,D1-0113,1.3.6.1.4.1.14519.5.2.1.1239.1759.128427958036161333137619412872,NA,07-18-2010,NA,NA,MG,Digital Mammography X-Ray Image Storage - For Presentation,1.2.840.10008.5.1.4.1.1.1.2,2,8.79 MB,./CMMD/D1-0113/1.3.6.1.4.1.14519.5.2.1.1239.1759.128427958036161333137619412872/1.3.6.1.4.1.14519.5.2.1.1239.1759.112509817510083653730018506082,2025-12-02T10:07:16.726255951
1.3.6.1.4.1.14519.5.2.1.1239.1759.317207588211895595004839135730,CMMD,NO,https://doi.org/10.7937/tcia.eqde4b16,D1-0116,1.3.6.1.4.1.14519.5.2.1.1239.1759.335881380984080028814361499871,NA,07-18-2010,NA,NA,MG,Digital Mammography X-Ray Image Storage - For Presentation,1.2.840.10008.5.1.4.1.1.1.2,2,8.79 MB,./CMMD/D1-0116/1.3.6.1.4.1.14519.5.2.1.1239.1759.335881380984080028814361499871/1.3.6.1.4.1.14519.5.2.1.1239.1759.317207588211895595004839135730,2025-12-02T10:07:20.0250786
1.3.6.1.4.1.14519.5.2.1.1239.1759.999080743440595941335973978940,CMMD,NO,https://doi.org/10.7937/tcia.eqde4b16,D1-0120,1.3.6.1.4.1.14519.5.2.1.1239.1759.865901907021872196889829814691,NA,07-18-2010,NA,NA,MG,Digital Mammography X-Ray Image Storage - For Presentation,1.2.840.10008.5.1.4.1.1.1.2,2,8.79 MB,./CMMD/D1-0120/1.3.6.1.4.1.14519.5.2.1.1239.1759.865901907021872196889829814691/1.3.6.1.4.1.14519.5.2.1.1239.1759.999080743440595941335973978940,2025-12-02T10:07:26.710554669
1.3.6.1.4.1.14519.5.2.1.1239.1759.103775940706105551320701147933,CMMD,NO,https://doi.org/10.7937/tcia.eqde4b16,D1-0122,1.3.6.1.4.1.14519.5.2.1.1239.1759.415896632909486459824372941816,NA,07-18-2010,NA,NA,MG,Digital Mammography X-Ray Image Storage - For Presentation,1.2.840.10008.5.1.4.1.1.1.2,2,8.79 MB,./CMMD/D1-0122/1.3.6.1.4.1.14519.5.2.1.1239.1759.415896632909486459824372941816/1.3.6.1.4.1.14519.5.2.1.1239.1759.103775940706105551320701147933,2025-12-02T10:07:28.690979654
1.3.6.1.4.1.14519.5.2.1.1239.1759.728066816809248474097033794316,CMMD,NO,https://doi.org/10.7937/tcia.eqde4b16,D1-0121,1.3.6.1.4.1.14519.5.2.1.1239.1759.128119825297566433418545248480,NA,07-18-2010,NA,NA,MG,Digital Mammography X-Ray Image Storage - For Presentation,1.2.840.10008.5.1.4.1.1.1.2,4,17.57 MB,./CMMD/D1-0121/1.3.6.1.4.1.14519.5.2.1.1239.1759.128119825297566433418545248480/1.3.6.1.4.1.14519.5.2.1.1239.1759.728066816809248474097033794316,2025-12-02T10:07:34.084840962
1.3.6.1.4.1.14519.5.2.1.1239.1759.641396493430356081640368439710,CMMD,NO,https://doi.org/10.7937/tcia.eqde4b16,D1-0124,1.3.6.1.4.1.14519.5.2.1.1239.1759.589385924552409553758288609844,NA,07-18-2010,NA,NA,MG,Digital Mammography X-Ray Image Storage - For Presentation,1.2.840.10008.5.1.4.1.1.1.2,2,8.79 MB,./CMMD/D1-0124/1.3.6.1.4.1.14519.5.2.1.1239.1759.589385924552409553758288609844/1.3.6.1.4.1.14519.5.2.1.1239.1759.641396493430356081640368439710,2025-12-02T10:07:42.929716759
1.3.6.1.4.1.14519.5.2.1.1239.1759.140204446715993821329746435910,CMMD,NO,https://doi.org/10.7937/tcia.eqde4b16,D1-0127,1.3.6.1.4.1.14519.5.2.1.1239.1759.330568696553641381970241260843,NA,07-18-2011,NA,NA,MG,Digital Mammography X-Ray Image Storage - For Presentation,1.2.840.10008.5.1.4.1.1.1.2,2,8.79 MB,./CMMD/D1-0127/1.3.6.1.4.1.14519.5.2.1.1239.1759.330568696553641381970241260843/1.3.6.1.4.1.14519.5.2.1.1239.1759.140204446715993821329746435910,2025-12-02T10:07:43.098704375
1.3.6.1.4.1.14519.5.2.1.1239.1759.136289873785116605863217542723,CMMD,NO,https://doi.org/10.7937/tcia.eqde4b16,D1-0129,1.3.6.1.4.1.14519.5.2.1.1239.1759.288399056767190294880627488601,NA,07-18-2011,NA,NA,MG,Digital Mammography X-Ray Image Storage - For Presentation,1.2.840.10008.5.1.4.1.1.1.2,2,8.79 MB,./CMMD/D1-0129/1.3.6.1.4.1.14519.5.2.1.1239.1759.288399056767190294880627488601/1.3.6.1.4.1.14519.5.2.1.1239.1759.136289873785116605863217542723,2025-12-02T10:07:48.231500447
1.3.6.1.4.1.14519.5.2.1.1239.1759.183009973460197949915994573016,CMMD,NO,https://doi.org/10.7937/tcia.eqde4b16,D1-0130,1.3.6.1.4.1.14519.5.2.1.1239.1759.123121079177568707503835149480,NA,07-18-2011,NA,NA,MG,Digital Mammography X-Ray Image Storage - For Presentation,1.2.840.10008.5.1.4.1.1.1.2,2,8.79 MB,./CMMD/D1-0130/1.3.6.1.4.1.14519.5.2.1.1239.1759.123121079177568707503835149480/1.3.6.1.4.1.14519.5.2.1.1239.1759.183009973460197949915994573016,2025-12-02T10:07:52.335198847
1.3.6.1.4.1.14519.5.2.1.1239.1759.145862518864925163027024114717,CMMD,NO,https://doi.org/10.7937/tcia.eqde4b16,D1-0131,1.3.6.1.4.1.14519.5.2.1.1239.1759.151047956193145606487369392180,NA,07-18-2011,NA,NA,MG,Digital Mammography X-Ray Image Storage - For Presentation,1.2.840.10008.5.1.4.1.1.1.2,2,8.79 MB,./CMMD/D1-0131/1.3.6.1.4.1.14519.5.2.1.1239.1759.151047956193145606487369392180/1.3.6.1.4.1.14519.5.2.1.1239.1759.145862518864925163027024114717,2025-12-02T10:07:52.775534141
1.3.6.1.4.1.14519.5.2.1.1239.1759.117239335739881961606675722498,CMMD,NO,https://doi.org/10.7937/tcia.eqde4b16,D1-0132,1.3.6.1.4.1.14519.5.2.1.1239.1759.132539116789475878841520970985,NA,07-18-2011,NA,NA,MG,Digital Mammography X-Ray Image Storage - For Presentation,1.2.840.10008.5.1.4.1.1.1.2,2,8.79 MB,./CMMD/D1-0132/1.3.6.1.4.1.14519.5.2.1.1239.1759.132539116789475878841520970985/1.3.6.1.4.1.14519.5.2.1.1239.1759.117239335739881961606675722498,2025-12-02T10:08:03.111056039
1.3.6.1.4.1.14519.5.2.1.1239.1759.287301999668216889887492741089,CMMD,NO,https://doi.org/10.7937/tcia.eqde4b16,D1-0133,1.3.6.1.4.1.14519.5.2.1.1239.1759.874217925815402543102365715810,NA,07-18-2011,NA,NA,MG,Digital Mammography X-Ray Image Storage - For Presentation,1.2.840.10008.5.1.4.1.1.1.2,2,8.79 MB,./CMMD/D1-0133/1.3.6.1.4.1.14519.5.2.1.1239.1759.874217925815402543102365715810/1.3.6.1.4.1.14519.5.2.1.1239.1759.287301999668216889887492741089,2025-12-02T10:08:04.928896283
1.3.6.1.4.1.14519.5.2.1.1239.1759.225829766328759215844580247266,CMMD,NO,https://doi.org/10.7937/tcia.eqde4b16,D1-0134,1.3.6.1.4.1.14519.5.2.1.1239.1759.265551225250028423120905845187,NA,07-18-2011,NA,NA,MG,Digital Mammography X-Ray Image Storage - For Presentation,1.2.840.10008.5.1.4.1.1.1.2,2,8.79 MB,./CMMD/D1-0134/1.3.6.1.4.1.14519.5.2.1.1239.1759.265551225250028423120905845187/1.3.6.1.4.1.14519.5.2.1.1239.1759.225829766328759215844580247266,2025-12-02T10:08:09.496286528
1.3.6.1.4.1.14519.5.2.1.1239.1759.247459561946193961937216722632,CMMD,NO,https://doi.org/10.7937/tcia.eqde4b16,D1-0135,1.3.6.1.4.1.14519.5.2.1.1239.1759.112801899588254507172704720780,NA,07-18-2011,NA,NA,MG,Digital Mammography X-Ray Image Storage - For Presentation,1.2.840.10008.5.1.4.1.1.1.2,2,8.79 MB,./CMMD/D1-0135/1.3.6.1.4.1.14519.5.2.1.1239.1759.112801899588254507172704720780/1.3.6.1.4.1.14519.5.2.1.1239.1759.247459561946193961937216722632,2025-12-02T10:08:18.349934631
1.3.6.1.4.1.14519.5.2.1.1239.1759.105615895879778211559410235664,CMMD,NO,https://doi.org/10.7937/tcia.eqde4b16,D1-0140,1.3.6.1.4.1.14519.5.2.1.1239.1759.111393679253267822908245940281,NA,07-18-2011,NA,NA,MG,Digital Mammography X-Ray Image Storage - For Presentation,1.2.840.10008.5.1.4.1.1.1.2,2,8.79 MB,./CMMD/D1-0140/1.3.6.1.4.1.14519.5.2.1.1239.1759.111393679253267822908245940281/1.3.6.1.4.1.14519.5.2.1.1239.1759.105615895879778211559410235664,2025-12-02T10:08:18.798793082
1.3.6.1.4.1.14519.5.2.1.1239.1759.335018261556508644226154014545,CMMD,NO,https://doi.org/10.7937/tcia.eqde4b16,D1-0142,1.3.6.1.4.1.14519.5.2.1.1239.1759.263069727990307262281237100427,NA,07-18-2011,NA,NA,MG,Digital Mammography X-Ray Image Storage - For Presentation,1.2.840.10008.5.1.4.1.1.1.2,2,8.79 MB,./CMMD/D1-0142/1.3.6.1.4.1.14519.5.2.1.1239.1759.263069727990307262281237100427/1.3.6.1.4.1.14519.5.2.1.1239.1759.335018261556508644226154014545,2025-12-02T10:08:23.792220426
1.3.6.1.4.1.14519.5.2.1.1239.1759.317894919148110994997534799153,CMMD,NO,https://doi.org/10.7937/tcia.eqde4b16,D1-0147,1.3.6.1.4.1.14519.5.2.1.1239.1759.324499107733685323202155248137,NA,07-18-2011,NA,NA,MG,Digital Mammography X-Ray Image Storage - For Presentation,1.2.840.10008.5.1.4.1.1.1.2,2,8.79 MB,./CMMD/D1-0147/1.3.6.1.4.1.14519.5.2.1.1239.1759.324499107733685323202155248137/1.3.6.1.4.1.14519.5.2.1.1239.1759.317894919148110994997534799153,2025-12-02T10:08:30.699329169
1.3.6.1.4.1.14519.5.2.1.1239.1759.328325142067719163056500117569,CMMD,NO,https://doi.org/10.7937/tcia.eqde4b16,D1-0143,1.3.6.1.4.1.14519.5.2.1.1239.1759.123999242989995878645343857718,NA,07-18-2011,NA,NA,MG,Digital Mammography X-Ray Image Storage - For Presentation,1.2.840.10008.5.1.4.1.1.1.2,2,8.79 MB,./CMMD/D1-0143/1.3.6.1.4.1.14519.5.2.1.1239.1759.123999242989995878645343857718/1.3.6.1.4.1.14519.5.2.1.1239.1759.328325142067719163056500117569,2025-12-02T10:08:32.587256473
1.3.6.1.4.1.14519.5.2.1.1239.1759.198639249172579301762605935100,CMMD,NO,https://doi.org/10.7937/tcia.eqde4b16,D1-0148,1.3.6.1.4.1.14519.5.2.1.1239.1759.310931866423381628351040106417,NA,07-18-2011,NA,NA,MG,Digital Mammography X-Ray Image Storage - For Presentation,1.2.840.10008.5.1.4.1.1.1.2,2,8.79 MB,./CMMD/D1-0148/1.3.6.1.4.1.14519.5.2.1.1239.1759.310931866423381628351040106417/1.3.6.1.4.1.14519.5.2.1.1239.1759.198639249172579301762605935100,2025-12-02T10:08:38.149008562
1.3.6.1.4.1.14519.5.2.1.1239.1759.185886740990332059946666887355,CMMD,NO,https://doi.org/10.7937/tcia.eqde4b16,D1-0152,1.3.6.1.4.1.14519.5.2.1.1239.1759.221909770383442141250781468189,NA,07-18-2011,NA,NA,MG,Digital Mammography X-Ray Image Storage - For Presentation,1.2.840.10008.5.1.4.1.1.1.2,2,8.79 MB,./CMMD/D1-0152/1.3.6.1.4.1.14519.5.2.1.1239.1759.221909770383442141250781468189/1.3.6.1.4.1.14519.5.2.1.1239.1759.185886740990332059946666887355,2025-12-02T10:08:42.111005103
1.3.6.1.4.1.14519.5.2.1.1239.1759.141318544509189880152621196996,CMMD,NO,https://doi.org/10.7937/tcia.eqde4b16,D1-0154,1.3.6.1.4.1.14519.5.2.1.1239.1759.237230889814737534013192126087,NA,07-18-2011,NA,NA,MG,Digital Mammography X-Ray Image Storage - For Presentation,1.2.840.10008.5.1.4.1.1.1.2,2,8.79 MB,./CMMD/D1-0154/1.3.6.1.4.1.14519.5.2.1.1239.1759.237230889814737534013192126087/1.3.6.1.4.1.14519.5.2.1.1239.1759.141318544509189880152621196996,2025-12-02T10:08:50.716877155
1.3.6.1.4.1.14519.5.2.1.1239.1759.329645096495385397815379765756,CMMD,NO,https://doi.org/10.7937/tcia.eqde4b16,D1-0157,1.3.6.1.4.1.14519.5.2.1.1239.1759.328014460422506725920964471416,NA,07-18-2011,NA,NA,MG,Digital Mammography X-Ray Image Storage - For Presentation,1.2.840.10008.5.1.4.1.1.1.2,2,8.79 MB,./CMMD/D1-0157/1.3.6.1.4.1.14519.5.2.1.1239.1759.328014460422506725920964471416/1.3.6.1.4.1.14519.5.2.1.1239.1759.329645096495385397815379765756,2025-12-02T10:08:52.596788842
1.3.6.1.4.1.14519.5.2.1.1239.1759.241784832109416798502099435996,CMMD,NO,https://doi.org/10.7937/tcia.eqde4b16,D1-0162,1.3.6.1.4.1.14519.5.2.1.1239.1759.278182588667984895037638260749,NA,07-18-2011,NA,NA,MG,Digital Mammography X-Ray Image Storage - For Presentation,1.2.840.10008.5.1.4.1.1.1.2,2,8.79 MB,./CMMD/D1-0162/1.3.6.1.4.1.14519.5.2.1.1239.1759.278182588667984895037638260749/1.3.6.1.4.1.14519.5.2.1.1239.1759.241784832109416798502099435996,2025-12-02T10:09:02.122651671
1.3.6.1.4.1.14519.5.2.1.1239.1759.202735017516066920237081709056,CMMD,NO,https://doi.org/10.7937/tcia.eqde4b16,D1-0161,1.3.6.1.4.1.14519.5.2.1.1239.1759.905858333279527273793316501867,NA,07-18-2011,NA,NA,MG,Digital Mammography X-Ray Image Storage - For Presentation,1.2.840.10008.5.1.4.1.1.1.2,2,8.79 MB,./CMMD/D1-0161/1.3.6.1.4.1.14519.5.2.1.1239.1759.905858333279527273793316501867/1.3.6.1.4.1.14519.5.2.1.1239.1759.202735017516066920237081709056,2025-12-02T10:09:07.402416803
1.3.6.1.4.1.14519.5.2.1.1239.1759.317627955747500798748062452416,CMMD,NO,https://doi.org/10.7937/tcia.eqde4b16,D1-0168,1.3.6.1.4.1.14519.5.2.1.1239.1759.109816306770398151424408565570,NA,07-18-2011,NA,NA,MG,Digital Mammography X-Ray Image Storage - For Presentation,1.2.840.10008.5.1.4.1.1.1.2,2,8.79 MB,./CMMD/D1-0168/1.3.6.1.4.1.14519.5.2.1.1239.1759.109816306770398151424408565570/1.3.6.1.4.1.14519.5.2.1.1239.1759.317627955747500798748062452416,2025-12-02T10:09:21.018544537
1.3.6.1.4.1.14519.5.2.1.1239.1759.343664646906446231946266803658,CMMD,NO,https://doi.org/10.7937/tcia.eqde4b16,D1-0163,1.3.6.1.4.1.14519.5.2.1.1239.1759.213408710862167189593015392586,NA,07-18-2011,NA,NA,MG,Digital Mammography X-Ray Image Storage - For Presentation,1.2.840.10008.5.1.4.1.1.1.2,2,8.79 MB,./CMMD/D1-0163/1.3.6.1.4.1.14519.5.2.1.1239.1759.213408710862167189593015392586/1.3.6.1.4.1.14519.5.2.1.1239.1759.343664646906446231946266803658,2025-12-02T10:09:23.209948852
1.3.6.1.4.1.14519.5.2.1.1239.1759.152247763804053569409848882301,CMMD,NO,https://doi.org/10.7937/tcia.eqde4b16,D1-0149,1.3.6.1.4.1.14519.5.2.1.1239.1759.155626010814727216570092541952,NA,07-18-2011,NA,NA,MG,Digital Mammography X-Ray Image Storage - For Presentation,1.2.840.10008.5.1.4.1.1.1.2,2,8.79 MB,./CMMD/D1-0149/1.3.6.1.4.1.14519.5.2.1.1239.1759.155626010814727216570092541952/1.3.6.1.4.1.14519.5.2.1.1239.1759.152247763804053569409848882301,2025-12-02T10:09:26.122618636
1.3.6.1.4.1.14519.5.2.1.1239.1759.729699130009006558139038334173,CMMD,NO,https://doi.org/10.7937/tcia.eqde4b16,D1-0169,1.3.6.1.4.1.14519.5.2.1.1239.1759.120807575921375211494393497260,NA,07-18-2011,NA,NA,MG,Digital Mammography X-Ray Image Storage - For Presentation,1.2.840.10008.5.1.4.1.1.1.2,2,8.79 MB,./CMMD/D1-0169/1.3.6.1.4.1.14519.5.2.1.1239.1759.120807575921375211494393497260/1.3.6.1.4.1.14519.5.2.1.1239.1759.729699130009006558139038334173,2025-12-02T10:09:34.963124118
1.3.6.1.4.1.14519.5.2.1.1239.1759.165830621039788105632027065162,CMMD,NO,https://doi.org/10.7937/tcia.eqde4b16,D1-0171,1.3.6.1.4.1.14519.5.2.1.1239.1759.228297367430815420985082589121,NA,07-18-2011,NA,NA,MG,Digital Mammography X-Ray Image Storage - For Presentation,1.2.840.10008.5.1.4.1.1.1.2,2,8.79 MB,./CMMD/D1-0171/1.3.6.1.4.1.14519.5.2.1.1239.1759.228297367430815420985082589121/1.3.6.1.4.1.14519.5.2.1.1239.1759.165830621039788105632027065162,2025-12-02T10:09:37.098300266
1.3.6.1.4.1.14519.5.2.1.1239.1759.390741483168325864881869664397,CMMD,NO,https://doi.org/10.7937/tcia.eqde4b16,D1-0173,1.3.6.1.4.1.14519.5.2.1.1239.1759.240720706127699332907488933756,NA,07-18-2011,NA,NA,MG,Digital Mammography X-Ray Image Storage - For Presentation,1.2.840.10008.5.1.4.1.1.1.2,4,17.57 MB,./CMMD/D1-0173/1.3.6.1.4.1.14519.5.2.1.1239.1759.240720706127699332907488933756/1.3.6.1.4.1.14519.5.2.1.1239.1759.390741483168325864881869664397,2025-12-02T10:09:42.001735566
1.3.6.1.4.1.14519.5.2.1.1239.1759.190653781182356126966691267457,CMMD,NO,https://doi.org/10.7937/tcia.eqde4b16,D1-0176,1.3.6.1.4.1.14519.5.2.1.1239.1759.119184947372127296267912928817,NA,07-18-2011,NA,NA,MG,Digital Mammography X-Ray Image Storage - For Presentation,1.2.840.10008.5.1.4.1.1.1.2,2,8.79 MB,./CMMD/D1-0176/1.3.6.1.4.1.14519.5.2.1.1239.1759.119184947372127296267912928817/1.3.6.1.4.1.14519.5.2.1.1239.1759.190653781182356126966691267457,2025-12-02T10:09:49.254052929
1.3.6.1.4.1.14519.5.2.1.1239.1759.215173452920759750503391285749,CMMD,NO,https://doi.org/10.7937/tcia.eqde4b16,D1-0178,1.3.6.1.4.1.14519.5.2.1.1239.1759.104419668376100661158354025879,NA,07-18-2011,NA,NA,MG,Digital Mammography X-Ray Image Storage - For Presentation,1.2.840.10008.5.1.4.1.1.1.2,2,8.79 MB,./CMMD/D1-0178/1.3.6.1.4.1.14519.5.2.1.1239.1759.104419668376100661158354025879/1.3.6.1.4.1.14519.5.2.1.1239.1759.215173452920759750503391285749,2025-12-02T10:09:50.951335053
1.3.6.1.4.1.14519.5.2.1.1239.1759.152126440034258047470151602088,CMMD,NO,https://doi.org/10.7937/tcia.eqde4b16,D1-0180,1.3.6.1.4.1.14519.5.2.1.1239.1759.204255510031906868097929645435,NA,07-18-2011,NA,NA,MG,Digital Mammography X-Ray Image Storage - For Presentation,1.2.840.10008.5.1.4.1.1.1.2,2,8.79 MB,./CMMD/D1-0180/1.3.6.1.4.1.14519.5.2.1.1239.1759.204255510031906868097929645435/1.3.6.1.4.1.14519.5.2.1.1239.1759.152126440034258047470151602088,2025-12-02T10:09:55.879583275
1.3.6.1.4.1.14519.5.2.1.1239.1759.326736164208931473657152404350,CMMD,NO,https://doi.org/10.7937/tcia.eqde4b16,D1-0181,1.3.6.1.4.1.14519.5.2.1.1239.1759.735817115559077284618883339704,NA,07-18-2011,NA,NA,MG,Digital Mammography X-Ray Image Storage - For Presentation,1.2.840.10008.5.1.4.1.1.1.2,2,8.79 MB,./CMMD/D1-0181/1.3.6.1.4.1.14519.5.2.1.1239.1759.735817115559077284618883339704/1.3.6.1.4.1.14519.5.2.1.1239.1759.326736164208931473657152404350,2025-12-02T10:10:00.914335219
1.3.6.1.4.1.14519.5.2.1.1239.1759.159160476544722927154088982655,CMMD,NO,https://doi.org/10.7937/tcia.eqde4b16,D1-0182,1.3.6.1.4.1.14519.5.2.1.1239.1759.463168887823795346953588146055,NA,07-18-2011,NA,NA,MG,Digital Mammography X-Ray Image Storage - For Presentation,1.2.840.10008.5.1.4.1.1.1.2,2,8.79 MB,./CMMD/D1-0182/1.3.6.1.4.1.14519.5.2.1.1239.1759.463168887823795346953588146055/1.3.6.1.4.1.14519.5.2.1.1239.1759.159160476544722927154088982655,2025-12-02T10:10:05.037725883
1.3.6.1.4.1.14519.5.2.1.1239.1759.111884975620587225533331778105,CMMD,NO,https://doi.org/10.7937/tcia.eqde4b16,D1-0183,1.3.6.1.4.1.14519.5.2.1.1239.1759.463750671037348117299992426170,NA,07-18-2011,NA,NA,MG,Digital Mammography X-Ray Image Storage - For Presentation,1.2.840.10008.5.1.4.1.1.1.2,2,8.79 MB,./CMMD/D1-0183/1.3.6.1.4.1.14519.5.2.1.1239.1759.463750671037348117299992426170/1.3.6.1.4.1.14519.5.2.1.1239.1759.111884975620587225533331778105,2025-12-02T10:10:10.318465697
1.3.6.1.4.1.14519.5.2.1.1239.1759.297216145972370888422020229917,CMMD,NO,https://doi.org/10.7937/tcia.eqde4b16,D1-0184,1.3.6.1.4.1.14519.5.2.1.1239.1759.108226728090807674729958861716,NA,07-18-2011,NA,NA,MG,Digital Mammography X-Ray Image Storage - For Presentation,1.2.840.10008.5.1.4.1.1.1.2,2,8.79 MB,./CMMD/D1-0184/1.3.6.1.4.1.14519.5.2.1.1239.1759.108226728090807674729958861716/1.3.6.1.4.1.14519.5.2.1.1239.1759.297216145972370888422020229917,2025-12-02T10:10:15.231966272
1.3.6.1.4.1.14519.5.2.1.1239.1759.300033306538461446625549133711,CMMD,NO,https://doi.org/10.7937/tcia.eqde4b16,D1-0188,1.3.6.1.4.1.14519.5.2.1.1239.1759.339911799800097569751886972259,NA,07-18-2011,NA,NA,MG,Digital Mammography X-Ray Image Storage - For Presentation,1.2.840.10008.5.1.4.1.1.1.2,2,8.79 MB,./CMMD/D1-0188/1.3.6.1.4.1.14519.5.2.1.1239.1759.339911799800097569751886972259/1.3.6.1.4.1.14519.5.2.1.1239.1759.300033306538461446625549133711,2025-12-02T10:10:16.738629143
1.3.6.1.4.1.14519.5.2.1.1239.1759.256948748098037415924031103778,CMMD,NO,https://doi.org/10.7937/tcia.eqde4b16,D1-0189,1.3.6.1.4.1.14519.5.2.1.1239.1759.840426178082202078723697752569,NA,07-18-2011,NA,NA,MG,Digital Mammography X-Ray Image Storage - For Presentation,1.2.840.10008.5.1.4.1.1.1.2,2,8.79 MB,./CMMD/D1-0189/1.3.6.1.4.1.14519.5.2.1.1239.1759.840426178082202078723697752569/1.3.6.1.4.1.14519.5.2.1.1239.1759.256948748098037415924031103778,2025-12-02T10:10:25.112512585
1.3.6.1.4.1.14519.5.2.1.1239.1759.177254472929326032745227349609,CMMD,NO,https://doi.org/10.7937/tcia.eqde4b16,D1-0191,1.3.6.1.4.1.14519.5.2.1.1239.1759.393508248175422866961578454800,NA,07-18-2011,NA,NA,MG,Digital Mammography X-Ray Image Storage - For Presentation,1.2.840.10008.5.1.4.1.1.1.2,2,8.79 MB,./CMMD/D1-0191/1.3.6.1.4.1.14519.5.2.1.1239.1759.393508248175422866961578454800/1.3.6.1.4.1.14519.5.2.1.1239.1759.177254472929326032745227349609,2025-12-02T10:10:31.481768992
1.3.6.1.4.1.14519.5.2.1.1239.1759.160601364090997671439470576529,CMMD,NO,https://doi.org/10.7937/tcia.eqde4b16,D1-0192,1.3.6.1.4.1.14519.5.2.1.1239.1759.305474843989449211140684982517,NA,07-18-2011,NA,NA,MG,Digital Mammography X-Ray Image Storage - For Presentation,1.2.840.10008.5.1.4.1.1.1.2,2,8.79 MB,./CMMD/D1-0192/1.3.6.1.4.1.14519.5.2.1.1239.1759.305474843989449211140684982517/1.3.6.1.4.1.14519.5.2.1.1239.1759.160601364090997671439470576529,2025-12-02T10:10:34.145690731
1.3.6.1.4.1.14519.5.2.1.1239.1759.820659422963527831057497990635,CMMD,NO,https://doi.org/10.7937/tcia.eqde4b16,D1-0194,1.3.6.1.4.1.14519.5.2.1.1239.1759.233875890480482779513698473158,NA,07-18-2011,NA,NA,MG,Digital Mammography X-Ray Image Storage - For Presentation,1.2.840.10008.5.1.4.1.1.1.2,2,8.79 MB,./CMMD/D1-0194/1.3.6.1.4.1.14519.5.2.1.1239.1759.233875890480482779513698473158/1.3.6.1.4.1.14519.5.2.1.1239.1759.820659422963527831057497990635,2025-12-02T10:10:40.464274459
1.3.6.1.4.1.14519.5.2.1.1239.1759.208388523265061923556115422263,CMMD,NO,https://doi.org/10.7937/tcia.eqde4b16,D1-0196,1.3.6.1.4.1.14519.5.2.1.1239.1759.127153589250165456933935385761,NA,07-18-2011,NA,NA,MG,Digital Mammography X-Ray Image Storage - For Presentation,1.2.840.10008.5.1.4.1.1.1.2,2,8.79 MB,./CMMD/D1-0196/1.3.6.1.4.1.14519.5.2.1.1239.1759.127153589250165456933935385761/1.3.6.1.4.1.14519.5.2.1.1239.1759.208388523265061923556115422263,2025-12-02T10:10:46.012531682
1.3.6.1.4.1.14519.5.2.1.1239.1759.960330589852777276709286931940,CMMD,NO,https://doi.org/10.7937/tcia.eqde4b16,D1-0200,1.3.6.1.4.1.14519.5.2.1.1239.1759.504629798944848582891973544092,NA,07-18-2011,NA,NA,MG,Digital Mammography X-Ray Image Storage - For Presentation,1.2.840.10008.5.1.4.1.1.1.2,2,8.79 MB,./CMMD/D1-0200/1.3.6.1.4.1.14519.5.2.1.1239.1759.504629798944848582891973544092/1.3.6.1.4.1.14519.5.2.1.1239.1759.960330589852777276709286931940,2025-12-02T10:10:54.980969888
1.3.6.1.4.1.14519.5.2.1.1239.1759.697997330756043689572949597647,CMMD,NO,https://doi.org/10.7937/tcia.eqde4b16,D1-0199,1.3.6.1.4.1.14519.5.2.1.1239.1759.487960930838415025369870149231,NA,07-18-2011,NA,NA,MG,Digital Mammography X-Ray Image Storage - For Presentation,1.2.840.10008.5.1.4.1.1.1.2,2,8.79 MB,./CMMD/D1-0199/1.3.6.1.4.1.14519.5.2.1.1239.1759.487960930838415025369870149231/1.3.6.1.4.1.14519.5.2.1.1239.1759.697997330756043689572949597647,2025-12-02T10:10:57.683226779
1.3.6.1.4.1.14519.5.2.1.1239.1759.162581610793921652120680071241,CMMD,NO,https://doi.org/10.7937/tcia.eqde4b16,D1-0201,1.3.6.1.4.1.14519.5.2.1.1239.1759.281934715412008003341128512493,NA,07-18-2011,NA,NA,MG,Digital Mammography X-Ray Image Storage - For Presentation,1.2.840.10008.5.1.4.1.1.1.2,2,8.79 MB,./CMMD/D1-0201/1.3.6.1.4.1.14519.5.2.1.1239.1759.281934715412008003341128512493/1.3.6.1.4.1.14519.5.2.1.1239.1759.162581610793921652120680071241,2025-12-02T10:11:00.34498134
1.3.6.1.4.1.14519.5.2.1.1239.1759.327513455426445880368937731072,CMMD,NO,https://doi.org/10.7937/tcia.eqde4b16,D1-0202,1.3.6.1.4.1.14519.5.2.1.1239.1759.102971875360946578942517826294,NA,07-18-2011,NA,NA,MG,Digital Mammography X-Ray Image Storage - For Presentation,1.2.840.10008.5.1.4.1.1.1.2,4,17.57 MB,./CMMD/D1-0202/1.3.6.1.4.1.14519.5.2.1.1239.1759.102971875360946578942517826294/1.3.6.1.4.1.14519.5.2.1.1239.1759.327513455426445880368937731072,2025-12-02T10:11:08.846777405
1.3.6.1.4.1.14519.5.2.1.1239.1759.232184280477388546177340920468,CMMD,NO,https://doi.org/10.7937/tcia.eqde4b16,D1-0203,1.3.6.1.4.1.14519.5.2.1.1239.1759.293447705219942264242626011294,NA,07-18-2011,NA,NA,MG,Digital Mammography X-Ray Image Storage - For Presentation,1.2.840.10008.5.1.4.1.1.1.2,4,17.57 MB,./CMMD/D1-0203/1.3.6.1.4.1.14519.5.2.1.1239.1759.293447705219942264242626011294/1.3.6.1.4.1.14519.5.2.1.1239.1759.232184280477388546177340920468,2025-12-02T10:11:15.504491918
1.3.6.1.4.1.14519.5.2.1.1239.1759.121381750152518307208745975911,CMMD,NO,https://doi.org/10.7937/tcia.eqde4b16,D1-0204,1.3.6.1.4.1.14519.5.2.1.1239.1759.541438320057849430071882726332,NA,07-18-2011,NA,NA,MG,Digital Mammography X-Ray Image Storage - For Presentation,1.2.840.10008.5.1.4.1.1.1.2,2,8.79 MB,./CMMD/D1-0204/1.3.6.1.4.1.14519.5.2.1.1239.1759.541438320057849430071882726332/1.3.6.1.4.1.14519.5.2.1.1239.1759.121381750152518307208745975911,2025-12-02T10:11:16.423430046
1.3.6.1.4.1.14519.5.2.1.1239.1759.250752031716499663533872527191,CMMD,NO,https://doi.org/10.7937/tcia.eqde4b16,D1-0207,1.3.6.1.4.1.14519.5.2.1.1239.1759.105525870202219626361080615288,NA,07-18-2011,NA,NA,MG,Digital Mammography X-Ray Image Storage - For Presentation,1.2.840.10008.5.1.4.1.1.1.2,4,17.57 MB,./CMMD/D1-0207/1.3.6.1.4.1.14519.5.2.1.1239.1759.105525870202219626361080615288/1.3.6.1.4.1.14519.5.2.1.1239.1759.250752031716499663533872527191,2025-12-02T10:11:29.983843814
1.3.6.1.4.1.14519.5.2.1.1239.1759.282703996363591611666716328579,CMMD,NO,https://doi.org/10.7937/tcia.eqde4b16,D1-0208,1.3.6.1.4.1.14519.5.2.1.1239.1759.209590043866925276642935791674,NA,07-18-2011,NA,NA,MG,Digital Mammography X-Ray Image Storage - For Presentation,1.2.840.10008.5.1.4.1.1.1.2,2,8.79 MB,./CMMD/D1-0208/1.3.6.1.4.1.14519.5.2.1.1239.1759.209590043866925276642935791674/1.3.6.1.4.1.14519.5.2.1.1239.1759.282703996363591611666716328579,2025-12-02T10:11:38.177613474
1.3.6.1.4.1.14519.5.2.1.1239.1759.243259965705539640428943887505,CMMD,NO,https://doi.org/10.7937/tcia.eqde4b16,D1-0211,1.3.6.1.4.1.14519.5.2.1.1239.1759.133315871527408875170711340907,NA,07-18-2011,NA,NA,MG,Digital Mammography X-Ray Image Storage - For Presentation,1.2.840.10008.5.1.4.1.1.1.2,2,8.79 MB,./CMMD/D1-0211/1.3.6.1.4.1.14519.5.2.1.1239.1759.133315871527408875170711340907/1.3.6.1.4.1.14519.5.2.1.1239.1759.243259965705539640428943887505,2025-12-02T10:11:41.901298941
1.3.6.1.4.1.14519.5.2.1.1239.1759.288442775928961329411539958660,CMMD,NO,https://doi.org/10.7937/tcia.eqde4b16,D1-0213,1.3.6.1.4.1.14519.5.2.1.1239.1759.206222893325927721516403797028,NA,07-18-2011,NA,NA,MG,Digital Mammography X-Ray Image Storage - For Presentation,1.2.840.10008.5.1.4.1.1.1.2,4,17.57 MB,./CMMD/D1-0213/1.3.6.1.4.1.14519.5.2.1.1239.1759.206222893325927721516403797028/1.3.6.1.4.1.14519.5.2.1.1239.1759.288442775928961329411539958660,2025-12-02T10:11:44.949920559
1.3.6.1.4.1.14519.5.2.1.1239.1759.432029701384143539029592776175,CMMD,NO,https://doi.org/10.7937/tcia.eqde4b16,D1-0217,1.3.6.1.4.1.14519.5.2.1.1239.1759.274566186935620281828227959216,NA,07-18-2011,NA,NA,MG,Digital Mammography X-Ray Image Storage - For Presentation,1.2.840.10008.5.1.4.1.1.1.2,2,8.79 MB,./CMMD/D1-0217/1.3.6.1.4.1.14519.5.2.1.1239.1759.274566186935620281828227959216/1.3.6.1.4.1.14519.5.2.1.1239.1759.432029701384143539029592776175,2025-12-02T10:11:59.036054768
1.3.6.1.4.1.14519.5.2.1.1239.1759.309139513774654197645603488851,CMMD,NO,https://doi.org/10.7937/tcia.eqde4b16,D1-0215,1.3.6.1.4.1.14519.5.2.1.1239.1759.297698079450861400992836927408,NA,07-18-2011,NA,NA,MG,Digital Mammography X-Ray Image Storage - For Presentation,1.2.840.10008.5.1.4.1.1.1.2,2,8.79 MB,./CMMD/D1-0215/1.3.6.1.4.1.14519.5.2.1.1239.1759.297698079450861400992836927408/1.3.6.1.4.1.14519.5.2.1.1239.1759.309139513774654197645603488851,2025-12-02T10:12:02.340305387
1.3.6.1.4.1.14519.5.2.1.1239.1759.294866432870138907431528485780,CMMD,NO,https://doi.org/10.7937/tcia.eqde4b16,D1-0220,1.3.6.1.4.1.14519.5.2.1.1239.1759.528344927831748126657462113435,NA,07-18-2011,NA,NA,MG,Digital Mammography X-Ray Image Storage - For Presentation,1.2.840.10008.5.1.4.1.1.1.2,2,8.79 MB,./CMMD/D1-0220/1.3.6.1.4.1.14519.5.2.1.1239.1759.528344927831748126657462113435/1.3.6.1.4.1.14519.5.2.1.1239.1759.294866432870138907431528485780,2025-12-02T10:12:02.624878648
1.3.6.1.4.1.14519.5.2.1.1239.1759.131537742530026835874571607673,CMMD,NO,https://doi.org/10.7937/tcia.eqde4b16,D1-0225,1.3.6.1.4.1.14519.5.2.1.1239.1759.237288306697473567446561911393,NA,07-18-2011,NA,NA,MG,Digital Mammography X-Ray Image Storage - For Presentation,1.2.840.10008.5.1.4.1.1.1.2,2,8.79 MB,./CMMD/D1-0225/1.3.6.1.4.1.14519.5.2.1.1239.1759.237288306697473567446561911393/1.3.6.1.4.1.14519.5.2.1.1239.1759.131537742530026835874571607673,2025-12-02T10:12:13.578815206
1.3.6.1.4.1.14519.5.2.1.1239.1759.236553548057337118133630763212,CMMD,NO,https://doi.org/10.7937/tcia.eqde4b16,D1-0221,1.3.6.1.4.1.14519.5.2.1.1239.1759.823527852266550344786021639948,NA,07-18-2011,NA,NA,MG,Digital Mammography X-Ray Image Storage - For Presentation,1.2.840.10008.5.1.4.1.1.1.2,4,17.57 MB,./CMMD/D1-0221/1.3.6.1.4.1.14519.5.2.1.1239.1759.823527852266550344786021639948/1.3.6.1.4.1.14519.5.2.1.1239.1759.236553548057337118133630763212,2025-12-02T10:12:15.094583415
1.3.6.1.4.1.14519.5.2.1.1239.1759.195736625488115189253481300922,CMMD,NO,https://doi.org/10.7937/tcia.eqde4b16,D1-0223,1.3.6.1.4.1.14519.5.2.1.1239.1759.265881034527150108340056284904,NA,07-18-2011,NA,NA,MG,Digital Mammography X-Ray Image Storage - For Presentation,1.2.840.10008.5.1.4.1.1.1.2,4,17.57 MB,./CMMD/D1-0223/1.3.6.1.4.1.14519.5.2.1.1239.1759.265881034527150108340056284904/1.3.6.1.4.1.14519.5.2.1.1239.1759.195736625488115189253481300922,2025-12-02T10:12:18.913830329
1.3.6.1.4.1.14519.5.2.1.1239.1759.255841072853750003054221163812,CMMD,NO,https://doi.org/10.7937/tcia.eqde4b16,D1-0226,1.3.6.1.4.1.14519.5.2.1.1239.1759.619389643178713689624542361699,NA,07-18-2011,NA,NA,MG,Digital Mammography X-Ray Image Storage - For Presentation,1.2.840.10008.5.1.4.1.1.1.2,2,8.79 MB,./CMMD/D1-0226/1.3.6.1.4.1.14519.5.2.1.1239.1759.619389643178713689624542361699/1.3.6.1.4.1.14519.5.2.1.1239.1759.255841072853750003054221163812,2025-12-02T10:12:26.328553352
1.3.6.1.4.1.14519.5.2.1.1239.1759.139291401930596892836370098470,CMMD,NO,https://doi.org/10.7937/tcia.eqde4b16,D1-0227,1.3.6.1.4.1.14519.5.2.1.1239.1759.303944401136541912315579580225,NA,07-18-2011,NA,NA,MG,Digital Mammography X-Ray Image Storage - For Presentation,1.2.840.10008.5.1.4.1.1.1.2,2,8.79 MB,./CMMD/D1-0227/1.3.6.1.4.1.14519.5.2.1.1239.1759.303944401136541912315579580225/1.3.6.1.4.1.14519.5.2.1.1239.1759.139291401930596892836370098470,2025-12-02T10:12:30.770037388
1.3.6.1.4.1.14519.5.2.1.1239.1759.239096964000204686266001074331,CMMD,NO,https://doi.org/10.7937/tcia.eqde4b16,D1-0229,1.3.6.1.4.1.14519.5.2.1.1239.1759.216626625335875918351166022540,NA,07-18-2011,NA,NA,MG,Digital Mammography X-Ray Image Storage - For Presentation,1.2.840.10008.5.1.4.1.1.1.2,2,8.79 MB,./CMMD/D1-0229/1.3.6.1.4.1.14519.5.2.1.1239.1759.216626625335875918351166022540/1.3.6.1.4.1.14519.5.2.1.1239.1759.239096964000204686266001074331,2025-12-02T10:12:31.217882982
1.3.6.1.4.1.14519.5.2.1.1239.1759.504573914636547661790503418011,CMMD,NO,https://doi.org/10.7937/tcia.eqde4b16,D1-0230,1.3.6.1.4.1.14519.5.2.1.1239.1759.107411480967027992443286676397,NA,07-18-2011,NA,NA,MG,Digital Mammography X-Ray Image Storage - For Presentation,1.2.840.10008.5.1.4.1.1.1.2,2,8.79 MB,./CMMD/D1-0230/1.3.6.1.4.1.14519.5.2.1.1239.1759.107411480967027992443286676397/1.3.6.1.4.1.14519.5.2.1.1239.1759.504573914636547661790503418011,2025-12-02T10:12:40.847141751
1.3.6.1.4.1.14519.5.2.1.1239.1759.242848495849374964531690363102,CMMD,NO,https://doi.org/10.7937/tcia.eqde4b16,D1-0232,1.3.6.1.4.1.14519.5.2.1.1239.1759.528374696917894563994433880869,NA,07-17-2012,NA,NA,MG,Digital Mammography X-Ray Image Storage - For Presentation,1.2.840.10008.5.1.4.1.1.1.2,2,8.79 MB,./CMMD/D1-0232/1.3.6.1.4.1.14519.5.2.1.1239.1759.528374696917894563994433880869/1.3.6.1.4.1.14519.5.2.1.1239.1759.242848495849374964531690363102,2025-12-02T10:12:42.000758868
1.3.6.1.4.1.14519.5.2.1.1239.1759.460167475057361955029918861145,CMMD,NO,https://doi.org/10.7937/tcia.eqde4b16,D1-0231,1.3.6.1.4.1.14519.5.2.1.1239.1759.195421969705304251303260478448,NA,07-18-2011,NA,NA,MG,Digital Mammography X-Ray Image Storage - For Presentation,1.2.840.10008.5.1.4.1.1.1.2,2,8.79 MB,./CMMD/D1-0231/1.3.6.1.4.1.14519.5.2.1.1239.1759.195421969705304251303260478448/1.3.6.1.4.1.14519.5.2.1.1239.1759.460167475057361955029918861145,2025-12-02T10:12:49.649650361
1.3.6.1.4.1.14519.5.2.1.1239.1759.104236954758267377793543161645,CMMD,NO,https://doi.org/10.7937/tcia.eqde4b16,D1-0236,1.3.6.1.4.1.14519.5.2.1.1239.1759.133465459242555796008180748326,NA,07-17-2012,NA,NA,MG,Digital Mammography X-Ray Image Storage - For Presentation,1.2.840.10008.5.1.4.1.1.1.2,2,8.79 MB,./CMMD/D1-0236/1.3.6.1.4.1.14519.5.2.1.1239.1759.133465459242555796008180748326/1.3.6.1.4.1.14519.5.2.1.1239.1759.104236954758267377793543161645,2025-12-02T10:12:53.214495596
1.3.6.1.4.1.14519.5.2.1.1239.1759.336665973020087771107256690275,CMMD,NO,https://doi.org/10.7937/tcia.eqde4b16,D1-0240,1.3.6.1.4.1.14519.5.2.1.1239.1759.103161951251929167469330866847,NA,07-17-2012,NA,NA,MG,Digital Mammography X-Ray Image Storage - For Presentation,1.2.840.10008.5.1.4.1.1.1.2,2,8.79 MB,./CMMD/D1-0240/1.3.6.1.4.1.14519.5.2.1.1239.1759.103161951251929167469330866847/1.3.6.1.4.1.14519.5.2.1.1239.1759.336665973020087771107256690275,2025-12-02T10:12:57.862035045
1.3.6.1.4.1.14519.5.2.1.1239.1759.742583102301526761862369768976,CMMD,NO,https://doi.org/10.7937/tcia.eqde4b16,D1-0241,1.3.6.1.4.1.14519.5.2.1.1239.1759.872457733794627494156113692765,NA,07-17-2012,NA,NA,MG,Digital Mammography X-Ray Image Storage - For Presentation,1.2.840.10008.5.1.4.1.1.1.2,2,8.79 MB,./CMMD/D1-0241/1.3.6.1.4.1.14519.5.2.1.1239.1759.872457733794627494156113692765/1.3.6.1.4.1.14519.5.2.1.1239.1759.742583102301526761862369768976,2025-12-02T10:13:05.066679124
1.3.6.1.4.1.14519.5.2.1.1239.1759.757570247893466742951362050304,CMMD,NO,https://doi.org/10.7937/tcia.eqde4b16,D1-0242,1.3.6.1.4.1.14519.5.2.1.1239.1759.314984677451312552964364212255,NA,07-18-2010,NA,NA,MG,Digital Mammography X-Ray Image Storage - For Presentation,1.2.840.10008.5.1.4.1.1.1.2,2,8.79 MB,./CMMD/D1-0242/1.3.6.1.4.1.14519.5.2.1.1239.1759.314984677451312552964364212255/1.3.6.1.4.1.14519.5.2.1.1239.1759.757570247893466742951362050304,2025-12-02T10:13:11.229495999
1.3.6.1.4.1.14519.5.2.1.1239.1759.303147316704519512396185224965,CMMD,NO,https://doi.org/10.7937/tcia.eqde4b16,D1-0244,1.3.6.1.4.1.14519.5.2.1.1239.1759.211884277726564394850269426498,NA,07-18-2011,NA,NA,MG,Digital Mammography X-Ray Image Storage - For Presentation,1.2.840.10008.5.1.4.1.1.1.2,2,8.79 MB,./CMMD/D1-0244/1.3.6.1.4.1.14519.5.2.1.1239.1759.211884277726564394850269426498/1.3.6.1.4.1.14519.5.2.1.1239.1759.303147316704519512396185224965,2025-12-02T10:13:15.628234034
1.3.6.1.4.1.14519.5.2.1.1239.1759.264737919661689470883390650826,CMMD,NO,https://doi.org/10.7937/tcia.eqde4b16,D1-0243,1.3.6.1.4.1.14519.5.2.1.1239.1759.187178135087713974247867586712,NA,07-18-2010,NA,NA,MG,Digital Mammography X-Ray Image Storage - For Presentation,1.2.840.10008.5.1.4.1.1.1.2,2,8.79 MB,./CMMD/D1-0243/1.3.6.1.4.1.14519.5.2.1.1239.1759.187178135087713974247867586712/1.3.6.1.4.1.14519.5.2.1.1239.1759.264737919661689470883390650826,2025-12-02T10:13:21.364884658
1.3.6.1.4.1.14519.5.2.1.1239.1759.179426301375412627602185382168,CMMD,NO,https://doi.org/10.7937/tcia.eqde4b16,D1-0245,1.3.6.1.4.1.14519.5.2.1.1239.1759.696633856382536089954213496191,NA,07-18-2010,NA,NA,MG,Digital Mammography X-Ray Image Storage - For Presentation,1.2.840.10008.5.1.4.1.1.1.2,4,17.57 MB,./CMMD/D1-0245/1.3.6.1.4.1.14519.5.2.1.1239.1759.696633856382536089954213496191/1.3.6.1.4.1.14519.5.2.1.1239.1759.179426301375412627602185382168,2025-12-02T10:13:35.012784882
1.3.6.1.4.1.14519.5.2.1.1239.1759.246297638201564173822845065186,CMMD,NO,https://doi.org/10.7937/tcia.eqde4b16,D1-0247,1.3.6.1.4.1.14519.5.2.1.1239.1759.178787015643647722204307328884,NA,07-18-2010,NA,NA,MG,Digital Mammography X-Ray Image Storage - For Presentation,1.2.840.10008.5.1.4.1.1.1.2,2,8.79 MB,./CMMD/D1-0247/1.3.6.1.4.1.14519.5.2.1.1239.1759.178787015643647722204307328884/1.3.6.1.4.1.14519.5.2.1.1239.1759.246297638201564173822845065186,2025-12-02T10:13:37.466953627
1.3.6.1.4.1.14519.5.2.1.1239.1759.756569879562274905577244648724,CMMD,NO,https://doi.org/10.7937/tcia.eqde4b16,D1-0246,1.3.6.1.4.1.14519.5.2.1.1239.1759.143076998689830491857906753795,NA,07-18-2010,NA,NA,MG,Digital Mammography X-Ray Image Storage - For Presentation,1.2.840.10008.5.1.4.1.1.1.2,4,17.57 MB,./CMMD/D1-0246/1.3.6.1.4.1.14519.5.2.1.1239.1759.143076998689830491857906753795/1.3.6.1.4.1.14519.5.2.1.1239.1759.756569879562274905577244648724,2025-12-02T10:13:41.321926169
1.3.6.1.4.1.14519.5.2.1.1239.1759.828756107592400383478467296397,CMMD,NO,https://doi.org/10.7937/tcia.eqde4b16,D1-0248,1.3.6.1.4.1.14519.5.2.1.1239.1759.280737736280066353848264345673,NA,07-18-2011,NA,NA,MG,Digital Mammography X-Ray Image Storage - For Presentation,1.2.840.10008.5.1.4.1.1.1.2,2,8.79 MB,./CMMD/D1-0248/1.3.6.1.4.1.14519.5.2.1.1239.1759.280737736280066353848264345673/1.3.6.1.4.1.14519.5.2.1.1239.1759.828756107592400383478467296397,2025-12-02T10:13:44.435793162
1.3.6.1.4.1.14519.5.2.1.1239.1759.313966044495993686529584306925,CMMD,NO,https://doi.org/10.7937/tcia.eqde4b16,D1-0249,1.3.6.1.4.1.14519.5.2.1.1239.1759.923425585220785471869518919784,NA,07-18-2010,NA,NA,MG,Digital Mammography X-Ray Image Storage - For Presentation,1.2.840.10008.5.1.4.1.1.1.2,2,8.79 MB,./CMMD/D1-0249/1.3.6.1.4.1.14519.5.2.1.1239.1759.923425585220785471869518919784/1.3.6.1.4.1.14519.5.2.1.1239.1759.313966044495993686529584306925,2025-12-02T10:13:49.360878703
1.3.6.1.4.1.14519.5.2.1.1239.1759.737452756945829692249019623544,CMMD,NO,https://doi.org/10.7937/tcia.eqde4b16,D1-0251,1.3.6.1.4.1.14519.5.2.1.1239.1759.197447530036339400306699237771,NA,07-18-2010,NA,NA,MG,Digital Mammography X-Ray Image Storage - For Presentation,1.2.840.10008.5.1.4.1.1.1.2,2,8.79 MB,./CMMD/D1-0251/1.3.6.1.4.1.14519.5.2.1.1239.1759.197447530036339400306699237771/1.3.6.1.4.1.14519.5.2.1.1239.1759.737452756945829692249019623544,2025-12-02T10:13:56.616931126
1.3.6.1.4.1.14519.5.2.1.1239.1759.946976364518171018181970378668,CMMD,NO,https://doi.org/10.7937/tcia.eqde4b16,D1-0250,1.3.6.1.4.1.14519.5.2.1.1239.1759.163530325043204022127469282120,NA,07-18-2010,NA,NA,MG,Digital Mammography X-Ray Image Storage - For Presentation,1.2.840.10008.5.1.4.1.1.1.2,4,17.57 MB,./CMMD/D1-0250/1.3.6.1.4.1.14519.5.2.1.1239.1759.163530325043204022127469282120/1.3.6.1.4.1.14519.5.2.1.1239.1759.946976364518171018181970378668,2025-12-02T10:14:00.05884295
1.3.6.1.4.1.14519.5.2.1.1239.1759.115707501339323629348943129397,CMMD,NO,https://doi.org/10.7937/tcia.eqde4b16,D1-0252,1.3.6.1.4.1.14519.5.2.1.1239.1759.272250905652710422566491862070,NA,07-18-2010,NA,NA,MG,Digital Mammography X-Ray Image Storage - For Presentation,1.2.840.10008.5.1.4.1.1.1.2,2,8.79 MB,./CMMD/D1-0252/1.3.6.1.4.1.14519.5.2.1.1239.1759.272250905652710422566491862070/1.3.6.1.4.1.14519.5.2.1.1239.1759.115707501339323629348943129397,2025-12-02T10:14:00.114379436
1.3.6.1.4.1.14519.5.2.1.1239.1759.136822744238194707993438135404,CMMD,NO,https://doi.org/10.7937/tcia.eqde4b16,D1-0253,1.3.6.1.4.1.14519.5.2.1.1239.1759.232757802585116941616525405420,NA,07-18-2010,NA,NA,MG,Digital Mammography X-Ray Image Storage - For Presentation,1.2.840.10008.5.1.4.1.1.1.2,2,8.79 MB,./CMMD/D1-0253/1.3.6.1.4.1.14519.5.2.1.1239.1759.232757802585116941616525405420/1.3.6.1.4.1.14519.5.2.1.1239.1759.136822744238194707993438135404,2025-12-02T10:14:11.067642065
1.3.6.1.4.1.14519.5.2.1.1239.1759.363500330730803150149376062173,CMMD,NO,https://doi.org/10.7937/tcia.eqde4b16,D1-0255,1.3.6.1.4.1.14519.5.2.1.1239.1759.178558626231088588167308413767,NA,07-18-2011,NA,NA,MG,Digital Mammography X-Ray Image Storage - For Presentation,1.2.840.10008.5.1.4.1.1.1.2,2,8.79 MB,./CMMD/D1-0255/1.3.6.1.4.1.14519.5.2.1.1239.1759.178558626231088588167308413767/1.3.6.1.4.1.14519.5.2.1.1239.1759.363500330730803150149376062173,2025-12-02T10:14:15.685718992
1.3.6.1.4.1.14519.5.2.1.1239.1759.317569406037200471408839317751,CMMD,NO,https://doi.org/10.7937/tcia.eqde4b16,D1-0256,1.3.6.1.4.1.14519.5.2.1.1239.1759.133040851013921365540917455051,NA,07-18-2010,NA,NA,MG,Digital Mammography X-Ray Image Storage - For Presentation,1.2.840.10008.5.1.4.1.1.1.2,2,8.79 MB,./CMMD/D1-0256/1.3.6.1.4.1.14519.5.2.1.1239.1759.133040851013921365540917455051/1.3.6.1.4.1.14519.5.2.1.1239.1759.317569406037200471408839317751,2025-12-02T10:14:20.795560851
1.3.6.1.4.1.14519.5.2.1.1239.1759.270642952749393179929667930181,CMMD,NO,https://doi.org/10.7937/tcia.eqde4b16,D1-0254,1.3.6.1.4.1.14519.5.2.1.1239.1759.828872533203488159340839032830,NA,07-18-2010,NA,NA,MG,Digital Mammography X-Ray Image Storage - For Presentation,1.2.840.10008.5.1.4.1.1.1.2,4,17.57 MB,./CMMD/D1-0254/1.3.6.1.4.1.14519.5.2.1.1239.1759.828872533203488159340839032830/1.3.6.1.4.1.14519.5.2.1.1239.1759.270642952749393179929667930181,2025-12-02T10:14:28.016682458
1.3.6.1.4.1.14519.5.2.1.1239.1759.278741910810177605899639240991,CMMD,NO,https://doi.org/10.7937/tcia.eqde4b16,D1-0257,1.3.6.1.4.1.14519.5.2.1.1239.1759.186267500530718283718808589705,NA,07-18-2010,NA,NA,MG,Digital Mammography X-Ray Image Storage - For Presentation,1.2.840.10008.5.1.4.1.1.1.2,4,17.57 MB,./CMMD/D1-0257/1.3.6.1.4.1.14519.5.2.1.1239.1759.186267500530718283718808589705/1.3.6.1.4.1.14519.5.2.1.1239.1759.278741910810177605899639240991,2025-12-02T10:14:28.903272899
1.3.6.1.4.1.14519.5.2.1.1239.1759.246486798343378727349111374288,CMMD,NO,https://doi.org/10.7937/tcia.eqde4b16,D1-0258,1.3.6.1.4.1.14519.5.2.1.1239.1759.188193502275717544085501384047,NA,07-18-2010,NA,NA,MG,Digital Mammography X-Ray Image Storage - For Presentation,1.2.840.10008.5.1.4.1.1.1.2,2,8.79 MB,./CMMD/D1-0258/1.3.6.1.4.1.14519.5.2.1.1239.1759.188193502275717544085501384047/1.3.6.1.4.1.14519.5.2.1.1239.1759.246486798343378727349111374288,2025-12-02T10:14:36.584144604
1.3.6.1.4.1.14519.5.2.1.1239.1759.246435129124758321515355803714,CMMD,NO,https://doi.org/10.7937/tcia.eqde4b16,D1-0260,1.3.6.1.4.1.14519.5.2.1.1239.1759.876027414560909308057147402512,NA,07-18-2010,NA,NA,MG,Digital Mammography X-Ray Image Storage - For Presentation,1.2.840.10008.5.1.4.1.1.1.2,2,8.79 MB,./CMMD/D1-0260/1.3.6.1.4.1.14519.5.2.1.1239.1759.876027414560909308057147402512/1.3.6.1.4.1.14519.5.2.1.1239.1759.246435129124758321515355803714,2025-12-02T10:14:48.026467507
1.3.6.1.4.1.14519.5.2.1.1239.1759.140582680044334616168304800594,CMMD,NO,https://doi.org/10.7937/tcia.eqde4b16,D1-0261,1.3.6.1.4.1.14519.5.2.1.1239.1759.428793206352012954783232015780,NA,07-18-2010,NA,NA,MG,Digital Mammography X-Ray Image Storage - For Presentation,1.2.840.10008.5.1.4.1.1.1.2,2,8.79 MB,./CMMD/D1-0261/1.3.6.1.4.1.14519.5.2.1.1239.1759.428793206352012954783232015780/1.3.6.1.4.1.14519.5.2.1.1239.1759.140582680044334616168304800594,2025-12-02T10:14:53.135830719
1.3.6.1.4.1.14519.5.2.1.1239.1759.301893030546411921530194749324,CMMD,NO,https://doi.org/10.7937/tcia.eqde4b16,D1-0259,1.3.6.1.4.1.14519.5.2.1.1239.1759.338889929014862888404181780811,NA,07-18-2010,NA,NA,MG,Digital Mammography X-Ray Image Storage - For Presentation,1.2.840.10008.5.1.4.1.1.1.2,2,8.79 MB,./CMMD/D1-0259/1.3.6.1.4.1.14519.5.2.1.1239.1759.338889929014862888404181780811/1.3.6.1.4.1.14519.5.2.1.1239.1759.301893030546411921530194749324,2025-12-02T10:14:56.261663379
1.3.6.1.4.1.14519.5.2.1.1239.1759.621996807640372947345246272612,CMMD,NO,https://doi.org/10.7937/tcia.eqde4b16,D1-0262,1.3.6.1.4.1.14519.5.2.1.1239.1759.146425529528071883033076419762,NA,07-18-2011,NA,NA,MG,Digital Mammography X-Ray Image Storage - For Presentation,1.2.840.10008.5.1.4.1.1.1.2,2,8.79 MB,./CMMD/D1-0262/1.3.6.1.4.1.14519.5.2.1.1239.1759.146425529528071883033076419762/1.3.6.1.4.1.14519.5.2.1.1239.1759.621996807640372947345246272612,2025-12-02T10:14:57.774686985
1.3.6.1.4.1.14519.5.2.1.1239.1759.164373652385781754333059648887,CMMD,NO,https://doi.org/10.7937/tcia.eqde4b16,D1-0263,1.3.6.1.4.1.14519.5.2.1.1239.1759.110172232533539792623857982075,NA,07-18-2010,NA,NA,MG,Digital Mammography X-Ray Image Storage - For Presentation,1.2.840.10008.5.1.4.1.1.1.2,4,17.57 MB,./CMMD/D1-0263/1.3.6.1.4.1.14519.5.2.1.1239.1759.110172232533539792623857982075/1.3.6.1.4.1.14519.5.2.1.1239.1759.164373652385781754333059648887,2025-12-02T10:15:08.940141182
1.3.6.1.4.1.14519.5.2.1.1239.1759.205607185766392329500941847309,CMMD,NO,https://doi.org/10.7937/tcia.eqde4b16,D1-0264,1.3.6.1.4.1.14519.5.2.1.1239.1759.835646108288021985647303364256,NA,07-18-2010,NA,NA,MG,Digital Mammography X-Ray Image Storage - For Presentation,1.2.840.10008.5.1.4.1.1.1.2,2,8.79 MB,./CMMD/D1-0264/1.3.6.1.4.1.14519.5.2.1.1239.1759.835646108288021985647303364256/1.3.6.1.4.1.14519.5.2.1.1239.1759.205607185766392329500941847309,2025-12-02T10:15:09.152070112
1.3.6.1.4.1.14519.5.2.1.1239.1759.213838668247765205449149758706,CMMD,NO,https://doi.org/10.7937/tcia.eqde4b16,D1-0265,1.3.6.1.4.1.14519.5.2.1.1239.1759.290114566239313092586291987503,NA,07-18-2010,NA,NA,MG,Digital Mammography X-Ray Image Storage - For Presentation,1.2.840.10008.5.1.4.1.1.1.2,2,8.79 MB,./CMMD/D1-0265/1.3.6.1.4.1.14519.5.2.1.1239.1759.290114566239313092586291987503/1.3.6.1.4.1.14519.5.2.1.1239.1759.213838668247765205449149758706,2025-12-02T10:15:14.735068122
1.3.6.1.4.1.14519.5.2.1.1239.1759.919752329610704720721951266447,CMMD,NO,https://doi.org/10.7937/tcia.eqde4b16,D1-0267,1.3.6.1.4.1.14519.5.2.1.1239.1759.109941195045109485082126130297,NA,07-18-2010,NA,NA,MG,Digital Mammography X-Ray Image Storage - For Presentation,1.2.840.10008.5.1.4.1.1.1.2,2,8.79 MB,./CMMD/D1-0267/1.3.6.1.4.1.14519.5.2.1.1239.1759.109941195045109485082126130297/1.3.6.1.4.1.14519.5.2.1.1239.1759.919752329610704720721951266447,2025-12-02T10:15:18.229798238
1.3.6.1.4.1.14519.5.2.1.1239.1759.467202105431856377913870228043,CMMD,NO,https://doi.org/10.7937/tcia.eqde4b16,D1-0266,1.3.6.1.4.1.14519.5.2.1.1239.1759.200199160283986898701890518937,NA,07-18-2010,NA,NA,MG,Digital Mammography X-Ray Image Storage - For Presentation,1.2.840.10008.5.1.4.1.1.1.2,2,8.79 MB,./CMMD/D1-0266/1.3.6.1.4.1.14519.5.2.1.1239.1759.200199160283986898701890518937/1.3.6.1.4.1.14519.5.2.1.1239.1759.467202105431856377913870228043,2025-12-02T10:15:18.482205075
1.3.6.1.4.1.14519.5.2.1.1239.1759.257064427287284635397288532788,CMMD,NO,https://doi.org/10.7937/tcia.eqde4b16,D1-0268,1.3.6.1.4.1.14519.5.2.1.1239.1759.193321195690938861722910749666,NA,07-18-2010,NA,NA,MG,Digital Mammography X-Ray Image Storage - For Presentation,1.2.840.10008.5.1.4.1.1.1.2,2,8.79 MB,./CMMD/D1-0268/1.3.6.1.4.1.14519.5.2.1.1239.1759.193321195690938861722910749666/1.3.6.1.4.1.14519.5.2.1.1239.1759.257064427287284635397288532788,2025-12-02T10:15:27.184330158
1.3.6.1.4.1.14519.5.2.1.1239.1759.426082136974750797159771756463,CMMD,NO,https://doi.org/10.7937/tcia.eqde4b16,D1-0270,1.3.6.1.4.1.14519.5.2.1.1239.1759.139772195353719886841610250679,NA,07-18-2010,NA,NA,MG,Digital Mammography X-Ray Image Storage - For Presentation,1.2.840.10008.5.1.4.1.1.1.2,2,8.79 MB,./CMMD/D1-0270/1.3.6.1.4.1.14519.5.2.1.1239.1759.139772195353719886841610250679/1.3.6.1.4.1.14519.5.2.1.1239.1759.426082136974750797159771756463,2025-12-02T10:15:30.476716627
1.3.6.1.4.1.14519.5.2.1.1239.1759.260032921740961642065295505082,CMMD,NO,https://doi.org/10.7937/tcia.eqde4b16,D1-0269,1.3.6.1.4.1.14519.5.2.1.1239.1759.183931166737814660256904552951,NA,07-18-2011,NA,NA,MG,Digital Mammography X-Ray Image Storage - For Presentation,1.2.840.10008.5.1.4.1.1.1.2,2,8.79 MB,./CMMD/D1-0269/1.3.6.1.4.1.14519.5.2.1.1239.1759.183931166737814660256904552951/1.3.6.1.4.1.14519.5.2.1.1239.1759.260032921740961642065295505082,2025-12-02T10:15:33.998890089
1.3.6.1.4.1.14519.5.2.1.1239.1759.756689267403194828008360920717,CMMD,NO,https://doi.org/10.7937/tcia.eqde4b16,D1-0271,1.3.6.1.4.1.14519.5.2.1.1239.1759.114780734535278702086517311136,NA,07-18-2010,NA,NA,MG,Digital Mammography X-Ray Image Storage - For Presentation,1.2.840.10008.5.1.4.1.1.1.2,2,8.79 MB,./CMMD/D1-0271/1.3.6.1.4.1.14519.5.2.1.1239.1759.114780734535278702086517311136/1.3.6.1.4.1.14519.5.2.1.1239.1759.756689267403194828008360920717,2025-12-02T10:15:36.919302981
1.3.6.1.4.1.14519.5.2.1.1239.1759.135166810788318112566162292315,CMMD,NO,https://doi.org/10.7937/tcia.eqde4b16,D1-0272,1.3.6.1.4.1.14519.5.2.1.1239.1759.186267496588039185726357773233,NA,07-18-2010,NA,NA,MG,Digital Mammography X-Ray Image Storage - For Presentation,1.2.840.10008.5.1.4.1.1.1.2,2,8.79 MB,./CMMD/D1-0272/1.3.6.1.4.1.14519.5.2.1.1239.1759.186267496588039185726357773233/1.3.6.1.4.1.14519.5.2.1.1239.1759.135166810788318112566162292315,2025-12-02T10:15:46.349712794
1.3.6.1.4.1.14519.5.2.1.1239.1759.214025003082751096170821136625,CMMD,NO,https://doi.org/10.7937/tcia.eqde4b16,D1-0273,1.3.6.1.4.1.14519.5.2.1.1239.1759.192673495332549492927296644998,NA,07-18-2010,NA,NA,MG,Digital Mammography X-Ray Image Storage - For Presentation,1.2.840.10008.5.1.4.1.1.1.2,4,17.57 MB,./CMMD/D1-0273/1.3.6.1.4.1.14519.5.2.1.1239.1759.192673495332549492927296644998/1.3.6.1.4.1.14519.5.2.1.1239.1759.214025003082751096170821136625,2025-12-02T10:15:56.267017262
1.3.6.1.4.1.14519.5.2.1.1239.1759.259462754588994723161019312575,CMMD,NO,https://doi.org/10.7937/tcia.eqde4b16,D1-0274,1.3.6.1.4.1.14519.5.2.1.1239.1759.127155971687693213643512548391,NA,07-18-2010,NA,NA,MG,Digital Mammography X-Ray Image Storage - For Presentation,1.2.840.10008.5.1.4.1.1.1.2,4,17.57 MB,./CMMD/D1-0274/1.3.6.1.4.1.14519.5.2.1.1239.1759.127155971687693213643512548391/1.3.6.1.4.1.14519.5.2.1.1239.1759.259462754588994723161019312575,2025-12-02T10:16:00.129063228
1.3.6.1.4.1.14519.5.2.1.1239.1759.240083436747206908970095419427,CMMD,NO,https://doi.org/10.7937/tcia.eqde4b16,D1-0275,1.3.6.1.4.1.14519.5.2.1.1239.1759.172631165727309366241809772387,NA,07-18-2010,NA,NA,MG,Digital Mammography X-Ray Image Storage - For Presentation,1.2.840.10008.5.1.4.1.1.1.2,4,17.57 MB,./CMMD/D1-0275/1.3.6.1.4.1.14519.5.2.1.1239.1759.172631165727309366241809772387/1.3.6.1.4.1.14519.5.2.1.1239.1759.240083436747206908970095419427,2025-12-02T10:16:08.078094994
1.3.6.1.4.1.14519.5.2.1.1239.1759.670972262626287198414952302431,CMMD,NO,https://doi.org/10.7937/tcia.eqde4b16,D1-0276,1.3.6.1.4.1.14519.5.2.1.1239.1759.242651473236113721731726423490,NA,07-18-2010,NA,NA,MG,Digital Mammography X-Ray Image Storage - For Presentation,1.2.840.10008.5.1.4.1.1.1.2,2,8.79 MB,./CMMD/D1-0276/1.3.6.1.4.1.14519.5.2.1.1239.1759.242651473236113721731726423490/1.3.6.1.4.1.14519.5.2.1.1239.1759.670972262626287198414952302431,2025-12-02T10:16:21.002781993
1.3.6.1.4.1.14519.5.2.1.1239.1759.323184494700106783611909661815,CMMD,NO,https://doi.org/10.7937/tcia.eqde4b16,D1-0277,1.3.6.1.4.1.14519.5.2.1.1239.1759.386980823980021426433156084878,NA,07-18-2010,NA,NA,MG,Digital Mammography X-Ray Image Storage - For Presentation,1.2.840.10008.5.1.4.1.1.1.2,2,8.79 MB,./CMMD/D1-0277/1.3.6.1.4.1.14519.5.2.1.1239.1759.386980823980021426433156084878/1.3.6.1.4.1.14519.5.2.1.1239.1759.323184494700106783611909661815,2025-12-02T10:16:23.035922427
1.3.6.1.4.1.14519.5.2.1.1239.1759.173762452320239773576274130714,CMMD,NO,https://doi.org/10.7937/tcia.eqde4b16,D1-0278,1.3.6.1.4.1.14519.5.2.1.1239.1759.574315003106513877010916985110,NA,07-17-2012,NA,NA,MG,Digital Mammography X-Ray Image Storage - For Presentation,1.2.840.10008.5.1.4.1.1.1.2,2,8.79 MB,./CMMD/D1-0278/1.3.6.1.4.1.14519.5.2.1.1239.1759.574315003106513877010916985110/1.3.6.1.4.1.14519.5.2.1.1239.1759.173762452320239773576274130714,2025-12-02T10:16:27.651887117
1.3.6.1.4.1.14519.5.2.1.1239.1759.263123254294672473097837294759,CMMD,NO,https://doi.org/10.7937/tcia.eqde4b16,D1-0280,1.3.6.1.4.1.14519.5.2.1.1239.1759.151478617044617739878568840807,NA,07-18-2011,NA,NA,MG,Digital Mammography X-Ray Image Storage - For Presentation,1.2.840.10008.5.1.4.1.1.1.2,2,8.79 MB,./CMMD/D1-0280/1.3.6.1.4.1.14519.5.2.1.1239.1759.151478617044617739878568840807/1.3.6.1.4.1.14519.5.2.1.1239.1759.263123254294672473097837294759,2025-12-02T10:16:31.63672794
1.3.6.1.4.1.14519.5.2.1.1239.1759.824514474051596746595209790984,CMMD,NO,https://doi.org/10.7937/tcia.eqde4b16,D1-0279,1.3.6.1.4.1.14519.5.2.1.1239.1759.116936363473638787109359664506,NA,07-18-2011,NA,NA,MG,Digital Mammography X-Ray Image Storage - For Presentation,1.2.840.10008.5.1.4.1.1.1.2,4,17.57 MB,./CMMD/D1-0279/1.3.6.1.4.1.14519.5.2.1.1239.1759.116936363473638787109359664506/1.3.6.1.4.1.14519.5.2.1.1239.1759.824514474051596746595209790984,2025-12-02T10:16:38.226915599
1.3.6.1.4.1.14519.5.2.1.1239.1759.268920073544171613484172256998,CMMD,NO,https://doi.org/10.7937/tcia.eqde4b16,D1-0282,1.3.6.1.4.1.14519.5.2.1.1239.1759.224325546272748135209545340679,NA,07-18-2011,NA,NA,MG,Digital Mammography X-Ray Image Storage - For Presentation,1.2.840.10008.5.1.4.1.1.1.2,2,8.79 MB,./CMMD/D1-0282/1.3.6.1.4.1.14519.5.2.1.1239.1759.224325546272748135209545340679/1.3.6.1.4.1.14519.5.2.1.1239.1759.268920073544171613484172256998,2025-12-02T10:16:40.223952265
1.3.6.1.4.1.14519.5.2.1.1239.1759.758792741834719441510734444827,CMMD,NO,https://doi.org/10.7937/tcia.eqde4b16,D1-0281,1.3.6.1.4.1.14519.5.2.1.1239.1759.291209869696506671907839744321,NA,07-18-2011,NA,NA,MG,Digital Mammography X-Ray Image Storage - For Presentation,1.2.840.10008.5.1.4.1.1.1.2,4,17.57 MB,./CMMD/D1-0281/1.3.6.1.4.1.14519.5.2.1.1239.1759.291209869696506671907839744321/1.3.6.1.4.1.14519.5.2.1.1239.1759.758792741834719441510734444827,2025-12-02T10:16:50.084720181
1.3.6.1.4.1.14519.5.2.1.1239.1759.266745351362231270975027420709,CMMD,NO,https://doi.org/10.7937/tcia.eqde4b16,D1-0284,1.3.6.1.4.1.14519.5.2.1.1239.1759.217049017470868042421628976047,NA,07-18-2011,NA,NA,MG,Digital Mammography X-Ray Image Storage - For Presentation,1.2.840.10008.5.1.4.1.1.1.2,2,8.79 MB,./CMMD/D1-0284/1.3.6.1.4.1.14519.5.2.1.1239.1759.217049017470868042421628976047/1.3.6.1.4.1.14519.5.2.1.1239.1759.266745351362231270975027420709,2025-12-02T10:16:53.100743291
1.3.6.1.4.1.14519.5.2.1.1239.1759.311418631161029166941731483236,CMMD,NO,https://doi.org/10.7937/tcia.eqde4b16,D1-0285,1.3.6.1.4.1.14519.5.2.1.1239.1759.249681034839488675629262317972,NA,07-18-2011,NA,NA,MG,Digital Mammography X-Ray Image Storage - For Presentation,1.2.840.10008.5.1.4.1.1.1.2,2,8.79 MB,./CMMD/D1-0285/1.3.6.1.4.1.14519.5.2.1.1239.1759.249681034839488675629262317972/1.3.6.1.4.1.14519.5.2.1.1239.1759.311418631161029166941731483236,2025-12-02T10:17:02.386035978
1.3.6.1.4.1.14519.5.2.1.1239.1759.179688558029522699815879287627,CMMD,NO,https://doi.org/10.7937/tcia.eqde4b16,D1-0283,1.3.6.1.4.1.14519.5.2.1.1239.1759.486325706178842381392819582244,NA,07-18-2011,NA,NA,MG,Digital Mammography X-Ray Image Storage - For Presentation,1.2.840.10008.5.1.4.1.1.1.2,2,8.79 MB,./CMMD/D1-0283/1.3.6.1.4.1.14519.5.2.1.1239.1759.486325706178842381392819582244/1.3.6.1.4.1.14519.5.2.1.1239.1759.179688558029522699815879287627,2025-12-02T10:17:03.044733437
1.3.6.1.4.1.14519.5.2.1.1239.1759.253694528962813941665484887218,CMMD,NO,https://doi.org/10.7937/tcia.eqde4b16,D1-0286,1.3.6.1.4.1.14519.5.2.1.1239.1759.140088903901997493406618801291,NA,07-18-2011,NA,NA,MG,Digital Mammography X-Ray Image Storage - For Presentation,1.2.840.10008.5.1.4.1.1.1.2,2,8.79 MB,./CMMD/D1-0286/1.3.6.1.4.1.14519.5.2.1.1239.1759.140088903901997493406618801291/1.3.6.1.4.1.14519.5.2.1.1239.1759.253694528962813941665484887218,2025-12-02T10:17:07.618922457
1.3.6.1.4.1.14519.5.2.1.1239.1759.241253684100406181322703324079,CMMD,NO,https://doi.org/10.7937/tcia.eqde4b16,D1-0288,1.3.6.1.4.1.14519.5.2.1.1239.1759.213868472493210243474851378919,NA,07-18-2011,NA,NA,MG,Digital Mammography X-Ray Image Storage - For Presentation,1.2.840.10008.5.1.4.1.1.1.2,2,8.79 MB,./CMMD/D1-0288/1.3.6.1.4.1.14519.5.2.1.1239.1759.213868472493210243474851378919/1.3.6.1.4.1.14519.5.2.1.1239.1759.241253684100406181322703324079,2025-12-02T10:17:16.46966344
1.3.6.1.4.1.14519.5.2.1.1239.1759.613350668603922204539666419322,CMMD,NO,https://doi.org/10.7937/tcia.eqde4b16,D1-0289,1.3.6.1.4.1.14519.5.2.1.1239.1759.894498399062268605899295396370,NA,07-18-2011,NA,NA,MG,Digital Mammography X-Ray Image Storage - For Presentation,1.2.840.10008.5.1.4.1.1.1.2,2,8.79 MB,./CMMD/D1-0289/1.3.6.1.4.1.14519.5.2.1.1239.1759.894498399062268605899295396370/1.3.6.1.4.1.14519.5.2.1.1239.1759.613350668603922204539666419322,2025-12-02T10:17:25.691367207
1.3.6.1.4.1.14519.5.2.1.1239.1759.173666169262063676346838113583,CMMD,NO,https://doi.org/10.7937/tcia.eqde4b16,D1-0287,1.3.6.1.4.1.14519.5.2.1.1239.1759.149176190823275282495496772228,NA,07-18-2011,NA,NA,MG,Digital Mammography X-Ray Image Storage - For Presentation,1.2.840.10008.5.1.4.1.1.1.2,2,8.79 MB,./CMMD/D1-0287/1.3.6.1.4.1.14519.5.2.1.1239.1759.149176190823275282495496772228/1.3.6.1.4.1.14519.5.2.1.1239.1759.173666169262063676346838113583,2025-12-02T10:17:25.866740669
1.3.6.1.4.1.14519.5.2.1.1239.1759.863901456132765861640381612159,CMMD,NO,https://doi.org/10.7937/tcia.eqde4b16,D1-0291,1.3.6.1.4.1.14519.5.2.1.1239.1759.255793834938259903890155242742,NA,07-18-2011,NA,NA,MG,Digital Mammography X-Ray Image Storage - For Presentation,1.2.840.10008.5.1.4.1.1.1.2,2,8.79 MB,./CMMD/D1-0291/1.3.6.1.4.1.14519.5.2.1.1239.1759.255793834938259903890155242742/1.3.6.1.4.1.14519.5.2.1.1239.1759.863901456132765861640381612159,2025-12-02T10:17:42.575819968
1.3.6.1.4.1.14519.5.2.1.1239.1759.136945430678704183617696171068,CMMD,NO,https://doi.org/10.7937/tcia.eqde4b16,D1-0290,1.3.6.1.4.1.14519.5.2.1.1239.1759.122573432130869095485142413111,NA,07-18-2011,NA,NA,MG,Digital Mammography X-Ray Image Storage - For Presentation,1.2.840.10008.5.1.4.1.1.1.2,2,8.79 MB,./CMMD/D1-0290/1.3.6.1.4.1.14519.5.2.1.1239.1759.122573432130869095485142413111/1.3.6.1.4.1.14519.5.2.1.1239.1759.136945430678704183617696171068,2025-12-02T10:17:52.698954873
1.3.6.1.4.1.14519.5.2.1.1239.1759.194660470901218087467212119918,CMMD,NO,https://doi.org/10.7937/tcia.eqde4b16,D1-0293,1.3.6.1.4.1.14519.5.2.1.1239.1759.158507928759513251035758398943,NA,07-18-2011,NA,NA,MG,Digital Mammography X-Ray Image Storage - For Presentation,1.2.840.10008.5.1.4.1.1.1.2,2,8.79 MB,./CMMD/D1-0293/1.3.6.1.4.1.14519.5.2.1.1239.1759.158507928759513251035758398943/1.3.6.1.4.1.14519.5.2.1.1239.1759.194660470901218087467212119918,2025-12-02T10:17:56.707403822
1.3.6.1.4.1.14519.5.2.1.1239.1759.656857239588807499292487401657,CMMD,NO,https://doi.org/10.7937/tcia.eqde4b16,D1-0292,1.3.6.1.4.1.14519.5.2.1.1239.1759.236033614685585226124303735242,NA,07-18-2011,NA,NA,MG,Digital Mammography X-Ray Image Storage - For Presentation,1.2.840.10008.5.1.4.1.1.1.2,2,8.79 MB,./CMMD/D1-0292/1.3.6.1.4.1.14519.5.2.1.1239.1759.236033614685585226124303735242/1.3.6.1.4.1.14519.5.2.1.1239.1759.656857239588807499292487401657,2025-12-02T10:17:58.254614562
1.3.6.1.4.1.14519.5.2.1.1239.1759.202333215478663078303340183155,CMMD,NO,https://doi.org/10.7937/tcia.eqde4b16,D1-0294,1.3.6.1.4.1.14519.5.2.1.1239.1759.140827776441707244507434768615,NA,07-18-2011,NA,NA,MG,Digital Mammography X-Ray Image Storage - For Presentation,1.2.840.10008.5.1.4.1.1.1.2,2,8.79 MB,./CMMD/D1-0294/1.3.6.1.4.1.14519.5.2.1.1239.1759.140827776441707244507434768615/1.3.6.1.4.1.14519.5.2.1.1239.1759.202333215478663078303340183155,2025-12-02T10:18:04.18429017
1.3.6.1.4.1.14519.5.2.1.1239.1759.172822457181563811721830278647,CMMD,NO,https://doi.org/10.7937/tcia.eqde4b16,D1-0296,1.3.6.1.4.1.14519.5.2.1.1239.1759.178708273135671502374971625165,NA,07-18-2011,NA,NA,MG,Digital Mammography X-Ray Image Storage - For Presentation,1.2.840.10008.5.1.4.1.1.1.2,2,8.79 MB,./CMMD/D1-0296/1.3.6.1.4.1.14519.5.2.1.1239.1759.178708273135671502374971625165/1.3.6.1.4.1.14519.5.2.1.1239.1759.172822457181563811721830278647,2025-12-02T10:18:10.777892813
1.3.6.1.4.1.14519.5.2.1.1239.1759.199959915241830346489088827439,CMMD,NO,https://doi.org/10.7937/tcia.eqde4b16,D1-0295,1.3.6.1.4.1.14519.5.2.1.1239.1759.310097023341312249468322317984,NA,07-18-2011,NA,NA,MG,Digital Mammography X-Ray Image Storage - For Presentation,1.2.840.10008.5.1.4.1.1.1.2,4,17.57 MB,./CMMD/D1-0295/1.3.6.1.4.1.14519.5.2.1.1239.1759.310097023341312249468322317984/1.3.6.1.4.1.14519.5.2.1.1239.1759.199959915241830346489088827439,2025-12-02T10:18:11.656215466
1.3.6.1.4.1.14519.5.2.1.1239.1759.265978306825522244875879774653,CMMD,NO,https://doi.org/10.7937/tcia.eqde4b16,D1-0297,1.3.6.1.4.1.14519.5.2.1.1239.1759.266668006633552391706713443086,NA,07-18-2011,NA,NA,MG,Digital Mammography X-Ray Image Storage - For Presentation,1.2.840.10008.5.1.4.1.1.1.2,2,8.79 MB,./CMMD/D1-0297/1.3.6.1.4.1.14519.5.2.1.1239.1759.266668006633552391706713443086/1.3.6.1.4.1.14519.5.2.1.1239.1759.265978306825522244875879774653,2025-12-02T10:18:19.093409781
1.3.6.1.4.1.14519.5.2.1.1239.1759.201142546283063047505007246924,CMMD,NO,https://doi.org/10.7937/tcia.eqde4b16,D1-0298,1.3.6.1.4.1.14519.5.2.1.1239.1759.409957978763221101898568081147,NA,07-18-2011,NA,NA,MG,Digital Mammography X-Ray Image Storage - For Presentation,1.2.840.10008.5.1.4.1.1.1.2,2,8.79 MB,./CMMD/D1-0298/1.3.6.1.4.1.14519.5.2.1.1239.1759.409957978763221101898568081147/1.3.6.1.4.1.14519.5.2.1.1239.1759.201142546283063047505007246924,2025-12-02T10:18:26.446793412
1.3.6.1.4.1.14519.5.2.1.1239.1759.279448243074664571980617954840,CMMD,NO,https://doi.org/10.7937/tcia.eqde4b16,D1-0299,1.3.6.1.4.1.14519.5.2.1.1239.1759.437358413762752371728647397760,NA,07-18-2011,NA,NA,MG,Digital Mammography X-Ray Image Storage - For Presentation,1.2.840.10008.5.1.4.1.1.1.2,2,8.79 MB,./CMMD/D1-0299/1.3.6.1.4.1.14519.5.2.1.1239.1759.437358413762752371728647397760/1.3.6.1.4.1.14519.5.2.1.1239.1759.279448243074664571980617954840,2025-12-02T10:18:30.348056122
1.3.6.1.4.1.14519.5.2.1.1239.1759.234067610244021443288333978984,CMMD,NO,https://doi.org/10.7937/tcia.eqde4b16,D1-0301,1.3.6.1.4.1.14519.5.2.1.1239.1759.478565303263583919525039287352,NA,07-17-2012,NA,NA,MG,Digital Mammography X-Ray Image Storage - For Presentation,1.2.840.10008.5.1.4.1.1.1.2,2,8.79 MB,./CMMD/D1-0301/1.3.6.1.4.1.14519.5.2.1.1239.1759.478565303263583919525039287352/1.3.6.1.4.1.14519.5.2.1.1239.1759.234067610244021443288333978984,2025-12-02T10:18:38.104934387
1.3.6.1.4.1.14519.5.2.1.1239.1759.166100209333798034038464899262,CMMD,NO,https://doi.org/10.7937/tcia.eqde4b16,D1-0300,1.3.6.1.4.1.14519.5.2.1.1239.1759.833701379248333403239997105230,NA,07-17-2012,NA,NA,MG,Digital Mammography X-Ray Image Storage - For Presentation,1.2.840.10008.5.1.4.1.1.1.2,4,17.57 MB,./CMMD/D1-0300/1.3.6.1.4.1.14519.5.2.1.1239.1759.833701379248333403239997105230/1.3.6.1.4.1.14519.5.2.1.1239.1759.166100209333798034038464899262,2025-12-02T10:18:41.301761067
1.3.6.1.4.1.14519.5.2.1.1239.1759.104291282517863127117376160828,CMMD,NO,https://doi.org/10.7937/tcia.eqde4b16,D1-0303,1.3.6.1.4.1.14519.5.2.1.1239.1759.223610246501738907767825528642,NA,07-18-2010,NA,NA,MG,Digital Mammography X-Ray Image Storage - For Presentation,1.2.840.10008.5.1.4.1.1.1.2,2,8.79 MB,./CMMD/D1-0303/1.3.6.1.4.1.14519.5.2.1.1239.1759.223610246501738907767825528642/1.3.6.1.4.1.14519.5.2.1.1239.1759.104291282517863127117376160828,2025-12-02T10:18:44.399049944
1.3.6.1.4.1.14519.5.2.1.1239.1759.947925308598858343922422174336,CMMD,NO,https://doi.org/10.7937/tcia.eqde4b16,D1-0304,1.3.6.1.4.1.14519.5.2.1.1239.1759.175971556627108002349832610451,NA,07-18-2011,NA,NA,MG,Digital Mammography X-Ray Image Storage - For Presentation,1.2.840.10008.5.1.4.1.1.1.2,2,8.79 MB,./CMMD/D1-0304/1.3.6.1.4.1.14519.5.2.1.1239.1759.175971556627108002349832610451/1.3.6.1.4.1.14519.5.2.1.1239.1759.947925308598858343922422174336,2025-12-02T10:18:52.081045781
1.3.6.1.4.1.14519.5.2.1.1239.1759.178336915691879290058991064085,CMMD,NO,https://doi.org/10.7937/tcia.eqde4b16,D1-0306,1.3.6.1.4.1.14519.5.2.1.1239.1759.166361940264644018858580034040,NA,07-18-2010,NA,NA,MG,Digital Mammography X-Ray Image Storage - For Presentation,1.2.840.10008.5.1.4.1.1.1.2,2,8.79 MB,./CMMD/D1-0306/1.3.6.1.4.1.14519.5.2.1.1239.1759.166361940264644018858580034040/1.3.6.1.4.1.14519.5.2.1.1239.1759.178336915691879290058991064085,2025-12-02T10:18:53.61933854
1.3.6.1.4.1.14519.5.2.1.1239.1759.108906058262920976791863839707,CMMD,NO,https://doi.org/10.7937/tcia.eqde4b16,D1-0309,1.3.6.1.4.1.14519.5.2.1.1239.1759.528652787454663507449281859751,NA,07-18-2010,NA,NA,MG,Digital Mammography X-Ray Image Storage - For Presentation,1.2.840.10008.5.1.4.1.1.1.2,2,8.79 MB,./CMMD/D1-0309/1.3.6.1.4.1.14519.5.2.1.1239.1759.528652787454663507449281859751/1.3.6.1.4.1.14519.5.2.1.1239.1759.108906058262920976791863839707,2025-12-02T10:18:59.130266468
1.3.6.1.4.1.14519.5.2.1.1239.1759.220924135397872982988385772930,CMMD,NO,https://doi.org/10.7937/tcia.eqde4b16,D1-0313,1.3.6.1.4.1.14519.5.2.1.1239.1759.663614437803315657596048120676,NA,07-18-2010,NA,NA,MG,Digital Mammography X-Ray Image Storage - For Presentation,1.2.840.10008.5.1.4.1.1.1.2,2,8.79 MB,./CMMD/D1-0313/1.3.6.1.4.1.14519.5.2.1.1239.1759.663614437803315657596048120676/1.3.6.1.4.1.14519.5.2.1.1239.1759.220924135397872982988385772930,2025-12-02T10:19:06.873763689
1.3.6.1.4.1.14519.5.2.1.1239.1759.281246062783912132669609495548,CMMD,NO,https://doi.org/10.7937/tcia.eqde4b16,D1-0310,1.3.6.1.4.1.14519.5.2.1.1239.1759.143098064743720935596451342038,NA,07-18-2011,NA,NA,MG,Digital Mammography X-Ray Image Storage - For Presentation,1.2.840.10008.5.1.4.1.1.1.2,4,17.57 MB,./CMMD/D1-0310/1.3.6.1.4.1.14519.5.2.1.1239.1759.143098064743720935596451342038/1.3.6.1.4.1.14519.5.2.1.1239.1759.281246062783912132669609495548,2025-12-02T10:19:08.677168795
1.3.6.1.4.1.14519.5.2.1.1239.1759.871784956043701564128786897481,CMMD,NO,https://doi.org/10.7937/tcia.eqde4b16,D1-0321,1.3.6.1.4.1.14519.5.2.1.1239.1759.150035975421242814837574654840,NA,07-18-2010,NA,NA,MG,Digital Mammography X-Ray Image Storage - For Presentation,1.2.840.10008.5.1.4.1.1.1.2,2,8.79 MB,./CMMD/D1-0321/1.3.6.1.4.1.14519.5.2.1.1239.1759.150035975421242814837574654840/1.3.6.1.4.1.14519.5.2.1.1239.1759.871784956043701564128786897481,2025-12-02T10:19:16.054095408
1.3.6.1.4.1.14519.5.2.1.1239.1759.617772328881948540542557177638,CMMD,NO,https://doi.org/10.7937/tcia.eqde4b16,D1-0322,1.3.6.1.4.1.14519.5.2.1.1239.1759.296040963761643598199228076536,NA,07-18-2010,NA,NA,MG,Digital Mammography X-Ray Image Storage - For Presentation,1.2.840.10008.5.1.4.1.1.1.2,2,8.79 MB,./CMMD/D1-0322/1.3.6.1.4.1.14519.5.2.1.1239.1759.296040963761643598199228076536/1.3.6.1.4.1.14519.5.2.1.1239.1759.617772328881948540542557177638,2025-12-02T10:19:24.638917184
1.3.6.1.4.1.14519.5.2.1.1239.1759.158403785306035836327967370772,CMMD,NO,https://doi.org/10.7937/tcia.eqde4b16,D1-0324,1.3.6.1.4.1.14519.5.2.1.1239.1759.335492019447760202865646037762,NA,07-18-2010,NA,NA,MG,Digital Mammography X-Ray Image Storage - For Presentation,1.2.840.10008.5.1.4.1.1.1.2,2,8.79 MB,./CMMD/D1-0324/1.3.6.1.4.1.14519.5.2.1.1239.1759.335492019447760202865646037762/1.3.6.1.4.1.14519.5.2.1.1239.1759.158403785306035836327967370772,2025-12-02T10:19:25.778895543
1.3.6.1.4.1.14519.5.2.1.1239.1759.262877022961221655423099123044,CMMD,NO,https://doi.org/10.7937/tcia.eqde4b16,D1-0328,1.3.6.1.4.1.14519.5.2.1.1239.1759.518104565722107281578319043031,NA,07-18-2010,NA,NA,MG,Digital Mammography X-Ray Image Storage - For Presentation,1.2.840.10008.5.1.4.1.1.1.2,2,8.79 MB,./CMMD/D1-0328/1.3.6.1.4.1.14519.5.2.1.1239.1759.518104565722107281578319043031/1.3.6.1.4.1.14519.5.2.1.1239.1759.262877022961221655423099123044,2025-12-02T10:19:31.014919156
1.3.6.1.4.1.14519.5.2.1.1239.1759.720321689857191638114366148101,CMMD,NO,https://doi.org/10.7937/tcia.eqde4b16,D1-0326,1.3.6.1.4.1.14519.5.2.1.1239.1759.760863446952534813382087589731,NA,07-18-2010,NA,NA,MG,Digital Mammography X-Ray Image Storage - For Presentation,1.2.840.10008.5.1.4.1.1.1.2,2,8.79 MB,./CMMD/D1-0326/1.3.6.1.4.1.14519.5.2.1.1239.1759.760863446952534813382087589731/1.3.6.1.4.1.14519.5.2.1.1239.1759.720321689857191638114366148101,2025-12-02T10:19:32.373037254
1.3.6.1.4.1.14519.5.2.1.1239.1759.334056440996898697293091241527,CMMD,NO,https://doi.org/10.7937/tcia.eqde4b16,D1-0331,1.3.6.1.4.1.14519.5.2.1.1239.1759.211419270400631400484210130507,NA,07-18-2010,NA,NA,MG,Digital Mammography X-Ray Image Storage - For Presentation,1.2.840.10008.5.1.4.1.1.1.2,2,8.79 MB,./CMMD/D1-0331/1.3.6.1.4.1.14519.5.2.1.1239.1759.211419270400631400484210130507/1.3.6.1.4.1.14519.5.2.1.1239.1759.334056440996898697293091241527,2025-12-02T10:19:39.814621409
1.3.6.1.4.1.14519.5.2.1.1239.1759.159612155801389624280157159560,CMMD,NO,https://doi.org/10.7937/tcia.eqde4b16,D1-0332,1.3.6.1.4.1.14519.5.2.1.1239.1759.219512515164921656353584516635,NA,07-18-2010,NA,NA,MG,Digital Mammography X-Ray Image Storage - For Presentation,1.2.840.10008.5.1.4.1.1.1.2,2,8.79 MB,./CMMD/D1-0332/1.3.6.1.4.1.14519.5.2.1.1239.1759.219512515164921656353584516635/1.3.6.1.4.1.14519.5.2.1.1239.1759.159612155801389624280157159560,2025-12-02T10:19:43.620577935
1.3.6.1.4.1.14519.5.2.1.1239.1759.636711658299291579437453268480,CMMD,NO,https://doi.org/10.7937/tcia.eqde4b16,D1-0335,1.3.6.1.4.1.14519.5.2.1.1239.1759.109315998827290617636703367781,NA,07-18-2010,NA,NA,MG,Digital Mammography X-Ray Image Storage - For Presentation,1.2.840.10008.5.1.4.1.1.1.2,4,17.57 MB,./CMMD/D1-0335/1.3.6.1.4.1.14519.5.2.1.1239.1759.109315998827290617636703367781/1.3.6.1.4.1.14519.5.2.1.1239.1759.636711658299291579437453268480,2025-12-02T10:19:48.06652037
1.3.6.1.4.1.14519.5.2.1.1239.1759.294408182158306074514693960286,CMMD,NO,https://doi.org/10.7937/tcia.eqde4b16,D1-0338,1.3.6.1.4.1.14519.5.2.1.1239.1759.153059033556732652724961800999,NA,07-18-2010,NA,NA,MG,Digital Mammography X-Ray Image Storage - For Presentation,1.2.840.10008.5.1.4.1.1.1.2,2,8.79 MB,./CMMD/D1-0338/1.3.6.1.4.1.14519.5.2.1.1239.1759.153059033556732652724961800999/1.3.6.1.4.1.14519.5.2.1.1239.1759.294408182158306074514693960286,2025-12-02T10:19:52.459366163
1.3.6.1.4.1.14519.5.2.1.1239.1759.893715081269993145386269970895,CMMD,NO,https://doi.org/10.7937/tcia.eqde4b16,D1-0340,1.3.6.1.4.1.14519.5.2.1.1239.1759.185045973705182588684298758539,NA,07-18-2010,NA,NA,MG,Digital Mammography X-Ray Image Storage - For Presentation,1.2.840.10008.5.1.4.1.1.1.2,2,8.79 MB,./CMMD/D1-0340/1.3.6.1.4.1.14519.5.2.1.1239.1759.185045973705182588684298758539/1.3.6.1.4.1.14519.5.2.1.1239.1759.893715081269993145386269970895,2025-12-02T10:19:54.858484713
1.3.6.1.4.1.14519.5.2.1.1239.1759.272608743892344093642284587375,CMMD,NO,https://doi.org/10.7937/tcia.eqde4b16,D1-0342,1.3.6.1.4.1.14519.5.2.1.1239.1759.255254705018823959101703607579,NA,07-18-2010,NA,NA,MG,Digital Mammography X-Ray Image Storage - For Presentation,1.2.840.10008.5.1.4.1.1.1.2,2,8.79 MB,./CMMD/D1-0342/1.3.6.1.4.1.14519.5.2.1.1239.1759.255254705018823959101703607579/1.3.6.1.4.1.14519.5.2.1.1239.1759.272608743892344093642284587375,2025-12-02T10:19:58.198754508
1.3.6.1.4.1.14519.5.2.1.1239.1759.119821003279073173174579411573,CMMD,NO,https://doi.org/10.7937/tcia.eqde4b16,D1-0344,1.3.6.1.4.1.14519.5.2.1.1239.1759.309112313142431967242000729059,NA,07-18-2010,NA,NA,MG,Digital Mammography X-Ray Image Storage - For Presentation,1.2.840.10008.5.1.4.1.1.1.2,2,8.79 MB,./CMMD/D1-0344/1.3.6.1.4.1.14519.5.2.1.1239.1759.309112313142431967242000729059/1.3.6.1.4.1.14519.5.2.1.1239.1759.119821003279073173174579411573,2025-12-02T10:20:16.161096201
1.3.6.1.4.1.14519.5.2.1.1239.1759.281469214556621297599676017702,CMMD,NO,https://doi.org/10.7937/tcia.eqde4b16,D1-0350,1.3.6.1.4.1.14519.5.2.1.1239.1759.258673805697622248352153870823,NA,07-18-2010,NA,NA,MG,Digital Mammography X-Ray Image Storage - For Presentation,1.2.840.10008.5.1.4.1.1.1.2,2,8.79 MB,./CMMD/D1-0350/1.3.6.1.4.1.14519.5.2.1.1239.1759.258673805697622248352153870823/1.3.6.1.4.1.14519.5.2.1.1239.1759.281469214556621297599676017702,2025-12-02T10:20:17.479031721
1.3.6.1.4.1.14519.5.2.1.1239.1759.260560409172160464963109013074,CMMD,NO,https://doi.org/10.7937/tcia.eqde4b16,D1-0351,1.3.6.1.4.1.14519.5.2.1.1239.1759.314739709944059546372914202433,NA,07-18-2010,NA,NA,MG,Digital Mammography X-Ray Image Storage - For Presentation,1.2.840.10008.5.1.4.1.1.1.2,2,8.79 MB,./CMMD/D1-0351/1.3.6.1.4.1.14519.5.2.1.1239.1759.314739709944059546372914202433/1.3.6.1.4.1.14519.5.2.1.1239.1759.260560409172160464963109013074,2025-12-02T10:20:17.70290625
1.3.6.1.4.1.14519.5.2.1.1239.1759.564265628610807076494481338803,CMMD,NO,https://doi.org/10.7937/tcia.eqde4b16,D1-0355,1.3.6.1.4.1.14519.5.2.1.1239.1759.235449823084033796803664966487,NA,07-18-2010,NA,NA,MG,Digital Mammography X-Ray Image Storage - For Presentation,1.2.840.10008.5.1.4.1.1.1.2,2,8.79 MB,./CMMD/D1-0355/1.3.6.1.4.1.14519.5.2.1.1239.1759.235449823084033796803664966487/1.3.6.1.4.1.14519.5.2.1.1239.1759.564265628610807076494481338803,2025-12-02T10:20:28.707580935
1.3.6.1.4.1.14519.5.2.1.1239.1759.129843562612127010026585485409,CMMD,NO,https://doi.org/10.7937/tcia.eqde4b16,D1-0356,1.3.6.1.4.1.14519.5.2.1.1239.1759.214925602592215023325746431895,NA,07-18-2010,NA,NA,MG,Digital Mammography X-Ray Image Storage - For Presentation,1.2.840.10008.5.1.4.1.1.1.2,2,8.79 MB,./CMMD/D1-0356/1.3.6.1.4.1.14519.5.2.1.1239.1759.214925602592215023325746431895/1.3.6.1.4.1.14519.5.2.1.1239.1759.129843562612127010026585485409,2025-12-02T10:20:31.609818896
1.3.6.1.4.1.14519.5.2.1.1239.1759.247790435462959089163644870028,CMMD,NO,https://doi.org/10.7937/tcia.eqde4b16,D1-0358,1.3.6.1.4.1.14519.5.2.1.1239.1759.939141036006319663708246421888,NA,07-18-2010,NA,NA,MG,Digital Mammography X-Ray Image Storage - For Presentation,1.2.840.10008.5.1.4.1.1.1.2,2,8.79 MB,./CMMD/D1-0358/1.3.6.1.4.1.14519.5.2.1.1239.1759.939141036006319663708246421888/1.3.6.1.4.1.14519.5.2.1.1239.1759.247790435462959089163644870028,2025-12-02T10:20:32.016991568
1.3.6.1.4.1.14519.5.2.1.1239.1759.133465173541049138938350360599,CMMD,NO,https://doi.org/10.7937/tcia.eqde4b16,D1-0362,1.3.6.1.4.1.14519.5.2.1.1239.1759.453550911682965880235989410298,NA,07-18-2010,NA,NA,MG,Digital Mammography X-Ray Image Storage - For Presentation,1.2.840.10008.5.1.4.1.1.1.2,2,8.79 MB,./CMMD/D1-0362/1.3.6.1.4.1.14519.5.2.1.1239.1759.453550911682965880235989410298/1.3.6.1.4.1.14519.5.2.1.1239.1759.133465173541049138938350360599,2025-12-02T10:20:37.729532467
1.3.6.1.4.1.14519.5.2.1.1239.1759.298593514122822694097541504363,CMMD,NO,https://doi.org/10.7937/tcia.eqde4b16,D1-0364,1.3.6.1.4.1.14519.5.2.1.1239.1759.338607144640785856745587079758,NA,07-18-2010,NA,NA,MG,Digital Mammography X-Ray Image Storage - For Presentation,1.2.840.10008.5.1.4.1.1.1.2,2,8.79 MB,./CMMD/D1-0364/1.3.6.1.4.1.14519.5.2.1.1239.1759.338607144640785856745587079758/1.3.6.1.4.1.14519.5.2.1.1239.1759.298593514122822694097541504363,2025-12-02T10:20:44.774888617
1.3.6.1.4.1.14519.5.2.1.1239.1759.140643742979331571116615660064,CMMD,NO,https://doi.org/10.7937/tcia.eqde4b16,D1-0363,1.3.6.1.4.1.14519.5.2.1.1239.1759.258015727961939792342821291218,NA,07-18-2010,NA,NA,MG,Digital Mammography X-Ray Image Storage - For Presentation,1.2.840.10008.5.1.4.1.1.1.2,2,8.79 MB,./CMMD/D1-0363/1.3.6.1.4.1.14519.5.2.1.1239.1759.258015727961939792342821291218/1.3.6.1.4.1.14519.5.2.1.1239.1759.140643742979331571116615660064,2025-12-02T10:20:45.883960796
1.3.6.1.4.1.14519.5.2.1.1239.1759.251297185171233868823588641872,CMMD,NO,https://doi.org/10.7937/tcia.eqde4b16,D1-0365,1.3.6.1.4.1.14519.5.2.1.1239.1759.120490678886197941270167301830,NA,07-18-2010,NA,NA,MG,Digital Mammography X-Ray Image Storage - For Presentation,1.2.840.10008.5.1.4.1.1.1.2,2,8.79 MB,./CMMD/D1-0365/1.3.6.1.4.1.14519.5.2.1.1239.1759.120490678886197941270167301830/1.3.6.1.4.1.14519.5.2.1.1239.1759.251297185171233868823588641872,2025-12-02T10:20:51.639049314
1.3.6.1.4.1.14519.5.2.1.1239.1759.610157225492994918156474626011,CMMD,NO,https://doi.org/10.7937/tcia.eqde4b16,D1-0366,1.3.6.1.4.1.14519.5.2.1.1239.1759.526253945134271846115449467458,NA,07-18-2010,NA,NA,MG,Digital Mammography X-Ray Image Storage - For Presentation,1.2.840.10008.5.1.4.1.1.1.2,2,8.79 MB,./CMMD/D1-0366/1.3.6.1.4.1.14519.5.2.1.1239.1759.526253945134271846115449467458/1.3.6.1.4.1.14519.5.2.1.1239.1759.610157225492994918156474626011,2025-12-02T10:20:53.902729756
1.3.6.1.4.1.14519.5.2.1.1239.1759.852178487547311980764740456545,CMMD,NO,https://doi.org/10.7937/tcia.eqde4b16,D1-0367,1.3.6.1.4.1.14519.5.2.1.1239.1759.674650160939685431861934414905,NA,07-18-2010,NA,NA,MG,Digital Mammography X-Ray Image Storage - For Presentation,1.2.840.10008.5.1.4.1.1.1.2,2,8.79 MB,./CMMD/D1-0367/1.3.6.1.4.1.14519.5.2.1.1239.1759.674650160939685431861934414905/1.3.6.1.4.1.14519.5.2.1.1239.1759.852178487547311980764740456545,2025-12-02T10:20:58.210760363
1.3.6.1.4.1.14519.5.2.1.1239.1759.211272014181055269977342677155,CMMD,NO,https://doi.org/10.7937/tcia.eqde4b16,D1-0368,1.3.6.1.4.1.14519.5.2.1.1239.1759.325489318388804849571993770675,NA,07-18-2010,NA,NA,MG,Digital Mammography X-Ray Image Storage - For Presentation,1.2.840.10008.5.1.4.1.1.1.2,2,8.79 MB,./CMMD/D1-0368/1.3.6.1.4.1.14519.5.2.1.1239.1759.325489318388804849571993770675/1.3.6.1.4.1.14519.5.2.1.1239.1759.211272014181055269977342677155,2025-12-02T10:21:03.566527431
1.3.6.1.4.1.14519.5.2.1.1239.1759.761480647414660691293846904660,CMMD,NO,https://doi.org/10.7937/tcia.eqde4b16,D1-0369,1.3.6.1.4.1.14519.5.2.1.1239.1759.331258081942733565690464271857,NA,07-18-2010,NA,NA,MG,Digital Mammography X-Ray Image Storage - For Presentation,1.2.840.10008.5.1.4.1.1.1.2,2,8.79 MB,./CMMD/D1-0369/1.3.6.1.4.1.14519.5.2.1.1239.1759.331258081942733565690464271857/1.3.6.1.4.1.14519.5.2.1.1239.1759.761480647414660691293846904660,2025-12-02T10:21:07.464790457
1.3.6.1.4.1.14519.5.2.1.1239.1759.432657076812797425472836144899,CMMD,NO,https://doi.org/10.7937/tcia.eqde4b16,D1-0372,1.3.6.1.4.1.14519.5.2.1.1239.1759.372289853591267415910930526180,NA,07-18-2010,NA,NA,MG,Digital Mammography X-Ray Image Storage - For Presentation,1.2.840.10008.5.1.4.1.1.1.2,2,8.79 MB,./CMMD/D1-0372/1.3.6.1.4.1.14519.5.2.1.1239.1759.372289853591267415910930526180/1.3.6.1.4.1.14519.5.2.1.1239.1759.432657076812797425472836144899,2025-12-02T10:21:10.746932272
1.3.6.1.4.1.14519.5.2.1.1239.1759.157284423090103672418409099554,CMMD,NO,https://doi.org/10.7937/tcia.eqde4b16,D1-0376,1.3.6.1.4.1.14519.5.2.1.1239.1759.336675425683240998446152557117,NA,07-18-2010,NA,NA,MG,Digital Mammography X-Ray Image Storage - For Presentation,1.2.840.10008.5.1.4.1.1.1.2,2,8.79 MB,./CMMD/D1-0376/1.3.6.1.4.1.14519.5.2.1.1239.1759.336675425683240998446152557117/1.3.6.1.4.1.14519.5.2.1.1239.1759.157284423090103672418409099554,2025-12-02T10:21:21.399609606
1.3.6.1.4.1.14519.5.2.1.1239.1759.226373417540627809148161631615,CMMD,NO,https://doi.org/10.7937/tcia.eqde4b16,D1-0373,1.3.6.1.4.1.14519.5.2.1.1239.1759.447470279822751611486073467224,NA,07-18-2010,NA,NA,MG,Digital Mammography X-Ray Image Storage - For Presentation,1.2.840.10008.5.1.4.1.1.1.2,4,17.57 MB,./CMMD/D1-0373/1.3.6.1.4.1.14519.5.2.1.1239.1759.447470279822751611486073467224/1.3.6.1.4.1.14519.5.2.1.1239.1759.226373417540627809148161631615,2025-12-02T10:21:21.550377524
1.3.6.1.4.1.14519.5.2.1.1239.1759.877425693015040864318692194276,CMMD,NO,https://doi.org/10.7937/tcia.eqde4b16,D1-0374,1.3.6.1.4.1.14519.5.2.1.1239.1759.255003149589586078303373825514,NA,07-18-2010,NA,NA,MG,Digital Mammography X-Ray Image Storage - For Presentation,1.2.840.10008.5.1.4.1.1.1.2,2,8.79 MB,./CMMD/D1-0374/1.3.6.1.4.1.14519.5.2.1.1239.1759.255003149589586078303373825514/1.3.6.1.4.1.14519.5.2.1.1239.1759.877425693015040864318692194276,2025-12-02T10:21:23.394938296
1.3.6.1.4.1.14519.5.2.1.1239.1759.694835299767681581027656656384,CMMD,NO,https://doi.org/10.7937/tcia.eqde4b16,D1-0380,1.3.6.1.4.1.14519.5.2.1.1239.1759.281159206598177370484558166500,NA,07-18-2010,NA,NA,MG,Digital Mammography X-Ray Image Storage - For Presentation,1.2.840.10008.5.1.4.1.1.1.2,2,8.79 MB,./CMMD/D1-0380/1.3.6.1.4.1.14519.5.2.1.1239.1759.281159206598177370484558166500/1.3.6.1.4.1.14519.5.2.1.1239.1759.694835299767681581027656656384,2025-12-02T10:21:32.637476837
1.3.6.1.4.1.14519.5.2.1.1239.1759.207583640487068275067550387222,CMMD,NO,https://doi.org/10.7937/tcia.eqde4b16,D1-0381,1.3.6.1.4.1.14519.5.2.1.1239.1759.326385732970392279853627750727,NA,07-18-2010,NA,NA,MG,Digital Mammography X-Ray Image Storage - For Presentation,1.2.840.10008.5.1.4.1.1.1.2,2,8.79 MB,./CMMD/D1-0381/1.3.6.1.4.1.14519.5.2.1.1239.1759.326385732970392279853627750727/1.3.6.1.4.1.14519.5.2.1.1239.1759.207583640487068275067550387222,2025-12-02T10:21:34.959442104
1.3.6.1.4.1.14519.5.2.1.1239.1759.518182268898392665207668547468,CMMD,NO,https://doi.org/10.7937/tcia.eqde4b16,D1-0388,1.3.6.1.4.1.14519.5.2.1.1239.1759.311765993546884792629256750308,NA,07-18-2010,NA,NA,MG,Digital Mammography X-Ray Image Storage - For Presentation,1.2.840.10008.5.1.4.1.1.1.2,2,8.79 MB,./CMMD/D1-0388/1.3.6.1.4.1.14519.5.2.1.1239.1759.311765993546884792629256750308/1.3.6.1.4.1.14519.5.2.1.1239.1759.518182268898392665207668547468,2025-12-02T10:21:40.905399462
1.3.6.1.4.1.14519.5.2.1.1239.1759.205523944423193240239609930608,CMMD,NO,https://doi.org/10.7937/tcia.eqde4b16,D1-0378,1.3.6.1.4.1.14519.5.2.1.1239.1759.126408170536848010021018076508,NA,07-18-2010,NA,NA,MG,Digital Mammography X-Ray Image Storage - For Presentation,1.2.840.10008.5.1.4.1.1.1.2,2,8.79 MB,./CMMD/D1-0378/1.3.6.1.4.1.14519.5.2.1.1239.1759.126408170536848010021018076508/1.3.6.1.4.1.14519.5.2.1.1239.1759.205523944423193240239609930608,2025-12-02T10:21:41.22090769
1.3.6.1.4.1.14519.5.2.1.1239.1759.206021295705077661490754498706,CMMD,NO,https://doi.org/10.7937/tcia.eqde4b16,D1-0387,1.3.6.1.4.1.14519.5.2.1.1239.1759.238894833822157155141152372080,NA,07-18-2010,NA,NA,MG,Digital Mammography X-Ray Image Storage - For Presentation,1.2.840.10008.5.1.4.1.1.1.2,2,8.79 MB,./CMMD/D1-0387/1.3.6.1.4.1.14519.5.2.1.1239.1759.238894833822157155141152372080/1.3.6.1.4.1.14519.5.2.1.1239.1759.206021295705077661490754498706,2025-12-02T10:21:48.479305493
1.3.6.1.4.1.14519.5.2.1.1239.1759.197575469432628079246252584216,CMMD,NO,https://doi.org/10.7937/tcia.eqde4b16,D1-0391,1.3.6.1.4.1.14519.5.2.1.1239.1759.632189073269170857938244900133,NA,07-18-2010,NA,NA,MG,Digital Mammography X-Ray Image Storage - For Presentation,1.2.840.10008.5.1.4.1.1.1.2,2,8.79 MB,./CMMD/D1-0391/1.3.6.1.4.1.14519.5.2.1.1239.1759.632189073269170857938244900133/1.3.6.1.4.1.14519.5.2.1.1239.1759.197575469432628079246252584216,2025-12-02T10:21:55.649021004
1.3.6.1.4.1.14519.5.2.1.1239.1759.283594967373851577737394526923,CMMD,NO,https://doi.org/10.7937/tcia.eqde4b16,D1-0390,1.3.6.1.4.1.14519.5.2.1.1239.1759.195652438728482092373435607269,NA,07-18-2010,NA,NA,MG,Digital Mammography X-Ray Image Storage - For Presentation,1.2.840.10008.5.1.4.1.1.1.2,2,8.79 MB,./CMMD/D1-0390/1.3.6.1.4.1.14519.5.2.1.1239.1759.195652438728482092373435607269/1.3.6.1.4.1.14519.5.2.1.1239.1759.283594967373851577737394526923,2025-12-02T10:21:56.088194845
1.3.6.1.4.1.14519.5.2.1.1239.1759.219762288815077791670504480813,CMMD,NO,https://doi.org/10.7937/tcia.eqde4b16,D1-0389,1.3.6.1.4.1.14519.5.2.1.1239.1759.199722399744918052924855181491,NA,07-18-2010,NA,NA,MG,Digital Mammography X-Ray Image Storage - For Presentation,1.2.840.10008.5.1.4.1.1.1.2,2,8.79 MB,./CMMD/D1-0389/1.3.6.1.4.1.14519.5.2.1.1239.1759.199722399744918052924855181491/1.3.6.1.4.1.14519.5.2.1.1239.1759.219762288815077791670504480813,2025-12-02T10:22:00.552799197
1.3.6.1.4.1.14519.5.2.1.1239.1759.235532531998127447786833225004,CMMD,NO,https://doi.org/10.7937/tcia.eqde4b16,D1-0392,1.3.6.1.4.1.14519.5.2.1.1239.1759.319973746016332399471908463011,NA,07-18-2010,NA,NA,MG,Digital Mammography X-Ray Image Storage - For Presentation,1.2.840.10008.5.1.4.1.1.1.2,2,8.79 MB,./CMMD/D1-0392/1.3.6.1.4.1.14519.5.2.1.1239.1759.319973746016332399471908463011/1.3.6.1.4.1.14519.5.2.1.1239.1759.235532531998127447786833225004,2025-12-02T10:22:02.463561061
1.3.6.1.4.1.14519.5.2.1.1239.1759.685048116838601220596665129528,CMMD,NO,https://doi.org/10.7937/tcia.eqde4b16,D1-0393,1.3.6.1.4.1.14519.5.2.1.1239.1759.171800074893846241606484945196,NA,07-18-2010,NA,NA,MG,Digital Mammography X-Ray Image Storage - For Presentation,1.2.840.10008.5.1.4.1.1.1.2,2,8.79 MB,./CMMD/D1-0393/1.3.6.1.4.1.14519.5.2.1.1239.1759.171800074893846241606484945196/1.3.6.1.4.1.14519.5.2.1.1239.1759.685048116838601220596665129528,2025-12-02T10:22:08.89414686
1.3.6.1.4.1.14519.5.2.1.1239.1759.301454687657565550415366725654,CMMD,NO,https://doi.org/10.7937/tcia.eqde4b16,D1-0396,1.3.6.1.4.1.14519.5.2.1.1239.1759.164213000659123452040480745476,NA,07-18-2010,NA,NA,MG,Digital Mammography X-Ray Image Storage - For Presentation,1.2.840.10008.5.1.4.1.1.1.2,2,8.79 MB,./CMMD/D1-0396/1.3.6.1.4.1.14519.5.2.1.1239.1759.164213000659123452040480745476/1.3.6.1.4.1.14519.5.2.1.1239.1759.301454687657565550415366725654,2025-12-02T10:22:12.62723928
1.3.6.1.4.1.14519.5.2.1.1239.1759.304886413962993080476269844514,CMMD,NO,https://doi.org/10.7937/tcia.eqde4b16,D1-0394,1.3.6.1.4.1.14519.5.2.1.1239.1759.246406858622659305958467260824,NA,07-18-2010,NA,NA,MG,Digital Mammography X-Ray Image Storage - For Presentation,1.2.840.10008.5.1.4.1.1.1.2,2,8.79 MB,./CMMD/D1-0394/1.3.6.1.4.1.14519.5.2.1.1239.1759.246406858622659305958467260824/1.3.6.1.4.1.14519.5.2.1.1239.1759.304886413962993080476269844514,2025-12-02T10:22:16.304606028
1.3.6.1.4.1.14519.5.2.1.1239.1759.201395535268903071037278767260,CMMD,NO,https://doi.org/10.7937/tcia.eqde4b16,D1-0397,1.3.6.1.4.1.14519.5.2.1.1239.1759.130724491706654924266324890735,NA,07-18-2010,NA,NA,MG,Digital Mammography X-Ray Image Storage - For Presentation,1.2.840.10008.5.1.4.1.1.1.2,2,8.79 MB,./CMMD/D1-0397/1.3.6.1.4.1.14519.5.2.1.1239.1759.130724491706654924266324890735/1.3.6.1.4.1.14519.5.2.1.1239.1759.201395535268903071037278767260,2025-12-02T10:22:21.171464416
1.3.6.1.4.1.14519.5.2.1.1239.1759.222176296763354911793041032663,CMMD,NO,https://doi.org/10.7937/tcia.eqde4b16,D1-0400,1.3.6.1.4.1.14519.5.2.1.1239.1759.273789182766515950448221624478,NA,07-18-2010,NA,NA,MG,Digital Mammography X-Ray Image Storage - For Presentation,1.2.840.10008.5.1.4.1.1.1.2,2,8.79 MB,./CMMD/D1-0400/1.3.6.1.4.1.14519.5.2.1.1239.1759.273789182766515950448221624478/1.3.6.1.4.1.14519.5.2.1.1239.1759.222176296763354911793041032663,2025-12-02T10:22:26.273194819
1.3.6.1.4.1.14519.5.2.1.1239.1759.429361080001780986071572677279,CMMD,NO,https://doi.org/10.7937/tcia.eqde4b16,D1-0398,1.3.6.1.4.1.14519.5.2.1.1239.1759.190442431125643930380808951839,NA,07-18-2010,NA,NA,MG,Digital Mammography X-Ray Image Storage - For Presentation,1.2.840.10008.5.1.4.1.1.1.2,2,8.79 MB,./CMMD/D1-0398/1.3.6.1.4.1.14519.5.2.1.1239.1759.190442431125643930380808951839/1.3.6.1.4.1.14519.5.2.1.1239.1759.429361080001780986071572677279,2025-12-02T10:22:30.631774492
1.3.6.1.4.1.14519.5.2.1.1239.1759.255675468707430836800750234738,CMMD,NO,https://doi.org/10.7937/tcia.eqde4b16,D1-0411,1.3.6.1.4.1.14519.5.2.1.1239.1759.255111222382787458096753970279,NA,07-18-2010,NA,NA,MG,Digital Mammography X-Ray Image Storage - For Presentation,1.2.840.10008.5.1.4.1.1.1.2,2,8.79 MB,./CMMD/D1-0411/1.3.6.1.4.1.14519.5.2.1.1239.1759.255111222382787458096753970279/1.3.6.1.4.1.14519.5.2.1.1239.1759.255675468707430836800750234738,2025-12-02T10:22:37.936363532
1.3.6.1.4.1.14519.5.2.1.1239.1759.248122985767984921475964719610,CMMD,NO,https://doi.org/10.7937/tcia.eqde4b16,D1-0410,1.3.6.1.4.1.14519.5.2.1.1239.1759.481171391318743519082112681016,NA,07-18-2010,NA,NA,MG,Digital Mammography X-Ray Image Storage - For Presentation,1.2.840.10008.5.1.4.1.1.1.2,2,8.79 MB,./CMMD/D1-0410/1.3.6.1.4.1.14519.5.2.1.1239.1759.481171391318743519082112681016/1.3.6.1.4.1.14519.5.2.1.1239.1759.248122985767984921475964719610,2025-12-02T10:22:43.046694748
1.3.6.1.4.1.14519.5.2.1.1239.1759.202506710509386854732142097302,CMMD,NO,https://doi.org/10.7937/tcia.eqde4b16,D1-0413,1.3.6.1.4.1.14519.5.2.1.1239.1759.310210912407135365119673600976,NA,07-18-2010,NA,NA,MG,Digital Mammography X-Ray Image Storage - For Presentation,1.2.840.10008.5.1.4.1.1.1.2,2,8.79 MB,./CMMD/D1-0413/1.3.6.1.4.1.14519.5.2.1.1239.1759.310210912407135365119673600976/1.3.6.1.4.1.14519.5.2.1.1239.1759.202506710509386854732142097302,2025-12-02T10:22:44.930516375
1.3.6.1.4.1.14519.5.2.1.1239.1759.971901137146781069064694037792,CMMD,NO,https://doi.org/10.7937/tcia.eqde4b16,D1-0414,1.3.6.1.4.1.14519.5.2.1.1239.1759.437660090426281062796642840425,NA,07-18-2010,NA,NA,MG,Digital Mammography X-Ray Image Storage - For Presentation,1.2.840.10008.5.1.4.1.1.1.2,2,8.79 MB,./CMMD/D1-0414/1.3.6.1.4.1.14519.5.2.1.1239.1759.437660090426281062796642840425/1.3.6.1.4.1.14519.5.2.1.1239.1759.971901137146781069064694037792,2025-12-02T10:22:56.624207871
1.3.6.1.4.1.14519.5.2.1.1239.1759.188196129637158862201923101438,CMMD,NO,https://doi.org/10.7937/tcia.eqde4b16,D1-0422,1.3.6.1.4.1.14519.5.2.1.1239.1759.216666009965878047312811361232,NA,07-18-2010,NA,NA,MG,Digital Mammography X-Ray Image Storage - For Presentation,1.2.840.10008.5.1.4.1.1.1.2,2,8.79 MB,./CMMD/D1-0422/1.3.6.1.4.1.14519.5.2.1.1239.1759.216666009965878047312811361232/1.3.6.1.4.1.14519.5.2.1.1239.1759.188196129637158862201923101438,2025-12-02T10:23:00.620584018
1.3.6.1.4.1.14519.5.2.1.1239.1759.230663481306029179230042475740,CMMD,NO,https://doi.org/10.7937/tcia.eqde4b16,D1-0420,1.3.6.1.4.1.14519.5.2.1.1239.1759.104032511151480137059730545660,NA,07-18-2010,NA,NA,MG,Digital Mammography X-Ray Image Storage - For Presentation,1.2.840.10008.5.1.4.1.1.1.2,2,8.79 MB,./CMMD/D1-0420/1.3.6.1.4.1.14519.5.2.1.1239.1759.104032511151480137059730545660/1.3.6.1.4.1.14519.5.2.1.1239.1759.230663481306029179230042475740,2025-12-02T10:23:10.457698181
1.3.6.1.4.1.14519.5.2.1.1239.1759.683288743339178370759137346030,CMMD,NO,https://doi.org/10.7937/tcia.eqde4b16,D1-0423,1.3.6.1.4.1.14519.5.2.1.1239.1759.122249183544461122355713100595,NA,07-18-2010,NA,NA,MG,Digital Mammography X-Ray Image Storage - For Presentation,1.2.840.10008.5.1.4.1.1.1.2,2,8.79 MB,./CMMD/D1-0423/1.3.6.1.4.1.14519.5.2.1.1239.1759.122249183544461122355713100595/1.3.6.1.4.1.14519.5.2.1.1239.1759.683288743339178370759137346030,2025-12-02T10:23:10.742121351
1.3.6.1.4.1.14519.5.2.1.1239.1759.155085411831263411715217303010,CMMD,NO,https://doi.org/10.7937/tcia.eqde4b16,D1-0427,1.3.6.1.4.1.14519.5.2.1.1239.1759.151990987036217914206088710491,NA,07-18-2010,NA,NA,MG,Digital Mammography X-Ray Image Storage - For Presentation,1.2.840.10008.5.1.4.1.1.1.2,2,8.79 MB,./CMMD/D1-0427/1.3.6.1.4.1.14519.5.2.1.1239.1759.151990987036217914206088710491/1.3.6.1.4.1.14519.5.2.1.1239.1759.155085411831263411715217303010,2025-12-02T10:23:12.704648479
1.3.6.1.4.1.14519.5.2.1.1239.1759.121786992795569184591687794142,CMMD,NO,https://doi.org/10.7937/tcia.eqde4b16,D1-0430,1.3.6.1.4.1.14519.5.2.1.1239.1759.572028051330288124535374960359,NA,07-18-2010,NA,NA,MG,Digital Mammography X-Ray Image Storage - For Presentation,1.2.840.10008.5.1.4.1.1.1.2,2,8.79 MB,./CMMD/D1-0430/1.3.6.1.4.1.14519.5.2.1.1239.1759.572028051330288124535374960359/1.3.6.1.4.1.14519.5.2.1.1239.1759.121786992795569184591687794142,2025-12-02T10:23:17.504255324
1.3.6.1.4.1.14519.5.2.1.1239.1759.174321655213244619113764956589,CMMD,NO,https://doi.org/10.7937/tcia.eqde4b16,D1-0428,1.3.6.1.4.1.14519.5.2.1.1239.1759.274570922530888478484776286765,NA,07-18-2010,NA,NA,MG,Digital Mammography X-Ray Image Storage - For Presentation,1.2.840.10008.5.1.4.1.1.1.2,2,8.79 MB,./CMMD/D1-0428/1.3.6.1.4.1.14519.5.2.1.1239.1759.274570922530888478484776286765/1.3.6.1.4.1.14519.5.2.1.1239.1759.174321655213244619113764956589,2025-12-02T10:23:26.350128458
1.3.6.1.4.1.14519.5.2.1.1239.1759.154817806763299552019165429872,CMMD,NO,https://doi.org/10.7937/tcia.eqde4b16,D1-0433,1.3.6.1.4.1.14519.5.2.1.1239.1759.310081640570537660756735452762,NA,07-18-2010,NA,NA,MG,Digital Mammography X-Ray Image Storage - For Presentation,1.2.840.10008.5.1.4.1.1.1.2,2,8.79 MB,./CMMD/D1-0433/1.3.6.1.4.1.14519.5.2.1.1239.1759.310081640570537660756735452762/1.3.6.1.4.1.14519.5.2.1.1239.1759.154817806763299552019165429872,2025-12-02T10:23:27.927655159
1.3.6.1.4.1.14519.5.2.1.1239.1759.869353762625754962950010354769,CMMD,NO,https://doi.org/10.7937/tcia.eqde4b16,D1-0435,1.3.6.1.4.1.14519.5.2.1.1239.1759.410140766421007529239407587877,NA,07-18-2010,NA,NA,MG,Digital Mammography X-Ray Image Storage - For Presentation,1.2.840.10008.5.1.4.1.1.1.2,2,8.79 MB,./CMMD/D1-0435/1.3.6.1.4.1.14519.5.2.1.1239.1759.410140766421007529239407587877/1.3.6.1.4.1.14519.5.2.1.1239.1759.869353762625754962950010354769,2025-12-02T10:23:30.113096736
1.3.6.1.4.1.14519.5.2.1.1239.1759.375229427476466040352785552910,CMMD,NO,https://doi.org/10.7937/tcia.eqde4b16,D1-0436,1.3.6.1.4.1.14519.5.2.1.1239.1759.298401743341130801305774911274,NA,07-18-2010,NA,NA,MG,Digital Mammography X-Ray Image Storage - For Presentation,1.2.840.10008.5.1.4.1.1.1.2,2,8.79 MB,./CMMD/D1-0436/1.3.6.1.4.1.14519.5.2.1.1239.1759.298401743341130801305774911274/1.3.6.1.4.1.14519.5.2.1.1239.1759.375229427476466040352785552910,2025-12-02T10:23:38.685354102
1.3.6.1.4.1.14519.5.2.1.1239.1759.219274765725123879130108301659,CMMD,NO,https://doi.org/10.7937/tcia.eqde4b16,D1-0449,1.3.6.1.4.1.14519.5.2.1.1239.1759.218481543871324513327856426283,NA,07-18-2010,NA,NA,MG,Digital Mammography X-Ray Image Storage - For Presentation,1.2.840.10008.5.1.4.1.1.1.2,2,8.79 MB,./CMMD/D1-0449/1.3.6.1.4.1.14519.5.2.1.1239.1759.218481543871324513327856426283/1.3.6.1.4.1.14519.5.2.1.1239.1759.219274765725123879130108301659,2025-12-02T10:23:43.027605482
1.3.6.1.4.1.14519.5.2.1.1239.1759.334826038692113661805972629357,CMMD,NO,https://doi.org/10.7937/tcia.eqde4b16,D1-0439,1.3.6.1.4.1.14519.5.2.1.1239.1759.740466081538143735943813100156,NA,07-18-2010,NA,NA,MG,Digital Mammography X-Ray Image Storage - For Presentation,1.2.840.10008.5.1.4.1.1.1.2,2,8.79 MB,./CMMD/D1-0439/1.3.6.1.4.1.14519.5.2.1.1239.1759.740466081538143735943813100156/1.3.6.1.4.1.14519.5.2.1.1239.1759.334826038692113661805972629357,2025-12-02T10:23:44.849582952
1.3.6.1.4.1.14519.5.2.1.1239.1759.113350256255953962238332413668,CMMD,NO,https://doi.org/10.7937/tcia.eqde4b16,D1-0451,1.3.6.1.4.1.14519.5.2.1.1239.1759.308608687675623803144917412828,NA,07-18-2010,NA,NA,MG,Digital Mammography X-Ray Image Storage - For Presentation,1.2.840.10008.5.1.4.1.1.1.2,2,8.79 MB,./CMMD/D1-0451/1.3.6.1.4.1.14519.5.2.1.1239.1759.308608687675623803144917412828/1.3.6.1.4.1.14519.5.2.1.1239.1759.113350256255953962238332413668,2025-12-02T10:23:54.247260302
1.3.6.1.4.1.14519.5.2.1.1239.1759.777730178734811538041900743017,CMMD,NO,https://doi.org/10.7937/tcia.eqde4b16,D1-0450,1.3.6.1.4.1.14519.5.2.1.1239.1759.318940470829859891603680793678,NA,07-18-2010,NA,NA,MG,Digital Mammography X-Ray Image Storage - For Presentation,1.2.840.10008.5.1.4.1.1.1.2,2,8.79 MB,./CMMD/D1-0450/1.3.6.1.4.1.14519.5.2.1.1239.1759.318940470829859891603680793678/1.3.6.1.4.1.14519.5.2.1.1239.1759.777730178734811538041900743017,2025-12-02T10:23:56.270732623
1.3.6.1.4.1.14519.5.2.1.1239.1759.264695848770787262522128085286,CMMD,NO,https://doi.org/10.7937/tcia.eqde4b16,D1-0452,1.3.6.1.4.1.14519.5.2.1.1239.1759.272132913759607328786299719480,NA,07-18-2010,NA,NA,MG,Digital Mammography X-Ray Image Storage - For Presentation,1.2.840.10008.5.1.4.1.1.1.2,2,8.79 MB,./CMMD/D1-0452/1.3.6.1.4.1.14519.5.2.1.1239.1759.272132913759607328786299719480/1.3.6.1.4.1.14519.5.2.1.1239.1759.264695848770787262522128085286,2025-12-02T10:24:00.657239586
1.3.6.1.4.1.14519.5.2.1.1239.1759.319003124071706100024219335543,CMMD,NO,https://doi.org/10.7937/tcia.eqde4b16,D1-0455,1.3.6.1.4.1.14519.5.2.1.1239.1759.205002548817900741345043007951,NA,07-18-2010,NA,NA,MG,Digital Mammography X-Ray Image Storage - For Presentation,1.2.840.10008.5.1.4.1.1.1.2,2,8.79 MB,./CMMD/D1-0455/1.3.6.1.4.1.14519.5.2.1.1239.1759.205002548817900741345043007951/1.3.6.1.4.1.14519.5.2.1.1239.1759.319003124071706100024219335543,2025-12-02T10:24:07.900256524
1.3.6.1.4.1.14519.5.2.1.1239.1759.129479397800801106918562951704,CMMD,NO,https://doi.org/10.7937/tcia.eqde4b16,D1-0453,1.3.6.1.4.1.14519.5.2.1.1239.1759.123050778438893706466570198314,NA,07-18-2010,NA,NA,MG,Digital Mammography X-Ray Image Storage - For Presentation,1.2.840.10008.5.1.4.1.1.1.2,2,8.79 MB,./CMMD/D1-0453/1.3.6.1.4.1.14519.5.2.1.1239.1759.123050778438893706466570198314/1.3.6.1.4.1.14519.5.2.1.1239.1759.129479397800801106918562951704,2025-12-02T10:24:08.75824572
1.3.6.1.4.1.14519.5.2.1.1239.1759.258765446365710944596067855474,CMMD,NO,https://doi.org/10.7937/tcia.eqde4b16,D1-0457,1.3.6.1.4.1.14519.5.2.1.1239.1759.319131476243527643608040880137,NA,07-18-2010,NA,NA,MG,Digital Mammography X-Ray Image Storage - For Presentation,1.2.840.10008.5.1.4.1.1.1.2,2,8.79 MB,./CMMD/D1-0457/1.3.6.1.4.1.14519.5.2.1.1239.1759.319131476243527643608040880137/1.3.6.1.4.1.14519.5.2.1.1239.1759.258765446365710944596067855474,2025-12-02T10:24:11.388261952
1.3.6.1.4.1.14519.5.2.1.1239.1759.607625134433118405845464059562,CMMD,NO,https://doi.org/10.7937/tcia.eqde4b16,D1-0461,1.3.6.1.4.1.14519.5.2.1.1239.1759.274786918883183129687356903206,NA,07-18-2010,NA,NA,MG,Digital Mammography X-Ray Image Storage - For Presentation,1.2.840.10008.5.1.4.1.1.1.2,2,8.79 MB,./CMMD/D1-0461/1.3.6.1.4.1.14519.5.2.1.1239.1759.274786918883183129687356903206/1.3.6.1.4.1.14519.5.2.1.1239.1759.607625134433118405845464059562,2025-12-02T10:24:22.251938208
1.3.6.1.4.1.14519.5.2.1.1239.1759.302212118735360636844946122932,CMMD,NO,https://doi.org/10.7937/tcia.eqde4b16,D1-0463,1.3.6.1.4.1.14519.5.2.1.1239.1759.159179264800209648160082559255,NA,07-18-2010,NA,NA,MG,Digital Mammography X-Ray Image Storage - For Presentation,1.2.840.10008.5.1.4.1.1.1.2,2,8.79 MB,./CMMD/D1-0463/1.3.6.1.4.1.14519.5.2.1.1239.1759.159179264800209648160082559255/1.3.6.1.4.1.14519.5.2.1.1239.1759.302212118735360636844946122932,2025-12-02T10:24:23.542944087
1.3.6.1.4.1.14519.5.2.1.1239.1759.391355644811513391838321724440,CMMD,NO,https://doi.org/10.7937/tcia.eqde4b16,D1-0462,1.3.6.1.4.1.14519.5.2.1.1239.1759.290946938956527478832934973031,NA,07-18-2010,NA,NA,MG,Digital Mammography X-Ray Image Storage - For Presentation,1.2.840.10008.5.1.4.1.1.1.2,2,8.79 MB,./CMMD/D1-0462/1.3.6.1.4.1.14519.5.2.1.1239.1759.290946938956527478832934973031/1.3.6.1.4.1.14519.5.2.1.1239.1759.391355644811513391838321724440,2025-12-02T10:24:24.355050606
1.3.6.1.4.1.14519.5.2.1.1239.1759.152563282745867939508730270727,CMMD,NO,https://doi.org/10.7937/tcia.eqde4b16,D1-0464,1.3.6.1.4.1.14519.5.2.1.1239.1759.199107069883159729363314621906,NA,07-18-2010,NA,NA,MG,Digital Mammography X-Ray Image Storage - For Presentation,1.2.840.10008.5.1.4.1.1.1.2,2,8.79 MB,./CMMD/D1-0464/1.3.6.1.4.1.14519.5.2.1.1239.1759.199107069883159729363314621906/1.3.6.1.4.1.14519.5.2.1.1239.1759.152563282745867939508730270727,2025-12-02T10:24:34.058034541
1.3.6.1.4.1.14519.5.2.1.1239.1759.281965849698142642863108837469,CMMD,NO,https://doi.org/10.7937/tcia.eqde4b16,D1-0472,1.3.6.1.4.1.14519.5.2.1.1239.1759.439673919146165337943766135749,NA,07-18-2010,NA,NA,MG,Digital Mammography X-Ray Image Storage - For Presentation,1.2.840.10008.5.1.4.1.1.1.2,2,8.79 MB,./CMMD/D1-0472/1.3.6.1.4.1.14519.5.2.1.1239.1759.439673919146165337943766135749/1.3.6.1.4.1.14519.5.2.1.1239.1759.281965849698142642863108837469,2025-12-02T10:24:40.840802492
1.3.6.1.4.1.14519.5.2.1.1239.1759.315264664123751068434290640411,CMMD,NO,https://doi.org/10.7937/tcia.eqde4b16,D1-0467,1.3.6.1.4.1.14519.5.2.1.1239.1759.208301774731239442326014421973,NA,07-18-2010,NA,NA,MG,Digital Mammography X-Ray Image Storage - For Presentation,1.2.840.10008.5.1.4.1.1.1.2,2,8.79 MB,./CMMD/D1-0467/1.3.6.1.4.1.14519.5.2.1.1239.1759.208301774731239442326014421973/1.3.6.1.4.1.14519.5.2.1.1239.1759.315264664123751068434290640411,2025-12-02T10:24:46.17728424
1.3.6.1.4.1.14519.5.2.1.1239.1759.226893371258818362618274702669,CMMD,NO,https://doi.org/10.7937/tcia.eqde4b16,D1-0500,1.3.6.1.4.1.14519.5.2.1.1239.1759.234040310974840187804090308590,NA,07-18-2011,NA,NA,MG,Digital Mammography X-Ray Image Storage - For Presentation,1.2.840.10008.5.1.4.1.1.1.2,2,8.79 MB,./CMMD/D1-0500/1.3.6.1.4.1.14519.5.2.1.1239.1759.234040310974840187804090308590/1.3.6.1.4.1.14519.5.2.1.1239.1759.226893371258818362618274702669,2025-12-02T10:24:46.622623111
1.3.6.1.4.1.14519.5.2.1.1239.1759.694661767729625620458638172304,CMMD,NO,https://doi.org/10.7937/tcia.eqde4b16,D1-0503,1.3.6.1.4.1.14519.5.2.1.1239.1759.822862372492879674821080151775,NA,07-18-2011,NA,NA,MG,Digital Mammography X-Ray Image Storage - For Presentation,1.2.840.10008.5.1.4.1.1.1.2,2,8.79 MB,./CMMD/D1-0503/1.3.6.1.4.1.14519.5.2.1.1239.1759.822862372492879674821080151775/1.3.6.1.4.1.14519.5.2.1.1239.1759.694661767729625620458638172304,2025-12-02T10:24:54.524008492
1.3.6.1.4.1.14519.5.2.1.1239.1759.296766884945139713200701019347,CMMD,NO,https://doi.org/10.7937/tcia.eqde4b16,D1-0501,1.3.6.1.4.1.14519.5.2.1.1239.1759.504315418090968648746229695743,NA,07-18-2011,NA,NA,MG,Digital Mammography X-Ray Image Storage - For Presentation,1.2.840.10008.5.1.4.1.1.1.2,2,8.79 MB,./CMMD/D1-0501/1.3.6.1.4.1.14519.5.2.1.1239.1759.504315418090968648746229695743/1.3.6.1.4.1.14519.5.2.1.1239.1759.296766884945139713200701019347,2025-12-02T10:24:54.548669411
1.3.6.1.4.1.14519.5.2.1.1239.1759.462668808697944596793491748756,CMMD,NO,https://doi.org/10.7937/tcia.eqde4b16,D1-0508,1.3.6.1.4.1.14519.5.2.1.1239.1759.310882818052637242958696186276,NA,07-18-2011,NA,NA,MG,Digital Mammography X-Ray Image Storage - For Presentation,1.2.840.10008.5.1.4.1.1.1.2,2,8.79 MB,./CMMD/D1-0508/1.3.6.1.4.1.14519.5.2.1.1239.1759.310882818052637242958696186276/1.3.6.1.4.1.14519.5.2.1.1239.1759.462668808697944596793491748756,2025-12-02T10:25:00.056887825
1.3.6.1.4.1.14519.5.2.1.1239.1759.355775105508414393441026063131,CMMD,NO,https://doi.org/10.7937/tcia.eqde4b16,D1-0510,1.3.6.1.4.1.14519.5.2.1.1239.1759.158365686225236276463519700548,NA,07-18-2011,NA,NA,MG,Digital Mammography X-Ray Image Storage - For Presentation,1.2.840.10008.5.1.4.1.1.1.2,2,8.79 MB,./CMMD/D1-0510/1.3.6.1.4.1.14519.5.2.1.1239.1759.158365686225236276463519700548/1.3.6.1.4.1.14519.5.2.1.1239.1759.355775105508414393441026063131,2025-12-02T10:25:07.314102204
1.3.6.1.4.1.14519.5.2.1.1239.1759.161499492691837883852949751216,CMMD,NO,https://doi.org/10.7937/tcia.eqde4b16,D1-0513,1.3.6.1.4.1.14519.5.2.1.1239.1759.210919891575027169686581234243,NA,07-18-2011,NA,NA,MG,Digital Mammography X-Ray Image Storage - For Presentation,1.2.840.10008.5.1.4.1.1.1.2,2,8.79 MB,./CMMD/D1-0513/1.3.6.1.4.1.14519.5.2.1.1239.1759.210919891575027169686581234243/1.3.6.1.4.1.14519.5.2.1.1239.1759.161499492691837883852949751216,2025-12-02T10:25:13.861188198
1.3.6.1.4.1.14519.5.2.1.1239.1759.324812244278547820832715285937,CMMD,NO,https://doi.org/10.7937/tcia.eqde4b16,D1-0511,1.3.6.1.4.1.14519.5.2.1.1239.1759.192461792724803133652095482702,NA,07-18-2011,NA,NA,MG,Digital Mammography X-Ray Image Storage - For Presentation,1.2.840.10008.5.1.4.1.1.1.2,2,8.79 MB,./CMMD/D1-0511/1.3.6.1.4.1.14519.5.2.1.1239.1759.192461792724803133652095482702/1.3.6.1.4.1.14519.5.2.1.1239.1759.324812244278547820832715285937,2025-12-02T10:25:14.364085026
1.3.6.1.4.1.14519.5.2.1.1239.1759.131817336993473712495455451513,CMMD,NO,https://doi.org/10.7937/tcia.eqde4b16,D1-0514,1.3.6.1.4.1.14519.5.2.1.1239.1759.277306015394984225031444609498,NA,07-18-2011,NA,NA,MG,Digital Mammography X-Ray Image Storage - For Presentation,1.2.840.10008.5.1.4.1.1.1.2,2,8.79 MB,./CMMD/D1-0514/1.3.6.1.4.1.14519.5.2.1.1239.1759.277306015394984225031444609498/1.3.6.1.4.1.14519.5.2.1.1239.1759.131817336993473712495455451513,2025-12-02T10:25:20.071540366
1.3.6.1.4.1.14519.5.2.1.1239.1759.176823124820829378935889285886,CMMD,NO,https://doi.org/10.7937/tcia.eqde4b16,D1-0515,1.3.6.1.4.1.14519.5.2.1.1239.1759.181957769522964136243961239765,NA,07-18-2011,NA,NA,MG,Digital Mammography X-Ray Image Storage - For Presentation,1.2.840.10008.5.1.4.1.1.1.2,2,8.79 MB,./CMMD/D1-0515/1.3.6.1.4.1.14519.5.2.1.1239.1759.181957769522964136243961239765/1.3.6.1.4.1.14519.5.2.1.1239.1759.176823124820829378935889285886,2025-12-02T10:25:24.91183817
1.3.6.1.4.1.14519.5.2.1.1239.1759.321310959184908145419249140455,CMMD,NO,https://doi.org/10.7937/tcia.eqde4b16,D1-0516,1.3.6.1.4.1.14519.5.2.1.1239.1759.171397613353309465854878295155,NA,07-18-2011,NA,NA,MG,Digital Mammography X-Ray Image Storage - For Presentation,1.2.840.10008.5.1.4.1.1.1.2,2,8.79 MB,./CMMD/D1-0516/1.3.6.1.4.1.14519.5.2.1.1239.1759.171397613353309465854878295155/1.3.6.1.4.1.14519.5.2.1.1239.1759.321310959184908145419249140455,2025-12-02T10:25:25.995385415
1.3.6.1.4.1.14519.5.2.1.1239.1759.418631047999583312539233018568,CMMD,NO,https://doi.org/10.7937/tcia.eqde4b16,D1-0522,1.3.6.1.4.1.14519.5.2.1.1239.1759.247651656232563881646837265116,NA,07-18-2011,NA,NA,MG,Digital Mammography X-Ray Image Storage - For Presentation,1.2.840.10008.5.1.4.1.1.1.2,2,8.79 MB,./CMMD/D1-0522/1.3.6.1.4.1.14519.5.2.1.1239.1759.247651656232563881646837265116/1.3.6.1.4.1.14519.5.2.1.1239.1759.418631047999583312539233018568,2025-12-02T10:25:36.739808557
1.3.6.1.4.1.14519.5.2.1.1239.1759.245380838129690703150947481595,CMMD,NO,https://doi.org/10.7937/tcia.eqde4b16,D1-0519,1.3.6.1.4.1.14519.5.2.1.1239.1759.281269413943081475808283873281,NA,07-18-2011,NA,NA,MG,Digital Mammography X-Ray Image Storage - For Presentation,1.2.840.10008.5.1.4.1.1.1.2,2,8.79 MB,./CMMD/D1-0519/1.3.6.1.4.1.14519.5.2.1.1239.1759.281269413943081475808283873281/1.3.6.1.4.1.14519.5.2.1.1239.1759.245380838129690703150947481595,2025-12-02T10:25:36.781439856
1.3.6.1.4.1.14519.5.2.1.1239.1759.148820576953512424229441296145,CMMD,NO,https://doi.org/10.7937/tcia.eqde4b16,D1-0517,1.3.6.1.4.1.14519.5.2.1.1239.1759.173691214427313928697569195388,NA,07-18-2011,NA,NA,MG,Digital Mammography X-Ray Image Storage - For Presentation,1.2.840.10008.5.1.4.1.1.1.2,2,8.79 MB,./CMMD/D1-0517/1.3.6.1.4.1.14519.5.2.1.1239.1759.173691214427313928697569195388/1.3.6.1.4.1.14519.5.2.1.1239.1759.148820576953512424229441296145,2025-12-02T10:25:40.223076049
1.3.6.1.4.1.14519.5.2.1.1239.1759.619776685846767557842215049896,CMMD,NO,https://doi.org/10.7937/tcia.eqde4b16,D1-0525,1.3.6.1.4.1.14519.5.2.1.1239.1759.273990157733351386623032134795,NA,07-18-2011,NA,NA,MG,Digital Mammography X-Ray Image Storage - For Presentation,1.2.840.10008.5.1.4.1.1.1.2,2,8.79 MB,./CMMD/D1-0525/1.3.6.1.4.1.14519.5.2.1.1239.1759.273990157733351386623032134795/1.3.6.1.4.1.14519.5.2.1.1239.1759.619776685846767557842215049896,2025-12-02T10:25:47.521928872
1.3.6.1.4.1.14519.5.2.1.1239.1759.416190032413476819945760868370,CMMD,NO,https://doi.org/10.7937/tcia.eqde4b16,D1-0530,1.3.6.1.4.1.14519.5.2.1.1239.1759.214701815679641785171758870392,NA,07-18-2011,NA,NA,MG,Digital Mammography X-Ray Image Storage - For Presentation,1.2.840.10008.5.1.4.1.1.1.2,2,8.79 MB,./CMMD/D1-0530/1.3.6.1.4.1.14519.5.2.1.1239.1759.214701815679641785171758870392/1.3.6.1.4.1.14519.5.2.1.1239.1759.416190032413476819945760868370,2025-12-02T10:25:50.995906645
1.3.6.1.4.1.14519.5.2.1.1239.1759.123084784003892227232355497691,CMMD,NO,https://doi.org/10.7937/tcia.eqde4b16,D1-0531,1.3.6.1.4.1.14519.5.2.1.1239.1759.760453974684332797377726872652,NA,07-18-2011,NA,NA,MG,Digital Mammography X-Ray Image Storage - For Presentation,1.2.840.10008.5.1.4.1.1.1.2,2,8.79 MB,./CMMD/D1-0531/1.3.6.1.4.1.14519.5.2.1.1239.1759.760453974684332797377726872652/1.3.6.1.4.1.14519.5.2.1.1239.1759.123084784003892227232355497691,2025-12-02T10:25:53.025857809
1.3.6.1.4.1.14519.5.2.1.1239.1759.562307310282156162849824045884,CMMD,NO,https://doi.org/10.7937/tcia.eqde4b16,D1-0540,1.3.6.1.4.1.14519.5.2.1.1239.1759.319735030493892945774654888810,NA,07-18-2011,NA,NA,MG,Digital Mammography X-Ray Image Storage - For Presentation,1.2.840.10008.5.1.4.1.1.1.2,2,8.79 MB,./CMMD/D1-0540/1.3.6.1.4.1.14519.5.2.1.1239.1759.319735030493892945774654888810/1.3.6.1.4.1.14519.5.2.1.1239.1759.562307310282156162849824045884,2025-12-02T10:25:59.837982449
1.3.6.1.4.1.14519.5.2.1.1239.1759.135802550535940339865263305504,CMMD,NO,https://doi.org/10.7937/tcia.eqde4b16,D1-0541,1.3.6.1.4.1.14519.5.2.1.1239.1759.337790223348361643088406355429,NA,07-18-2011,NA,NA,MG,Digital Mammography X-Ray Image Storage - For Presentation,1.2.840.10008.5.1.4.1.1.1.2,2,8.79 MB,./CMMD/D1-0541/1.3.6.1.4.1.14519.5.2.1.1239.1759.337790223348361643088406355429/1.3.6.1.4.1.14519.5.2.1.1239.1759.135802550535940339865263305504,2025-12-02T10:26:02.088632927
1.3.6.1.4.1.14519.5.2.1.1239.1759.191052293709471108040148012387,CMMD,NO,https://doi.org/10.7937/tcia.eqde4b16,D1-0543,1.3.6.1.4.1.14519.5.2.1.1239.1759.287378776973246933267372054867,NA,07-18-2011,NA,NA,MG,Digital Mammography X-Ray Image Storage - For Presentation,1.2.840.10008.5.1.4.1.1.1.2,2,8.79 MB,./CMMD/D1-0543/1.3.6.1.4.1.14519.5.2.1.1239.1759.287378776973246933267372054867/1.3.6.1.4.1.14519.5.2.1.1239.1759.191052293709471108040148012387,2025-12-02T10:26:02.435081906
1.3.6.1.4.1.14519.5.2.1.1239.1759.597483443456583693795388316726,CMMD,NO,https://doi.org/10.7937/tcia.eqde4b16,D1-0546,1.3.6.1.4.1.14519.5.2.1.1239.1759.519080509032645882759346008580,NA,07-18-2011,NA,NA,MG,Digital Mammography X-Ray Image Storage - For Presentation,1.2.840.10008.5.1.4.1.1.1.2,2,8.79 MB,./CMMD/D1-0546/1.3.6.1.4.1.14519.5.2.1.1239.1759.519080509032645882759346008580/1.3.6.1.4.1.14519.5.2.1.1239.1759.597483443456583693795388316726,2025-12-02T10:26:06.609822419
1.3.6.1.4.1.14519.5.2.1.1239.1759.125181860216862187760699680074,CMMD,NO,https://doi.org/10.7937/tcia.eqde4b16,D1-0552,1.3.6.1.4.1.14519.5.2.1.1239.1759.207149984842324333232911360231,NA,07-18-2011,NA,NA,MG,Digital Mammography X-Ray Image Storage - For Presentation,1.2.840.10008.5.1.4.1.1.1.2,2,8.79 MB,./CMMD/D1-0552/1.3.6.1.4.1.14519.5.2.1.1239.1759.207149984842324333232911360231/1.3.6.1.4.1.14519.5.2.1.1239.1759.125181860216862187760699680074,2025-12-02T10:26:14.174382621
1.3.6.1.4.1.14519.5.2.1.1239.1759.201542379980136174411991953147,CMMD,NO,https://doi.org/10.7937/tcia.eqde4b16,D1-0556,1.3.6.1.4.1.14519.5.2.1.1239.1759.203001004179579171512566631529,NA,07-18-2011,NA,NA,MG,Digital Mammography X-Ray Image Storage - For Presentation,1.2.840.10008.5.1.4.1.1.1.2,2,8.79 MB,./CMMD/D1-0556/1.3.6.1.4.1.14519.5.2.1.1239.1759.203001004179579171512566631529/1.3.6.1.4.1.14519.5.2.1.1239.1759.201542379980136174411991953147,2025-12-02T10:26:16.508690014
1.3.6.1.4.1.14519.5.2.1.1239.1759.223676424497691063459533209384,CMMD,NO,https://doi.org/10.7937/tcia.eqde4b16,D1-0563,1.3.6.1.4.1.14519.5.2.1.1239.1759.270508790215416438916626047620,NA,07-18-2011,NA,NA,MG,Digital Mammography X-Ray Image Storage - For Presentation,1.2.840.10008.5.1.4.1.1.1.2,2,8.79 MB,./CMMD/D1-0563/1.3.6.1.4.1.14519.5.2.1.1239.1759.270508790215416438916626047620/1.3.6.1.4.1.14519.5.2.1.1239.1759.223676424497691063459533209384,2025-12-02T10:26:18.803179641
1.3.6.1.4.1.14519.5.2.1.1239.1759.292510944151132404101895009436,CMMD,NO,https://doi.org/10.7937/tcia.eqde4b16,D1-0566,1.3.6.1.4.1.14519.5.2.1.1239.1759.156913198125227233861014175598,NA,07-18-2011,NA,NA,MG,Digital Mammography X-Ray Image Storage - For Presentation,1.2.840.10008.5.1.4.1.1.1.2,2,8.79 MB,./CMMD/D1-0566/1.3.6.1.4.1.14519.5.2.1.1239.1759.156913198125227233861014175598/1.3.6.1.4.1.14519.5.2.1.1239.1759.292510944151132404101895009436,2025-12-02T10:26:28.402558659
1.3.6.1.4.1.14519.5.2.1.1239.1759.231868354195618156367294713200,CMMD,NO,https://doi.org/10.7937/tcia.eqde4b16,D1-0564,1.3.6.1.4.1.14519.5.2.1.1239.1759.251596926962993488869954700700,NA,07-18-2011,NA,NA,MG,Digital Mammography X-Ray Image Storage - For Presentation,1.2.840.10008.5.1.4.1.1.1.2,2,8.79 MB,./CMMD/D1-0564/1.3.6.1.4.1.14519.5.2.1.1239.1759.251596926962993488869954700700/1.3.6.1.4.1.14519.5.2.1.1239.1759.231868354195618156367294713200,2025-12-02T10:26:28.833717024
1.3.6.1.4.1.14519.5.2.1.1239.1759.313415418081285295313725325257,CMMD,NO,https://doi.org/10.7937/tcia.eqde4b16,D1-0568,1.3.6.1.4.1.14519.5.2.1.1239.1759.420430469583072505878310961996,NA,07-18-2011,NA,NA,MG,Digital Mammography X-Ray Image Storage - For Presentation,1.2.840.10008.5.1.4.1.1.1.2,2,8.79 MB,./CMMD/D1-0568/1.3.6.1.4.1.14519.5.2.1.1239.1759.420430469583072505878310961996/1.3.6.1.4.1.14519.5.2.1.1239.1759.313415418081285295313725325257,2025-12-02T10:26:30.812211958
1.3.6.1.4.1.14519.5.2.1.1239.1759.289341612985744731276988412052,CMMD,NO,https://doi.org/10.7937/tcia.eqde4b16,D1-0577,1.3.6.1.4.1.14519.5.2.1.1239.1759.192477539144537822149923940264,NA,07-18-2011,NA,NA,MG,Digital Mammography X-Ray Image Storage - For Presentation,1.2.840.10008.5.1.4.1.1.1.2,2,8.79 MB,./CMMD/D1-0577/1.3.6.1.4.1.14519.5.2.1.1239.1759.192477539144537822149923940264/1.3.6.1.4.1.14519.5.2.1.1239.1759.289341612985744731276988412052,2025-12-02T10:26:36.753234005
1.3.6.1.4.1.14519.5.2.1.1239.1759.237933639352223723505863727950,CMMD,NO,https://doi.org/10.7937/tcia.eqde4b16,D1-0575,1.3.6.1.4.1.14519.5.2.1.1239.1759.334718489202164492419924627845,NA,07-18-2011,NA,NA,MG,Digital Mammography X-Ray Image Storage - For Presentation,1.2.840.10008.5.1.4.1.1.1.2,2,8.79 MB,./CMMD/D1-0575/1.3.6.1.4.1.14519.5.2.1.1239.1759.334718489202164492419924627845/1.3.6.1.4.1.14519.5.2.1.1239.1759.237933639352223723505863727950,2025-12-02T10:26:41.678275378
1.3.6.1.4.1.14519.5.2.1.1239.1759.440856249934014911144021645884,CMMD,NO,https://doi.org/10.7937/tcia.eqde4b16,D1-0569,1.3.6.1.4.1.14519.5.2.1.1239.1759.155501842978900269516291352048,NA,07-18-2011,NA,NA,MG,Digital Mammography X-Ray Image Storage - For Presentation,1.2.840.10008.5.1.4.1.1.1.2,2,8.79 MB,./CMMD/D1-0569/1.3.6.1.4.1.14519.5.2.1.1239.1759.155501842978900269516291352048/1.3.6.1.4.1.14519.5.2.1.1239.1759.440856249934014911144021645884,2025-12-02T10:26:41.853180278
1.3.6.1.4.1.14519.5.2.1.1239.1759.235702183144469096114178373150,CMMD,NO,https://doi.org/10.7937/tcia.eqde4b16,D1-0584,1.3.6.1.4.1.14519.5.2.1.1239.1759.225338849110500713075872829376,NA,07-18-2011,NA,NA,MG,Digital Mammography X-Ray Image Storage - For Presentation,1.2.840.10008.5.1.4.1.1.1.2,2,8.79 MB,./CMMD/D1-0584/1.3.6.1.4.1.14519.5.2.1.1239.1759.225338849110500713075872829376/1.3.6.1.4.1.14519.5.2.1.1239.1759.235702183144469096114178373150,2025-12-02T10:26:47.749453394
1.3.6.1.4.1.14519.5.2.1.1239.1759.154697062684837921589261663915,CMMD,NO,https://doi.org/10.7937/tcia.eqde4b16,D1-0579,1.3.6.1.4.1.14519.5.2.1.1239.1759.899176674542298774292874485713,NA,07-18-2011,NA,NA,MG,Digital Mammography X-Ray Image Storage - For Presentation,1.2.840.10008.5.1.4.1.1.1.2,2,8.79 MB,./CMMD/D1-0579/1.3.6.1.4.1.14519.5.2.1.1239.1759.899176674542298774292874485713/1.3.6.1.4.1.14519.5.2.1.1239.1759.154697062684837921589261663915,2025-12-02T10:26:52.804192627
1.3.6.1.4.1.14519.5.2.1.1239.1759.201438587691552460925083256504,CMMD,NO,https://doi.org/10.7937/tcia.eqde4b16,D1-0578,1.3.6.1.4.1.14519.5.2.1.1239.1759.172010525010685116274808419919,NA,07-18-2011,NA,NA,MG,Digital Mammography X-Ray Image Storage - For Presentation,1.2.840.10008.5.1.4.1.1.1.2,2,8.79 MB,./CMMD/D1-0578/1.3.6.1.4.1.14519.5.2.1.1239.1759.172010525010685116274808419919/1.3.6.1.4.1.14519.5.2.1.1239.1759.201438587691552460925083256504,2025-12-02T10:26:53.318654586
1.3.6.1.4.1.14519.5.2.1.1239.1759.456860658492096432102145574566,CMMD,NO,https://doi.org/10.7937/tcia.eqde4b16,D1-0586,1.3.6.1.4.1.14519.5.2.1.1239.1759.316004841363511629621790562533,NA,07-18-2011,NA,NA,MG,Digital Mammography X-Ray Image Storage - For Presentation,1.2.840.10008.5.1.4.1.1.1.2,2,8.79 MB,./CMMD/D1-0586/1.3.6.1.4.1.14519.5.2.1.1239.1759.316004841363511629621790562533/1.3.6.1.4.1.14519.5.2.1.1239.1759.456860658492096432102145574566,2025-12-02T10:26:57.703586805
1.3.6.1.4.1.14519.5.2.1.1239.1759.124593301112029122737590453050,CMMD,NO,https://doi.org/10.7937/tcia.eqde4b16,D1-0587,1.3.6.1.4.1.14519.5.2.1.1239.1759.469809627750843767488402181454,NA,07-18-2011,NA,NA,MG,Digital Mammography X-Ray Image Storage - For Presentation,1.2.840.10008.5.1.4.1.1.1.2,2,8.79 MB,./CMMD/D1-0587/1.3.6.1.4.1.14519.5.2.1.1239.1759.469809627750843767488402181454/1.3.6.1.4.1.14519.5.2.1.1239.1759.124593301112029122737590453050,2025-12-02T10:27:01.859280756
1.3.6.1.4.1.14519.5.2.1.1239.1759.328716579314472835268012989432,CMMD,NO,https://doi.org/10.7937/tcia.eqde4b16,D1-0590,1.3.6.1.4.1.14519.5.2.1.1239.1759.584866560036940774056986566036,NA,07-18-2011,NA,NA,MG,Digital Mammography X-Ray Image Storage - For Presentation,1.2.840.10008.5.1.4.1.1.1.2,2,8.79 MB,./CMMD/D1-0590/1.3.6.1.4.1.14519.5.2.1.1239.1759.584866560036940774056986566036/1.3.6.1.4.1.14519.5.2.1.1239.1759.328716579314472835268012989432,2025-12-02T10:27:02.77226075
1.3.6.1.4.1.14519.5.2.1.1239.1759.256512839326050024778358158006,CMMD,NO,https://doi.org/10.7937/tcia.eqde4b16,D1-0594,1.3.6.1.4.1.14519.5.2.1.1239.1759.190088463095522488898537653201,NA,07-18-2011,NA,NA,MG,Digital Mammography X-Ray Image Storage - For Presentation,1.2.840.10008.5.1.4.1.1.1.2,2,8.79 MB,./CMMD/D1-0594/1.3.6.1.4.1.14519.5.2.1.1239.1759.190088463095522488898537653201/1.3.6.1.4.1.14519.5.2.1.1239.1759.256512839326050024778358158006,2025-12-02T10:27:13.975504799
1.3.6.1.4.1.14519.5.2.1.1239.1759.293180559341337006310986856761,CMMD,NO,https://doi.org/10.7937/tcia.eqde4b16,D1-0597,1.3.6.1.4.1.14519.5.2.1.1239.1759.277953784818355549772353405787,NA,07-18-2011,NA,NA,MG,Digital Mammography X-Ray Image Storage - For Presentation,1.2.840.10008.5.1.4.1.1.1.2,2,8.79 MB,./CMMD/D1-0597/1.3.6.1.4.1.14519.5.2.1.1239.1759.277953784818355549772353405787/1.3.6.1.4.1.14519.5.2.1.1239.1759.293180559341337006310986856761,2025-12-02T10:27:19.061492027
1.3.6.1.4.1.14519.5.2.1.1239.1759.318401446168598489729868652352,CMMD,NO,https://doi.org/10.7937/tcia.eqde4b16,D1-0599,1.3.6.1.4.1.14519.5.2.1.1239.1759.302611642509243489756598597887,NA,07-18-2011,NA,NA,MG,Digital Mammography X-Ray Image Storage - For Presentation,1.2.840.10008.5.1.4.1.1.1.2,2,8.79 MB,./CMMD/D1-0599/1.3.6.1.4.1.14519.5.2.1.1239.1759.302611642509243489756598597887/1.3.6.1.4.1.14519.5.2.1.1239.1759.318401446168598489729868652352,2025-12-02T10:27:20.974974452
1.3.6.1.4.1.14519.5.2.1.1239.1759.195757127091353274867922901939,CMMD,NO,https://doi.org/10.7937/tcia.eqde4b16,D1-0600,1.3.6.1.4.1.14519.5.2.1.1239.1759.586762822067310430360773587514,NA,07-18-2011,NA,NA,MG,Digital Mammography X-Ray Image Storage - For Presentation,1.2.840.10008.5.1.4.1.1.1.2,2,8.79 MB,./CMMD/D1-0600/1.3.6.1.4.1.14519.5.2.1.1239.1759.586762822067310430360773587514/1.3.6.1.4.1.14519.5.2.1.1239.1759.195757127091353274867922901939,2025-12-02T10:27:21.626708645
1.3.6.1.4.1.14519.5.2.1.1239.1759.213556597743780078898405562460,CMMD,NO,https://doi.org/10.7937/tcia.eqde4b16,D1-0603,1.3.6.1.4.1.14519.5.2.1.1239.1759.861273217401778637557265732321,NA,07-18-2011,NA,NA,MG,Digital Mammography X-Ray Image Storage - For Presentation,1.2.840.10008.5.1.4.1.1.1.2,2,8.79 MB,./CMMD/D1-0603/1.3.6.1.4.1.14519.5.2.1.1239.1759.861273217401778637557265732321/1.3.6.1.4.1.14519.5.2.1.1239.1759.213556597743780078898405562460,2025-12-02T10:27:30.194879673
1.3.6.1.4.1.14519.5.2.1.1239.1759.285243098953347797480014703632,CMMD,NO,https://doi.org/10.7937/tcia.eqde4b16,D1-0606,1.3.6.1.4.1.14519.5.2.1.1239.1759.102013195505310299020136525656,NA,07-18-2011,NA,NA,MG,Digital Mammography X-Ray Image Storage - For Presentation,1.2.840.10008.5.1.4.1.1.1.2,2,8.79 MB,./CMMD/D1-0606/1.3.6.1.4.1.14519.5.2.1.1239.1759.102013195505310299020136525656/1.3.6.1.4.1.14519.5.2.1.1239.1759.285243098953347797480014703632,2025-12-02T10:27:33.284137676
1.3.6.1.4.1.14519.5.2.1.1239.1759.294573315517576189148440393249,CMMD,NO,https://doi.org/10.7937/tcia.eqde4b16,D1-0607,1.3.6.1.4.1.14519.5.2.1.1239.1759.132469551528013428625633295705,NA,07-18-2011,NA,NA,MG,Digital Mammography X-Ray Image Storage - For Presentation,1.2.840.10008.5.1.4.1.1.1.2,2,8.79 MB,./CMMD/D1-0607/1.3.6.1.4.1.14519.5.2.1.1239.1759.132469551528013428625633295705/1.3.6.1.4.1.14519.5.2.1.1239.1759.294573315517576189148440393249,2025-12-02T10:27:33.943484527
1.3.6.1.4.1.14519.5.2.1.1239.1759.835166597630026154739743509049,CMMD,NO,https://doi.org/10.7937/tcia.eqde4b16,D1-0609,1.3.6.1.4.1.14519.5.2.1.1239.1759.130962379637572298957587809664,NA,07-18-2011,NA,NA,MG,Digital Mammography X-Ray Image Storage - For Presentation,1.2.840.10008.5.1.4.1.1.1.2,4,17.57 MB,./CMMD/D1-0609/1.3.6.1.4.1.14519.5.2.1.1239.1759.130962379637572298957587809664/1.3.6.1.4.1.14519.5.2.1.1239.1759.835166597630026154739743509049,2025-12-02T10:27:45.815258111
1.3.6.1.4.1.14519.5.2.1.1239.1759.662125803418022688966218640583,CMMD,NO,https://doi.org/10.7937/tcia.eqde4b16,D1-0616,1.3.6.1.4.1.14519.5.2.1.1239.1759.167944253753281169578973217003,NA,07-18-2011,NA,NA,MG,Digital Mammography X-Ray Image Storage - For Presentation,1.2.840.10008.5.1.4.1.1.1.2,2,8.79 MB,./CMMD/D1-0616/1.3.6.1.4.1.14519.5.2.1.1239.1759.167944253753281169578973217003/1.3.6.1.4.1.14519.5.2.1.1239.1759.662125803418022688966218640583,2025-12-02T10:27:46.075957907
1.3.6.1.4.1.14519.5.2.1.1239.1759.223513779266332421351071470688,CMMD,NO,https://doi.org/10.7937/tcia.eqde4b16,D1-0612,1.3.6.1.4.1.14519.5.2.1.1239.1759.276947446337278838735508468369,NA,07-18-2011,NA,NA,MG,Digital Mammography X-Ray Image Storage - For Presentation,1.2.840.10008.5.1.4.1.1.1.2,2,8.79 MB,./CMMD/D1-0612/1.3.6.1.4.1.14519.5.2.1.1239.1759.276947446337278838735508468369/1.3.6.1.4.1.14519.5.2.1.1239.1759.223513779266332421351071470688,2025-12-02T10:27:48.241613312
1.3.6.1.4.1.14519.5.2.1.1239.1759.138456901333864496135904023561,CMMD,NO,https://doi.org/10.7937/tcia.eqde4b16,D1-0620,1.3.6.1.4.1.14519.5.2.1.1239.1759.256432400167172867377710326427,NA,07-18-2011,NA,NA,MG,Digital Mammography X-Ray Image Storage - For Presentation,1.2.840.10008.5.1.4.1.1.1.2,2,8.79 MB,./CMMD/D1-0620/1.3.6.1.4.1.14519.5.2.1.1239.1759.256432400167172867377710326427/1.3.6.1.4.1.14519.5.2.1.1239.1759.138456901333864496135904023561,2025-12-02T10:27:58.868613056
1.3.6.1.4.1.14519.5.2.1.1239.1759.323443554139890063894342773065,CMMD,NO,https://doi.org/10.7937/tcia.eqde4b16,D1-0631,1.3.6.1.4.1.14519.5.2.1.1239.1759.337631819303099038983709229129,NA,07-18-2011,NA,NA,MG,Digital Mammography X-Ray Image Storage - For Presentation,1.2.840.10008.5.1.4.1.1.1.2,2,8.79 MB,./CMMD/D1-0631/1.3.6.1.4.1.14519.5.2.1.1239.1759.337631819303099038983709229129/1.3.6.1.4.1.14519.5.2.1.1239.1759.323443554139890063894342773065,2025-12-02T10:27:59.934494303
1.3.6.1.4.1.14519.5.2.1.1239.1759.125559638851410189300604897613,CMMD,NO,https://doi.org/10.7937/tcia.eqde4b16,D1-0624,1.3.6.1.4.1.14519.5.2.1.1239.1759.114843103490398411084913535555,NA,07-18-2011,NA,NA,MG,Digital Mammography X-Ray Image Storage - For Presentation,1.2.840.10008.5.1.4.1.1.1.2,2,8.79 MB,./CMMD/D1-0624/1.3.6.1.4.1.14519.5.2.1.1239.1759.114843103490398411084913535555/1.3.6.1.4.1.14519.5.2.1.1239.1759.125559638851410189300604897613,2025-12-02T10:28:00.373496828
1.3.6.1.4.1.14519.5.2.1.1239.1759.203032330673445074422464214240,CMMD,NO,https://doi.org/10.7937/tcia.eqde4b16,D1-0633,1.3.6.1.4.1.14519.5.2.1.1239.1759.327995864214132510979807163634,NA,07-18-2011,NA,NA,MG,Digital Mammography X-Ray Image Storage - For Presentation,1.2.840.10008.5.1.4.1.1.1.2,2,8.79 MB,./CMMD/D1-0633/1.3.6.1.4.1.14519.5.2.1.1239.1759.327995864214132510979807163634/1.3.6.1.4.1.14519.5.2.1.1239.1759.203032330673445074422464214240,2025-12-02T10:28:08.691360109
1.3.6.1.4.1.14519.5.2.1.1239.1759.187865138357641864982163879479,CMMD,NO,https://doi.org/10.7937/tcia.eqde4b16,D1-0637,1.3.6.1.4.1.14519.5.2.1.1239.1759.248985649561337093626757838287,NA,07-18-2011,NA,NA,MG,Digital Mammography X-Ray Image Storage - For Presentation,1.2.840.10008.5.1.4.1.1.1.2,2,8.79 MB,./CMMD/D1-0637/1.3.6.1.4.1.14519.5.2.1.1239.1759.248985649561337093626757838287/1.3.6.1.4.1.14519.5.2.1.1239.1759.187865138357641864982163879479,2025-12-02T10:28:12.26876869
1.3.6.1.4.1.14519.5.2.1.1239.1759.197585605393743588056417393850,CMMD,NO,https://doi.org/10.7937/tcia.eqde4b16,D1-0636,1.3.6.1.4.1.14519.5.2.1.1239.1759.122414737280013107140312191561,NA,07-18-2011,NA,NA,MG,Digital Mammography X-Ray Image Storage - For Presentation,1.2.840.10008.5.1.4.1.1.1.2,2,8.79 MB,./CMMD/D1-0636/1.3.6.1.4.1.14519.5.2.1.1239.1759.122414737280013107140312191561/1.3.6.1.4.1.14519.5.2.1.1239.1759.197585605393743588056417393850,2025-12-02T10:28:14.194798706
1.3.6.1.4.1.14519.5.2.1.1239.1759.196598118331450763918381172485,CMMD,NO,https://doi.org/10.7937/tcia.eqde4b16,D1-0639,1.3.6.1.4.1.14519.5.2.1.1239.1759.603460239591526795420875814615,NA,07-18-2011,NA,NA,MG,Digital Mammography X-Ray Image Storage - For Presentation,1.2.840.10008.5.1.4.1.1.1.2,2,8.79 MB,./CMMD/D1-0639/1.3.6.1.4.1.14519.5.2.1.1239.1759.603460239591526795420875814615/1.3.6.1.4.1.14519.5.2.1.1239.1759.196598118331450763918381172485,2025-12-02T10:28:19.326412624
1.3.6.1.4.1.14519.5.2.1.1239.1759.778766881802772284622045868747,CMMD,NO,https://doi.org/10.7937/tcia.eqde4b16,D1-0641,1.3.6.1.4.1.14519.5.2.1.1239.1759.488823321385884766400906641955,NA,07-18-2011,NA,NA,MG,Digital Mammography X-Ray Image Storage - For Presentation,1.2.840.10008.5.1.4.1.1.1.2,2,8.79 MB,./CMMD/D1-0641/1.3.6.1.4.1.14519.5.2.1.1239.1759.488823321385884766400906641955/1.3.6.1.4.1.14519.5.2.1.1239.1759.778766881802772284622045868747,2025-12-02T10:28:21.780534223
1.3.6.1.4.1.14519.5.2.1.1239.1759.272082012780063143663403633988,CMMD,NO,https://doi.org/10.7937/tcia.eqde4b16,D1-0642,1.3.6.1.4.1.14519.5.2.1.1239.1759.565901554764261485298925372576,NA,07-18-2011,NA,NA,MG,Digital Mammography X-Ray Image Storage - For Presentation,1.2.840.10008.5.1.4.1.1.1.2,2,8.79 MB,./CMMD/D1-0642/1.3.6.1.4.1.14519.5.2.1.1239.1759.565901554764261485298925372576/1.3.6.1.4.1.14519.5.2.1.1239.1759.272082012780063143663403633988,2025-12-02T10:28:23.492712484
1.3.6.1.4.1.14519.5.2.1.1239.1759.291142009729037624378313285175,CMMD,NO,https://doi.org/10.7937/tcia.eqde4b16,D1-0647,1.3.6.1.4.1.14519.5.2.1.1239.1759.594870727232415363782328238027,NA,07-18-2011,NA,NA,MG,Digital Mammography X-Ray Image Storage - For Presentation,1.2.840.10008.5.1.4.1.1.1.2,2,8.79 MB,./CMMD/D1-0647/1.3.6.1.4.1.14519.5.2.1.1239.1759.594870727232415363782328238027/1.3.6.1.4.1.14519.5.2.1.1239.1759.291142009729037624378313285175,2025-12-02T10:28:31.258200307
1.3.6.1.4.1.14519.5.2.1.1239.1759.190862938963991437480031451883,CMMD,NO,https://doi.org/10.7937/tcia.eqde4b16,D1-0653,1.3.6.1.4.1.14519.5.2.1.1239.1759.105355769713605111726899150921,NA,07-18-2011,NA,NA,MG,Digital Mammography X-Ray Image Storage - For Presentation,1.2.840.10008.5.1.4.1.1.1.2,2,8.79 MB,./CMMD/D1-0653/1.3.6.1.4.1.14519.5.2.1.1239.1759.105355769713605111726899150921/1.3.6.1.4.1.14519.5.2.1.1239.1759.190862938963991437480031451883,2025-12-02T10:28:32.4889986
1.3.6.1.4.1.14519.5.2.1.1239.1759.571673402004382828102959266146,CMMD,NO,https://doi.org/10.7937/tcia.eqde4b16,D1-0649,1.3.6.1.4.1.14519.5.2.1.1239.1759.315759382078137794979995815348,NA,07-18-2011,NA,NA,MG,Digital Mammography X-Ray Image Storage - For Presentation,1.2.840.10008.5.1.4.1.1.1.2,2,8.79 MB,./CMMD/D1-0649/1.3.6.1.4.1.14519.5.2.1.1239.1759.315759382078137794979995815348/1.3.6.1.4.1.14519.5.2.1.1239.1759.571673402004382828102959266146,2025-12-02T10:28:33.687883238
1.3.6.1.4.1.14519.5.2.1.1239.1759.326393782436855014457951247265,CMMD,NO,https://doi.org/10.7937/tcia.eqde4b16,D1-0658,1.3.6.1.4.1.14519.5.2.1.1239.1759.174528913601507827669627368622,NA,07-18-2011,NA,NA,MG,Digital Mammography X-Ray Image Storage - For Presentation,1.2.840.10008.5.1.4.1.1.1.2,2,8.79 MB,./CMMD/D1-0658/1.3.6.1.4.1.14519.5.2.1.1239.1759.174528913601507827669627368622/1.3.6.1.4.1.14519.5.2.1.1239.1759.326393782436855014457951247265,2025-12-02T10:28:44.389752308
1.3.6.1.4.1.14519.5.2.1.1239.1759.174559665184489829704281683227,CMMD,NO,https://doi.org/10.7937/tcia.eqde4b16,D1-0656,1.3.6.1.4.1.14519.5.2.1.1239.1759.265887040618991383382193388288,NA,07-18-2011,NA,NA,MG,Digital Mammography X-Ray Image Storage - For Presentation,1.2.840.10008.5.1.4.1.1.1.2,2,8.79 MB,./CMMD/D1-0656/1.3.6.1.4.1.14519.5.2.1.1239.1759.265887040618991383382193388288/1.3.6.1.4.1.14519.5.2.1.1239.1759.174559665184489829704281683227,2025-12-02T10:28:45.331124691
1.3.6.1.4.1.14519.5.2.1.1239.1759.339685551312388541497306247599,CMMD,NO,https://doi.org/10.7937/tcia.eqde4b16,D1-0662,1.3.6.1.4.1.14519.5.2.1.1239.1759.102277863846770998445448458328,NA,07-18-2011,NA,NA,MG,Digital Mammography X-Ray Image Storage - For Presentation,1.2.840.10008.5.1.4.1.1.1.2,2,8.79 MB,./CMMD/D1-0662/1.3.6.1.4.1.14519.5.2.1.1239.1759.102277863846770998445448458328/1.3.6.1.4.1.14519.5.2.1.1239.1759.339685551312388541497306247599,2025-12-02T10:28:45.927832014
1.3.6.1.4.1.14519.5.2.1.1239.1759.538053504696382430580364490008,CMMD,NO,https://doi.org/10.7937/tcia.eqde4b16,D1-0663,1.3.6.1.4.1.14519.5.2.1.1239.1759.337035307888474768762459016543,NA,07-18-2011,NA,NA,MG,Digital Mammography X-Ray Image Storage - For Presentation,1.2.840.10008.5.1.4.1.1.1.2,2,8.79 MB,./CMMD/D1-0663/1.3.6.1.4.1.14519.5.2.1.1239.1759.337035307888474768762459016543/1.3.6.1.4.1.14519.5.2.1.1239.1759.538053504696382430580364490008,2025-12-02T10:28:56.360602838
1.3.6.1.4.1.14519.5.2.1.1239.1759.258339727013903468814126341210,CMMD,NO,https://doi.org/10.7937/tcia.eqde4b16,D1-0664,1.3.6.1.4.1.14519.5.2.1.1239.1759.135716730874476926614077636584,NA,07-18-2011,NA,NA,MG,Digital Mammography X-Ray Image Storage - For Presentation,1.2.840.10008.5.1.4.1.1.1.2,2,8.79 MB,./CMMD/D1-0664/1.3.6.1.4.1.14519.5.2.1.1239.1759.135716730874476926614077636584/1.3.6.1.4.1.14519.5.2.1.1239.1759.258339727013903468814126341210,2025-12-02T10:28:56.995182154
1.3.6.1.4.1.14519.5.2.1.1239.1759.218523716582001266006132987080,CMMD,NO,https://doi.org/10.7937/tcia.eqde4b16,D1-0666,1.3.6.1.4.1.14519.5.2.1.1239.1759.228276788643619950240429221267,NA,07-18-2011,NA,NA,MG,Digital Mammography X-Ray Image Storage - For Presentation,1.2.840.10008.5.1.4.1.1.1.2,4,17.57 MB,./CMMD/D1-0666/1.3.6.1.4.1.14519.5.2.1.1239.1759.228276788643619950240429221267/1.3.6.1.4.1.14519.5.2.1.1239.1759.218523716582001266006132987080,2025-12-02T10:29:01.780597773
1.3.6.1.4.1.14519.5.2.1.1239.1759.176803031857153934075387231968,CMMD,NO,https://doi.org/10.7937/tcia.eqde4b16,D1-0672,1.3.6.1.4.1.14519.5.2.1.1239.1759.240864329817994132344691300644,NA,07-17-2012,NA,NA,MG,Digital Mammography X-Ray Image Storage - For Presentation,1.2.840.10008.5.1.4.1.1.1.2,2,8.79 MB,./CMMD/D1-0672/1.3.6.1.4.1.14519.5.2.1.1239.1759.240864329817994132344691300644/1.3.6.1.4.1.14519.5.2.1.1239.1759.176803031857153934075387231968,2025-12-02T10:29:06.405001201
1.3.6.1.4.1.14519.5.2.1.1239.1759.305402819274825141056805170915,CMMD,NO,https://doi.org/10.7937/tcia.eqde4b16,D1-0667,1.3.6.1.4.1.14519.5.2.1.1239.1759.299273739264038148010931914787,NA,07-18-2011,NA,NA,MG,Digital Mammography X-Ray Image Storage - For Presentation,1.2.840.10008.5.1.4.1.1.1.2,2,8.79 MB,./CMMD/D1-0667/1.3.6.1.4.1.14519.5.2.1.1239.1759.299273739264038148010931914787/1.3.6.1.4.1.14519.5.2.1.1239.1759.305402819274825141056805170915,2025-12-02T10:29:10.017424331
1.3.6.1.4.1.14519.5.2.1.1239.1759.336803391152753459483731481226,CMMD,NO,https://doi.org/10.7937/tcia.eqde4b16,D1-0677,1.3.6.1.4.1.14519.5.2.1.1239.1759.440282106109260303347918987371,NA,07-17-2012,NA,NA,MG,Digital Mammography X-Ray Image Storage - For Presentation,1.2.840.10008.5.1.4.1.1.1.2,2,8.79 MB,./CMMD/D1-0677/1.3.6.1.4.1.14519.5.2.1.1239.1759.440282106109260303347918987371/1.3.6.1.4.1.14519.5.2.1.1239.1759.336803391152753459483731481226,2025-12-02T10:29:14.338187661
1.3.6.1.4.1.14519.5.2.1.1239.1759.147071114356929755269509710344,CMMD,NO,https://doi.org/10.7937/tcia.eqde4b16,D1-0678,1.3.6.1.4.1.14519.5.2.1.1239.1759.160386791767684905175943675072,NA,07-17-2012,NA,NA,MG,Digital Mammography X-Ray Image Storage - For Presentation,1.2.840.10008.5.1.4.1.1.1.2,2,8.79 MB,./CMMD/D1-0678/1.3.6.1.4.1.14519.5.2.1.1239.1759.160386791767684905175943675072/1.3.6.1.4.1.14519.5.2.1.1239.1759.147071114356929755269509710344,2025-12-02T10:29:18.52518399
1.3.6.1.4.1.14519.5.2.1.1239.1759.201880578502950424970362968082,CMMD,NO,https://doi.org/10.7937/tcia.eqde4b16,D1-0679,1.3.6.1.4.1.14519.5.2.1.1239.1759.330617782204532581246989176473,NA,07-17-2012,NA,NA,MG,Digital Mammography X-Ray Image Storage - For Presentation,1.2.840.10008.5.1.4.1.1.1.2,2,8.79 MB,./CMMD/D1-0679/1.3.6.1.4.1.14519.5.2.1.1239.1759.330617782204532581246989176473/1.3.6.1.4.1.14519.5.2.1.1239.1759.201880578502950424970362968082,2025-12-02T10:29:22.927680091
1.3.6.1.4.1.14519.5.2.1.1239.1759.701158956979166021115062815815,CMMD,NO,https://doi.org/10.7937/tcia.eqde4b16,D1-0682,1.3.6.1.4.1.14519.5.2.1.1239.1759.128061842761812491145812592556,NA,07-18-2011,NA,NA,MG,Digital Mammography X-Ray Image Storage - For Presentation,1.2.840.10008.5.1.4.1.1.1.2,2,8.79 MB,./CMMD/D1-0682/1.3.6.1.4.1.14519.5.2.1.1239.1759.128061842761812491145812592556/1.3.6.1.4.1.14519.5.2.1.1239.1759.701158956979166021115062815815,2025-12-02T10:29:29.747832348
1.3.6.1.4.1.14519.5.2.1.1239.1759.874758826952877022247107081189,CMMD,NO,https://doi.org/10.7937/tcia.eqde4b16,D1-0681,1.3.6.1.4.1.14519.5.2.1.1239.1759.806775665049559620675965066543,NA,07-18-2011,NA,NA,MG,Digital Mammography X-Ray Image Storage - For Presentation,1.2.840.10008.5.1.4.1.1.1.2,4,17.57 MB,./CMMD/D1-0681/1.3.6.1.4.1.14519.5.2.1.1239.1759.806775665049559620675965066543/1.3.6.1.4.1.14519.5.2.1.1239.1759.874758826952877022247107081189,2025-12-02T10:29:31.586334765
1.3.6.1.4.1.14519.5.2.1.1239.1759.248454513044550628651731607183,CMMD,NO,https://doi.org/10.7937/tcia.eqde4b16,D1-0683,1.3.6.1.4.1.14519.5.2.1.1239.1759.617095525544142723015163403521,NA,07-18-2011,NA,NA,MG,Digital Mammography X-Ray Image Storage - For Presentation,1.2.840.10008.5.1.4.1.1.1.2,2,8.79 MB,./CMMD/D1-0683/1.3.6.1.4.1.14519.5.2.1.1239.1759.617095525544142723015163403521/1.3.6.1.4.1.14519.5.2.1.1239.1759.248454513044550628651731607183,2025-12-02T10:29:32.138056349
1.3.6.1.4.1.14519.5.2.1.1239.1759.168889669942523862283099835539,CMMD,NO,https://doi.org/10.7937/tcia.eqde4b16,D1-0684,1.3.6.1.4.1.14519.5.2.1.1239.1759.448603752294197601297799051340,NA,07-18-2011,NA,NA,MG,Digital Mammography X-Ray Image Storage - For Presentation,1.2.840.10008.5.1.4.1.1.1.2,2,8.79 MB,./CMMD/D1-0684/1.3.6.1.4.1.14519.5.2.1.1239.1759.448603752294197601297799051340/1.3.6.1.4.1.14519.5.2.1.1239.1759.168889669942523862283099835539,2025-12-02T10:29:40.827866297
1.3.6.1.4.1.14519.5.2.1.1239.1759.276077603224478757302955552144,CMMD,NO,https://doi.org/10.7937/tcia.eqde4b16,D1-0685,1.3.6.1.4.1.14519.5.2.1.1239.1759.192536906756210505147524661661,NA,07-18-2010,NA,NA,MG,Digital Mammography X-Ray Image Storage - For Presentation,1.2.840.10008.5.1.4.1.1.1.2,2,8.79 MB,./CMMD/D1-0685/1.3.6.1.4.1.14519.5.2.1.1239.1759.192536906756210505147524661661/1.3.6.1.4.1.14519.5.2.1.1239.1759.276077603224478757302955552144,2025-12-02T10:29:43.660183963
1.3.6.1.4.1.14519.5.2.1.1239.1759.840730672229394800341469832626,CMMD,NO,https://doi.org/10.7937/tcia.eqde4b16,D1-0686,1.3.6.1.4.1.14519.5.2.1.1239.1759.329383432487866191524235216052,NA,07-18-2010,NA,NA,MG,Digital Mammography X-Ray Image Storage - For Presentation,1.2.840.10008.5.1.4.1.1.1.2,2,8.79 MB,./CMMD/D1-0686/1.3.6.1.4.1.14519.5.2.1.1239.1759.329383432487866191524235216052/1.3.6.1.4.1.14519.5.2.1.1239.1759.840730672229394800341469832626,2025-12-02T10:29:44.986817316
1.3.6.1.4.1.14519.5.2.1.1239.1759.180531991902554026144149469333,CMMD,NO,https://doi.org/10.7937/tcia.eqde4b16,D1-0689,1.3.6.1.4.1.14519.5.2.1.1239.1759.132463629955452660701155769384,NA,07-18-2010,NA,NA,MG,Digital Mammography X-Ray Image Storage - For Presentation,1.2.840.10008.5.1.4.1.1.1.2,2,8.79 MB,./CMMD/D1-0689/1.3.6.1.4.1.14519.5.2.1.1239.1759.132463629955452660701155769384/1.3.6.1.4.1.14519.5.2.1.1239.1759.180531991902554026144149469333,2025-12-02T10:29:57.310061904
1.3.6.1.4.1.14519.5.2.1.1239.1759.289207915210592693133706116512,CMMD,NO,https://doi.org/10.7937/tcia.eqde4b16,D1-0687,1.3.6.1.4.1.14519.5.2.1.1239.1759.209944437417110462829056963054,NA,07-18-2010,NA,NA,MG,Digital Mammography X-Ray Image Storage - For Presentation,1.2.840.10008.5.1.4.1.1.1.2,4,17.57 MB,./CMMD/D1-0687/1.3.6.1.4.1.14519.5.2.1.1239.1759.209944437417110462829056963054/1.3.6.1.4.1.14519.5.2.1.1239.1759.289207915210592693133706116512,2025-12-02T10:29:58.580072253
1.3.6.1.4.1.14519.5.2.1.1239.1759.153662093513910750324066935684,CMMD,NO,https://doi.org/10.7937/tcia.eqde4b16,D1-0688,1.3.6.1.4.1.14519.5.2.1.1239.1759.193591316662475500961619844321,NA,07-18-2010,NA,NA,MG,Digital Mammography X-Ray Image Storage - For Presentation,1.2.840.10008.5.1.4.1.1.1.2,2,8.79 MB,./CMMD/D1-0688/1.3.6.1.4.1.14519.5.2.1.1239.1759.193591316662475500961619844321/1.3.6.1.4.1.14519.5.2.1.1239.1759.153662093513910750324066935684,2025-12-02T10:29:59.690631888
1.3.6.1.4.1.14519.5.2.1.1239.1759.133336264271726628627851279531,CMMD,NO,https://doi.org/10.7937/tcia.eqde4b16,D1-0691,1.3.6.1.4.1.14519.5.2.1.1239.1759.113529777634171259561055095489,NA,07-18-2011,NA,NA,MG,Digital Mammography X-Ray Image Storage - For Presentation,1.2.840.10008.5.1.4.1.1.1.2,2,8.79 MB,./CMMD/D1-0691/1.3.6.1.4.1.14519.5.2.1.1239.1759.113529777634171259561055095489/1.3.6.1.4.1.14519.5.2.1.1239.1759.133336264271726628627851279531,2025-12-02T10:30:24.162886766
1.3.6.1.4.1.14519.5.2.1.1239.1759.852496649613636503505755162626,CMMD,NO,https://doi.org/10.7937/tcia.eqde4b16,D1-0690,1.3.6.1.4.1.14519.5.2.1.1239.1759.249027598638345959948532951073,NA,07-18-2011,NA,NA,MG,Digital Mammography X-Ray Image Storage - For Presentation,1.2.840.10008.5.1.4.1.1.1.2,2,8.79 MB,./CMMD/D1-0690/1.3.6.1.4.1.14519.5.2.1.1239.1759.249027598638345959948532951073/1.3.6.1.4.1.14519.5.2.1.1239.1759.852496649613636503505755162626,2025-12-02T10:30:27.025422647
1.3.6.1.4.1.14519.5.2.1.1239.1759.259488231236288862686675195442,CMMD,NO,https://doi.org/10.7937/tcia.eqde4b16,D1-0692,1.3.6.1.4.1.14519.5.2.1.1239.1759.195344873480286913978445689293,NA,07-18-2011,NA,NA,MG,Digital Mammography X-Ray Image Storage - For Presentation,1.2.840.10008.5.1.4.1.1.1.2,2,8.79 MB,./CMMD/D1-0692/1.3.6.1.4.1.14519.5.2.1.1239.1759.195344873480286913978445689293/1.3.6.1.4.1.14519.5.2.1.1239.1759.259488231236288862686675195442,2025-12-02T10:30:28.138149613
1.3.6.1.4.1.14519.5.2.1.1239.1759.869885854820849281677716635983,CMMD,NO,https://doi.org/10.7937/tcia.eqde4b16,D1-0695,1.3.6.1.4.1.14519.5.2.1.1239.1759.212679989369869717926786372544,NA,07-18-2011,NA,NA,MG,Digital Mammography X-Ray Image Storage - For Presentation,1.2.840.10008.5.1.4.1.1.1.2,2,8.79 MB,./CMMD/D1-0695/1.3.6.1.4.1.14519.5.2.1.1239.1759.212679989369869717926786372544/1.3.6.1.4.1.14519.5.2.1.1239.1759.869885854820849281677716635983,2025-12-02T10:30:35.777630926
1.3.6.1.4.1.14519.5.2.1.1239.1759.140697550771874729242260177933,CMMD,NO,https://doi.org/10.7937/tcia.eqde4b16,D1-0693,1.3.6.1.4.1.14519.5.2.1.1239.1759.571964455349909234088440631880,NA,07-18-2010,NA,NA,MG,Digital Mammography X-Ray Image Storage - For Presentation,1.2.840.10008.5.1.4.1.1.1.2,2,8.79 MB,./CMMD/D1-0693/1.3.6.1.4.1.14519.5.2.1.1239.1759.571964455349909234088440631880/1.3.6.1.4.1.14519.5.2.1.1239.1759.140697550771874729242260177933,2025-12-02T10:30:38.857797696
1.3.6.1.4.1.14519.5.2.1.1239.1759.307759546548599890550113208996,CMMD,NO,https://doi.org/10.7937/tcia.eqde4b16,D1-0694,1.3.6.1.4.1.14519.5.2.1.1239.1759.203056127299496857000822126219,NA,07-18-2011,NA,NA,MG,Digital Mammography X-Ray Image Storage - For Presentation,1.2.840.10008.5.1.4.1.1.1.2,2,8.79 MB,./CMMD/D1-0694/1.3.6.1.4.1.14519.5.2.1.1239.1759.203056127299496857000822126219/1.3.6.1.4.1.14519.5.2.1.1239.1759.307759546548599890550113208996,2025-12-02T10:30:44.888655947
1.3.6.1.4.1.14519.5.2.1.1239.1759.503217013502565311481380782726,CMMD,NO,https://doi.org/10.7937/tcia.eqde4b16,D1-0697,1.3.6.1.4.1.14519.5.2.1.1239.1759.243955078943372846326622632188,NA,07-18-2010,NA,NA,MG,Digital Mammography X-Ray Image Storage - For Presentation,1.2.840.10008.5.1.4.1.1.1.2,2,8.79 MB,./CMMD/D1-0697/1.3.6.1.4.1.14519.5.2.1.1239.1759.243955078943372846326622632188/1.3.6.1.4.1.14519.5.2.1.1239.1759.503217013502565311481380782726,2025-12-02T10:30:48.101119514
1.3.6.1.4.1.14519.5.2.1.1239.1759.139164292275435828363821370003,CMMD,NO,https://doi.org/10.7937/tcia.eqde4b16,D1-0696,1.3.6.1.4.1.14519.5.2.1.1239.1759.800485555539515729942346450929,NA,07-18-2011,NA,NA,MG,Digital Mammography X-Ray Image Storage - For Presentation,1.2.840.10008.5.1.4.1.1.1.2,2,8.79 MB,./CMMD/D1-0696/1.3.6.1.4.1.14519.5.2.1.1239.1759.800485555539515729942346450929/1.3.6.1.4.1.14519.5.2.1.1239.1759.139164292275435828363821370003,2025-12-02T10:30:53.21682813
1.3.6.1.4.1.14519.5.2.1.1239.1759.166323307821912324592419981179,CMMD,NO,https://doi.org/10.7937/tcia.eqde4b16,D1-0699,1.3.6.1.4.1.14519.5.2.1.1239.1759.205575432610337299759430301176,NA,07-18-2010,NA,NA,MG,Digital Mammography X-Ray Image Storage - For Presentation,1.2.840.10008.5.1.4.1.1.1.2,2,8.79 MB,./CMMD/D1-0699/1.3.6.1.4.1.14519.5.2.1.1239.1759.205575432610337299759430301176/1.3.6.1.4.1.14519.5.2.1.1239.1759.166323307821912324592419981179,2025-12-02T10:30:53.429475491
1.3.6.1.4.1.14519.5.2.1.1239.1759.290602870568958560007264097127,CMMD,NO,https://doi.org/10.7937/tcia.eqde4b16,D1-0698,1.3.6.1.4.1.14519.5.2.1.1239.1759.132862569019008442918624094399,NA,07-18-2010,NA,NA,MG,Digital Mammography X-Ray Image Storage - For Presentation,1.2.840.10008.5.1.4.1.1.1.2,2,8.79 MB,./CMMD/D1-0698/1.3.6.1.4.1.14519.5.2.1.1239.1759.132862569019008442918624094399/1.3.6.1.4.1.14519.5.2.1.1239.1759.290602870568958560007264097127,2025-12-02T10:30:58.892112825
1.3.6.1.4.1.14519.5.2.1.1239.1759.721724198366930488589789392228,CMMD,NO,https://doi.org/10.7937/tcia.eqde4b16,D1-0700,1.3.6.1.4.1.14519.5.2.1.1239.1759.335894035995944169369190900270,NA,07-18-2010,NA,NA,MG,Digital Mammography X-Ray Image Storage - For Presentation,1.2.840.10008.5.1.4.1.1.1.2,2,8.79 MB,./CMMD/D1-0700/1.3.6.1.4.1.14519.5.2.1.1239.1759.335894035995944169369190900270/1.3.6.1.4.1.14519.5.2.1.1239.1759.721724198366930488589789392228,2025-12-02T10:31:01.371813667
1.3.6.1.4.1.14519.5.2.1.1239.1759.283119266583266650107998316618,CMMD,NO,https://doi.org/10.7937/tcia.eqde4b16,D1-0701,1.3.6.1.4.1.14519.5.2.1.1239.1759.197725867248215494884784247585,NA,07-18-2010,NA,NA,MG,Digital Mammography X-Ray Image Storage - For Presentation,1.2.840.10008.5.1.4.1.1.1.2,2,8.79 MB,./CMMD/D1-0701/1.3.6.1.4.1.14519.5.2.1.1239.1759.197725867248215494884784247585/1.3.6.1.4.1.14519.5.2.1.1239.1759.283119266583266650107998316618,2025-12-02T10:31:02.917813414
1.3.6.1.4.1.14519.5.2.1.1239.1759.194363856037441481793549998539,CMMD,NO,https://doi.org/10.7937/tcia.eqde4b16,D1-0702,1.3.6.1.4.1.14519.5.2.1.1239.1759.284004893141382618482382191956,NA,07-18-2010,NA,NA,MG,Digital Mammography X-Ray Image Storage - For Presentation,1.2.840.10008.5.1.4.1.1.1.2,2,8.79 MB,./CMMD/D1-0702/1.3.6.1.4.1.14519.5.2.1.1239.1759.284004893141382618482382191956/1.3.6.1.4.1.14519.5.2.1.1239.1759.194363856037441481793549998539,2025-12-02T10:31:11.429452248
1.3.6.1.4.1.14519.5.2.1.1239.1759.611665351730422404440713908827,CMMD,NO,https://doi.org/10.7937/tcia.eqde4b16,D1-0703,1.3.6.1.4.1.14519.5.2.1.1239.1759.314062921659522643663098445463,NA,07-18-2010,NA,NA,MG,Digital Mammography X-Ray Image Storage - For Presentation,1.2.840.10008.5.1.4.1.1.1.2,2,8.79 MB,./CMMD/D1-0703/1.3.6.1.4.1.14519.5.2.1.1239.1759.314062921659522643663098445463/1.3.6.1.4.1.14519.5.2.1.1239.1759.611665351730422404440713908827,2025-12-02T10:31:12.40135124
1.3.6.1.4.1.14519.5.2.1.1239.1759.171000962516108582958472979030,CMMD,NO,https://doi.org/10.7937/tcia.eqde4b16,D1-0704,1.3.6.1.4.1.14519.5.2.1.1239.1759.917603335070288723172324365457,NA,07-18-2010,NA,NA,MG,Digital Mammography X-Ray Image Storage - For Presentation,1.2.840.10008.5.1.4.1.1.1.2,2,8.79 MB,./CMMD/D1-0704/1.3.6.1.4.1.14519.5.2.1.1239.1759.917603335070288723172324365457/1.3.6.1.4.1.14519.5.2.1.1239.1759.171000962516108582958472979030,2025-12-02T10:31:14.727983042
1.3.6.1.4.1.14519.5.2.1.1239.1759.169167315558805718515818081767,CMMD,NO,https://doi.org/10.7937/tcia.eqde4b16,D1-0706,1.3.6.1.4.1.14519.5.2.1.1239.1759.118332061583566213853644977511,NA,07-18-2010,NA,NA,MG,Digital Mammography X-Ray Image Storage - For Presentation,1.2.840.10008.5.1.4.1.1.1.2,2,8.79 MB,./CMMD/D1-0706/1.3.6.1.4.1.14519.5.2.1.1239.1759.118332061583566213853644977511/1.3.6.1.4.1.14519.5.2.1.1239.1759.169167315558805718515818081767,2025-12-02T10:31:21.369194812
1.3.6.1.4.1.14519.5.2.1.1239.1759.205887511292536503892081045489,CMMD,NO,https://doi.org/10.7937/tcia.eqde4b16,D1-0705,1.3.6.1.4.1.14519.5.2.1.1239.1759.237141210560168782775966174449,NA,07-18-2010,NA,NA,MG,Digital Mammography X-Ray Image Storage - For Presentation,1.2.840.10008.5.1.4.1.1.1.2,2,8.79 MB,./CMMD/D1-0705/1.3.6.1.4.1.14519.5.2.1.1239.1759.237141210560168782775966174449/1.3.6.1.4.1.14519.5.2.1.1239.1759.205887511292536503892081045489,2025-12-02T10:31:24.288899883
1.3.6.1.4.1.14519.5.2.1.1239.1759.160919971023875157816262316902,CMMD,NO,https://doi.org/10.7937/tcia.eqde4b16,D1-0707,1.3.6.1.4.1.14519.5.2.1.1239.1759.231317702886473105483795099764,NA,07-18-2010,NA,NA,MG,Digital Mammography X-Ray Image Storage - For Presentation,1.2.840.10008.5.1.4.1.1.1.2,2,8.79 MB,./CMMD/D1-0707/1.3.6.1.4.1.14519.5.2.1.1239.1759.231317702886473105483795099764/1.3.6.1.4.1.14519.5.2.1.1239.1759.160919971023875157816262316902,2025-12-02T10:31:26.61936376
1.3.6.1.4.1.14519.5.2.1.1239.1759.695525050650758529221482643574,CMMD,NO,https://doi.org/10.7937/tcia.eqde4b16,D1-0709,1.3.6.1.4.1.14519.5.2.1.1239.1759.149871085857869077183483261116,NA,07-18-2010,NA,NA,MG,Digital Mammography X-Ray Image Storage - For Presentation,1.2.840.10008.5.1.4.1.1.1.2,2,8.79 MB,./CMMD/D1-0709/1.3.6.1.4.1.14519.5.2.1.1239.1759.149871085857869077183483261116/1.3.6.1.4.1.14519.5.2.1.1239.1759.695525050650758529221482643574,2025-12-02T10:31:36.158122373
1.3.6.1.4.1.14519.5.2.1.1239.1759.125250213795999865881061801303,CMMD,NO,https://doi.org/10.7937/tcia.eqde4b16,D1-0710,1.3.6.1.4.1.14519.5.2.1.1239.1759.743775632546240943728636745915,NA,07-18-2010,NA,NA,MG,Digital Mammography X-Ray Image Storage - For Presentation,1.2.840.10008.5.1.4.1.1.1.2,2,8.79 MB,./CMMD/D1-0710/1.3.6.1.4.1.14519.5.2.1.1239.1759.743775632546240943728636745915/1.3.6.1.4.1.14519.5.2.1.1239.1759.125250213795999865881061801303,2025-12-02T10:31:36.515555587
1.3.6.1.4.1.14519.5.2.1.1239.1759.176970008844909856702059694426,CMMD,NO,https://doi.org/10.7937/tcia.eqde4b16,D1-0708,1.3.6.1.4.1.14519.5.2.1.1239.1759.211368866437178597314903319843,NA,07-18-2010,NA,NA,MG,Digital Mammography X-Ray Image Storage - For Presentation,1.2.840.10008.5.1.4.1.1.1.2,4,17.57 MB,./CMMD/D1-0708/1.3.6.1.4.1.14519.5.2.1.1239.1759.211368866437178597314903319843/1.3.6.1.4.1.14519.5.2.1.1239.1759.176970008844909856702059694426,2025-12-02T10:31:37.401931894
1.3.6.1.4.1.14519.5.2.1.1239.1759.218042205938909355678521739138,CMMD,NO,https://doi.org/10.7937/tcia.eqde4b16,D1-0712,1.3.6.1.4.1.14519.5.2.1.1239.1759.178388334492925235852896287538,NA,07-18-2010,NA,NA,MG,Digital Mammography X-Ray Image Storage - For Presentation,1.2.840.10008.5.1.4.1.1.1.2,2,8.79 MB,./CMMD/D1-0712/1.3.6.1.4.1.14519.5.2.1.1239.1759.178388334492925235852896287538/1.3.6.1.4.1.14519.5.2.1.1239.1759.218042205938909355678521739138,2025-12-02T10:31:45.40954804
1.3.6.1.4.1.14519.5.2.1.1239.1759.200552404438850293675108840814,CMMD,NO,https://doi.org/10.7937/tcia.eqde4b16,D1-0711,1.3.6.1.4.1.14519.5.2.1.1239.1759.151195866322802112684004286978,NA,07-18-2010,NA,NA,MG,Digital Mammography X-Ray Image Storage - For Presentation,1.2.840.10008.5.1.4.1.1.1.2,2,8.79 MB,./CMMD/D1-0711/1.3.6.1.4.1.14519.5.2.1.1239.1759.151195866322802112684004286978/1.3.6.1.4.1.14519.5.2.1.1239.1759.200552404438850293675108840814,2025-12-02T10:31:45.574729839
1.3.6.1.4.1.14519.5.2.1.1239.1759.304767910579599314619905976971,CMMD,NO,https://doi.org/10.7937/tcia.eqde4b16,D1-0713,1.3.6.1.4.1.14519.5.2.1.1239.1759.267423136961459283976373321281,NA,07-18-2010,NA,NA,MG,Digital Mammography X-Ray Image Storage - For Presentation,1.2.840.10008.5.1.4.1.1.1.2,2,8.79 MB,./CMMD/D1-0713/1.3.6.1.4.1.14519.5.2.1.1239.1759.267423136961459283976373321281/1.3.6.1.4.1.14519.5.2.1.1239.1759.304767910579599314619905976971,2025-12-02T10:31:46.634114874
1.3.6.1.4.1.14519.5.2.1.1239.1759.206545206243620741821176842884,CMMD,NO,https://doi.org/10.7937/tcia.eqde4b16,D1-0714,1.3.6.1.4.1.14519.5.2.1.1239.1759.332102074549533360976534575115,NA,07-18-2010,NA,NA,MG,Digital Mammography X-Ray Image Storage - For Presentation,1.2.840.10008.5.1.4.1.1.1.2,2,8.79 MB,./CMMD/D1-0714/1.3.6.1.4.1.14519.5.2.1.1239.1759.332102074549533360976534575115/1.3.6.1.4.1.14519.5.2.1.1239.1759.206545206243620741821176842884,2025-12-02T10:31:55.255043333
1.3.6.1.4.1.14519.5.2.1.1239.1759.224795062148459805481044312935,CMMD,NO,https://doi.org/10.7937/tcia.eqde4b16,D1-0716,1.3.6.1.4.1.14519.5.2.1.1239.1759.270308172090321251025374846459,NA,07-18-2010,NA,NA,MG,Digital Mammography X-Ray Image Storage - For Presentation,1.2.840.10008.5.1.4.1.1.1.2,2,8.79 MB,./CMMD/D1-0716/1.3.6.1.4.1.14519.5.2.1.1239.1759.270308172090321251025374846459/1.3.6.1.4.1.14519.5.2.1.1239.1759.224795062148459805481044312935,2025-12-02T10:31:55.536712204
1.3.6.1.4.1.14519.5.2.1.1239.1759.238746124998654981486694929169,CMMD,NO,https://doi.org/10.7937/tcia.eqde4b16,D1-0715,1.3.6.1.4.1.14519.5.2.1.1239.1759.278060633704502235389210675054,NA,07-18-2010,NA,NA,MG,Digital Mammography X-Ray Image Storage - For Presentation,1.2.840.10008.5.1.4.1.1.1.2,2,8.79 MB,./CMMD/D1-0715/1.3.6.1.4.1.14519.5.2.1.1239.1759.278060633704502235389210675054/1.3.6.1.4.1.14519.5.2.1.1239.1759.238746124998654981486694929169,2025-12-02T10:31:59.402146573
1.3.6.1.4.1.14519.5.2.1.1239.1759.312666078768342411503322832854,CMMD,NO,https://doi.org/10.7937/tcia.eqde4b16,D1-0718,1.3.6.1.4.1.14519.5.2.1.1239.1759.875548627253943583161380746564,NA,07-18-2010,NA,NA,MG,Digital Mammography X-Ray Image Storage - For Presentation,1.2.840.10008.5.1.4.1.1.1.2,2,8.79 MB,./CMMD/D1-0718/1.3.6.1.4.1.14519.5.2.1.1239.1759.875548627253943583161380746564/1.3.6.1.4.1.14519.5.2.1.1239.1759.312666078768342411503322832854,2025-12-02T10:32:00.573760929
1.3.6.1.4.1.14519.5.2.1.1239.1759.962473150975739847727111730986,CMMD,NO,https://doi.org/10.7937/tcia.eqde4b16,D1-0717,1.3.6.1.4.1.14519.5.2.1.1239.1759.219350065548504512270982384154,NA,07-18-2010,NA,NA,MG,Digital Mammography X-Ray Image Storage - For Presentation,1.2.840.10008.5.1.4.1.1.1.2,2,8.79 MB,./CMMD/D1-0717/1.3.6.1.4.1.14519.5.2.1.1239.1759.219350065548504512270982384154/1.3.6.1.4.1.14519.5.2.1.1239.1759.962473150975739847727111730986,2025-12-02T10:32:08.858646513
1.3.6.1.4.1.14519.5.2.1.1239.1759.197252295457488591204079518077,CMMD,NO,https://doi.org/10.7937/tcia.eqde4b16,D1-0719,1.3.6.1.4.1.14519.5.2.1.1239.1759.122302382236397379022543107837,NA,07-18-2010,NA,NA,MG,Digital Mammography X-Ray Image Storage - For Presentation,1.2.840.10008.5.1.4.1.1.1.2,2,8.79 MB,./CMMD/D1-0719/1.3.6.1.4.1.14519.5.2.1.1239.1759.122302382236397379022543107837/1.3.6.1.4.1.14519.5.2.1.1239.1759.197252295457488591204079518077,2025-12-02T10:32:13.92891936
1.3.6.1.4.1.14519.5.2.1.1239.1759.472009548954659935752926858939,CMMD,NO,https://doi.org/10.7937/tcia.eqde4b16,D1-0720,1.3.6.1.4.1.14519.5.2.1.1239.1759.119733267799211375814434985641,NA,07-18-2011,NA,NA,MG,Digital Mammography X-Ray Image Storage - For Presentation,1.2.840.10008.5.1.4.1.1.1.2,2,8.79 MB,./CMMD/D1-0720/1.3.6.1.4.1.14519.5.2.1.1239.1759.119733267799211375814434985641/1.3.6.1.4.1.14519.5.2.1.1239.1759.472009548954659935752926858939,2025-12-02T10:32:16.662867325
1.3.6.1.4.1.14519.5.2.1.1239.1759.602400938378061265525232643683,CMMD,NO,https://doi.org/10.7937/tcia.eqde4b16,D1-0721,1.3.6.1.4.1.14519.5.2.1.1239.1759.326616672516887854867193950624,NA,07-18-2010,NA,NA,MG,Digital Mammography X-Ray Image Storage - For Presentation,1.2.840.10008.5.1.4.1.1.1.2,2,8.79 MB,./CMMD/D1-0721/1.3.6.1.4.1.14519.5.2.1.1239.1759.326616672516887854867193950624/1.3.6.1.4.1.14519.5.2.1.1239.1759.602400938378061265525232643683,2025-12-02T10:32:20.74229015
1.3.6.1.4.1.14519.5.2.1.1239.1759.291793574602062772688699214286,CMMD,NO,https://doi.org/10.7937/tcia.eqde4b16,D1-0722,1.3.6.1.4.1.14519.5.2.1.1239.1759.258190357646872774942035579271,NA,07-18-2010,NA,NA,MG,Digital Mammography X-Ray Image Storage - For Presentation,1.2.840.10008.5.1.4.1.1.1.2,2,8.79 MB,./CMMD/D1-0722/1.3.6.1.4.1.14519.5.2.1.1239.1759.258190357646872774942035579271/1.3.6.1.4.1.14519.5.2.1.1239.1759.291793574602062772688699214286,2025-12-02T10:32:26.565303288
1.3.6.1.4.1.14519.5.2.1.1239.1759.131724522460196902454397135088,CMMD,NO,https://doi.org/10.7937/tcia.eqde4b16,D1-0723,1.3.6.1.4.1.14519.5.2.1.1239.1759.291294427718410172396986894052,NA,07-18-2010,NA,NA,MG,Digital Mammography X-Ray Image Storage - For Presentation,1.2.840.10008.5.1.4.1.1.1.2,2,8.79 MB,./CMMD/D1-0723/1.3.6.1.4.1.14519.5.2.1.1239.1759.291294427718410172396986894052/1.3.6.1.4.1.14519.5.2.1.1239.1759.131724522460196902454397135088,2025-12-02T10:32:32.174779213
1.3.6.1.4.1.14519.5.2.1.1239.1759.193377535946790297874619386960,CMMD,NO,https://doi.org/10.7937/tcia.eqde4b16,D1-0724,1.3.6.1.4.1.14519.5.2.1.1239.1759.553448777096577200190035067366,NA,07-18-2010,NA,NA,MG,Digital Mammography X-Ray Image Storage - For Presentation,1.2.840.10008.5.1.4.1.1.1.2,2,8.79 MB,./CMMD/D1-0724/1.3.6.1.4.1.14519.5.2.1.1239.1759.553448777096577200190035067366/1.3.6.1.4.1.14519.5.2.1.1239.1759.193377535946790297874619386960,2025-12-02T10:32:35.264507894
1.3.6.1.4.1.14519.5.2.1.1239.1759.244455114558342705081696755155,CMMD,NO,https://doi.org/10.7937/tcia.eqde4b16,D1-0725,1.3.6.1.4.1.14519.5.2.1.1239.1759.210879826029457438619154101810,NA,07-18-2010,NA,NA,MG,Digital Mammography X-Ray Image Storage - For Presentation,1.2.840.10008.5.1.4.1.1.1.2,2,8.79 MB,./CMMD/D1-0725/1.3.6.1.4.1.14519.5.2.1.1239.1759.210879826029457438619154101810/1.3.6.1.4.1.14519.5.2.1.1239.1759.244455114558342705081696755155,2025-12-02T10:32:39.881290393
1.3.6.1.4.1.14519.5.2.1.1239.1759.228029183625344929905629866166,CMMD,NO,https://doi.org/10.7937/tcia.eqde4b16,D1-0726,1.3.6.1.4.1.14519.5.2.1.1239.1759.202473845335611826197019258186,NA,07-18-2010,NA,NA,MG,Digital Mammography X-Ray Image Storage - For Presentation,1.2.840.10008.5.1.4.1.1.1.2,2,8.79 MB,./CMMD/D1-0726/1.3.6.1.4.1.14519.5.2.1.1239.1759.202473845335611826197019258186/1.3.6.1.4.1.14519.5.2.1.1239.1759.228029183625344929905629866166,2025-12-02T10:32:41.637928242
1.3.6.1.4.1.14519.5.2.1.1239.1759.155715651404029421316416156511,CMMD,NO,https://doi.org/10.7937/tcia.eqde4b16,D1-0727,1.3.6.1.4.1.14519.5.2.1.1239.1759.118649573235400121049207717114,NA,07-18-2010,NA,NA,MG,Digital Mammography X-Ray Image Storage - For Presentation,1.2.840.10008.5.1.4.1.1.1.2,2,8.79 MB,./CMMD/D1-0727/1.3.6.1.4.1.14519.5.2.1.1239.1759.118649573235400121049207717114/1.3.6.1.4.1.14519.5.2.1.1239.1759.155715651404029421316416156511,2025-12-02T10:32:49.858848068
1.3.6.1.4.1.14519.5.2.1.1239.1759.179499369784589637451151091265,CMMD,NO,https://doi.org/10.7937/tcia.eqde4b16,D1-0728,1.3.6.1.4.1.14519.5.2.1.1239.1759.233508569374556766606191508173,NA,07-18-2010,NA,NA,MG,Digital Mammography X-Ray Image Storage - For Presentation,1.2.840.10008.5.1.4.1.1.1.2,2,8.79 MB,./CMMD/D1-0728/1.3.6.1.4.1.14519.5.2.1.1239.1759.233508569374556766606191508173/1.3.6.1.4.1.14519.5.2.1.1239.1759.179499369784589637451151091265,2025-12-02T10:32:54.032827606
1.3.6.1.4.1.14519.5.2.1.1239.1759.339178563261916415094008983102,CMMD,NO,https://doi.org/10.7937/tcia.eqde4b16,D1-0729,1.3.6.1.4.1.14519.5.2.1.1239.1759.430543213792405286536647574529,NA,07-18-2010,NA,NA,MG,Digital Mammography X-Ray Image Storage - For Presentation,1.2.840.10008.5.1.4.1.1.1.2,2,8.79 MB,./CMMD/D1-0729/1.3.6.1.4.1.14519.5.2.1.1239.1759.430543213792405286536647574529/1.3.6.1.4.1.14519.5.2.1.1239.1759.339178563261916415094008983102,2025-12-02T10:32:59.258060121
1.3.6.1.4.1.14519.5.2.1.1239.1759.107516243898957622882967847788,CMMD,NO,https://doi.org/10.7937/tcia.eqde4b16,D1-0730,1.3.6.1.4.1.14519.5.2.1.1239.1759.331128716416477433716900183029,NA,07-18-2010,NA,NA,MG,Digital Mammography X-Ray Image Storage - For Presentation,1.2.840.10008.5.1.4.1.1.1.2,2,8.79 MB,./CMMD/D1-0730/1.3.6.1.4.1.14519.5.2.1.1239.1759.331128716416477433716900183029/1.3.6.1.4.1.14519.5.2.1.1239.1759.107516243898957622882967847788,2025-12-02T10:33:03.003884447
1.3.6.1.4.1.14519.5.2.1.1239.1759.243860912542701385162218862042,CMMD,NO,https://doi.org/10.7937/tcia.eqde4b16,D1-0731,1.3.6.1.4.1.14519.5.2.1.1239.1759.728863629471561547786711188333,NA,07-18-2010,NA,NA,MG,Digital Mammography X-Ray Image Storage - For Presentation,1.2.840.10008.5.1.4.1.1.1.2,2,8.79 MB,./CMMD/D1-0731/1.3.6.1.4.1.14519.5.2.1.1239.1759.728863629471561547786711188333/1.3.6.1.4.1.14519.5.2.1.1239.1759.243860912542701385162218862042,2025-12-02T10:33:06.088611378
1.3.6.1.4.1.14519.5.2.1.1239.1759.328266759709119684696691157426,CMMD,NO,https://doi.org/10.7937/tcia.eqde4b16,D1-0732,1.3.6.1.4.1.14519.5.2.1.1239.1759.124679815365746699059188110595,NA,07-18-2010,NA,NA,MG,Digital Mammography X-Ray Image Storage - For Presentation,1.2.840.10008.5.1.4.1.1.1.2,2,8.79 MB,./CMMD/D1-0732/1.3.6.1.4.1.14519.5.2.1.1239.1759.124679815365746699059188110595/1.3.6.1.4.1.14519.5.2.1.1239.1759.328266759709119684696691157426,2025-12-02T10:33:12.891661831
1.3.6.1.4.1.14519.5.2.1.1239.1759.293853265538329239625180841740,CMMD,NO,https://doi.org/10.7937/tcia.eqde4b16,D1-0733,1.3.6.1.4.1.14519.5.2.1.1239.1759.302776955453699697365718622292,NA,07-18-2010,NA,NA,MG,Digital Mammography X-Ray Image Storage - For Presentation,1.2.840.10008.5.1.4.1.1.1.2,2,8.79 MB,./CMMD/D1-0733/1.3.6.1.4.1.14519.5.2.1.1239.1759.302776955453699697365718622292/1.3.6.1.4.1.14519.5.2.1.1239.1759.293853265538329239625180841740,2025-12-02T10:33:17.68864156
1.3.6.1.4.1.14519.5.2.1.1239.1759.255339742984261873366599963522,CMMD,NO,https://doi.org/10.7937/tcia.eqde4b16,D1-0734,1.3.6.1.4.1.14519.5.2.1.1239.1759.679356116129239904828477274676,NA,07-18-2010,NA,NA,MG,Digital Mammography X-Ray Image Storage - For Presentation,1.2.840.10008.5.1.4.1.1.1.2,2,8.79 MB,./CMMD/D1-0734/1.3.6.1.4.1.14519.5.2.1.1239.1759.679356116129239904828477274676/1.3.6.1.4.1.14519.5.2.1.1239.1759.255339742984261873366599963522,2025-12-02T10:33:21.256947233
1.3.6.1.4.1.14519.5.2.1.1239.1759.194021888630539387300456067294,CMMD,NO,https://doi.org/10.7937/tcia.eqde4b16,D1-0735,1.3.6.1.4.1.14519.5.2.1.1239.1759.189422829240203008977354389262,NA,07-17-2012,NA,NA,MG,Digital Mammography X-Ray Image Storage - For Presentation,1.2.840.10008.5.1.4.1.1.1.2,2,8.79 MB,./CMMD/D1-0735/1.3.6.1.4.1.14519.5.2.1.1239.1759.189422829240203008977354389262/1.3.6.1.4.1.14519.5.2.1.1239.1759.194021888630539387300456067294,2025-12-02T10:33:29.127854042
1.3.6.1.4.1.14519.5.2.1.1239.1759.179437570739787974170868561763,CMMD,NO,https://doi.org/10.7937/tcia.eqde4b16,D1-0736,1.3.6.1.4.1.14519.5.2.1.1239.1759.212545920904873344507584597915,NA,07-18-2010,NA,NA,MG,Digital Mammography X-Ray Image Storage - For Presentation,1.2.840.10008.5.1.4.1.1.1.2,2,8.79 MB,./CMMD/D1-0736/1.3.6.1.4.1.14519.5.2.1.1239.1759.212545920904873344507584597915/1.3.6.1.4.1.14519.5.2.1.1239.1759.179437570739787974170868561763,2025-12-02T10:33:34.618121369
1.3.6.1.4.1.14519.5.2.1.1239.1759.303179920524581261270541301652,CMMD,NO,https://doi.org/10.7937/tcia.eqde4b16,D1-0737,1.3.6.1.4.1.14519.5.2.1.1239.1759.243280480014995142425326717214,NA,07-18-2010,NA,NA,MG,Digital Mammography X-Ray Image Storage - For Presentation,1.2.840.10008.5.1.4.1.1.1.2,2,8.79 MB,./CMMD/D1-0737/1.3.6.1.4.1.14519.5.2.1.1239.1759.243280480014995142425326717214/1.3.6.1.4.1.14519.5.2.1.1239.1759.303179920524581261270541301652,2025-12-02T10:33:36.478695614
1.3.6.1.4.1.14519.5.2.1.1239.1759.827809776726210328871476394202,CMMD,NO,https://doi.org/10.7937/tcia.eqde4b16,D1-0740,1.3.6.1.4.1.14519.5.2.1.1239.1759.186501079642966855227652799668,NA,07-18-2010,NA,NA,MG,Digital Mammography X-Ray Image Storage - For Presentation,1.2.840.10008.5.1.4.1.1.1.2,2,8.79 MB,./CMMD/D1-0740/1.3.6.1.4.1.14519.5.2.1.1239.1759.186501079642966855227652799668/1.3.6.1.4.1.14519.5.2.1.1239.1759.827809776726210328871476394202,2025-12-02T10:33:48.960730555
1.3.6.1.4.1.14519.5.2.1.1239.1759.160406020609575980120988473658,CMMD,NO,https://doi.org/10.7937/tcia.eqde4b16,D1-0738,1.3.6.1.4.1.14519.5.2.1.1239.1759.964647937889696126446553622184,NA,07-18-2011,NA,NA,MG,Digital Mammography X-Ray Image Storage - For Presentation,1.2.840.10008.5.1.4.1.1.1.2,2,8.79 MB,./CMMD/D1-0738/1.3.6.1.4.1.14519.5.2.1.1239.1759.964647937889696126446553622184/1.3.6.1.4.1.14519.5.2.1.1239.1759.160406020609575980120988473658,2025-12-02T10:33:51.116145163
1.3.6.1.4.1.14519.5.2.1.1239.1759.312884511608869675646393909739,CMMD,NO,https://doi.org/10.7937/tcia.eqde4b16,D1-0739,1.3.6.1.4.1.14519.5.2.1.1239.1759.260279127933468816724642170247,NA,07-18-2010,NA,NA,MG,Digital Mammography X-Ray Image Storage - For Presentation,1.2.840.10008.5.1.4.1.1.1.2,2,8.79 MB,./CMMD/D1-0739/1.3.6.1.4.1.14519.5.2.1.1239.1759.260279127933468816724642170247/1.3.6.1.4.1.14519.5.2.1.1239.1759.312884511608869675646393909739,2025-12-02T10:33:56.88407452
1.3.6.1.4.1.14519.5.2.1.1239.1759.139514312330150780599914682314,CMMD,NO,https://doi.org/10.7937/tcia.eqde4b16,D1-0742,1.3.6.1.4.1.14519.5.2.1.1239.1759.227111340223517786453898348272,NA,07-18-2010,NA,NA,MG,Digital Mammography X-Ray Image Storage - For Presentation,1.2.840.10008.5.1.4.1.1.1.2,4,17.57 MB,./CMMD/D1-0742/1.3.6.1.4.1.14519.5.2.1.1239.1759.227111340223517786453898348272/1.3.6.1.4.1.14519.5.2.1.1239.1759.139514312330150780599914682314,2025-12-02T10:34:07.447918581
1.3.6.1.4.1.14519.5.2.1.1239.1759.325996293735845777539352176766,CMMD,NO,https://doi.org/10.7937/tcia.eqde4b16,D1-0743,1.3.6.1.4.1.14519.5.2.1.1239.1759.109198282857047388434534619828,NA,07-18-2010,NA,NA,MG,Digital Mammography X-Ray Image Storage - For Presentation,1.2.840.10008.5.1.4.1.1.1.2,2,8.79 MB,./CMMD/D1-0743/1.3.6.1.4.1.14519.5.2.1.1239.1759.109198282857047388434534619828/1.3.6.1.4.1.14519.5.2.1.1239.1759.325996293735845777539352176766,2025-12-02T10:34:08.583844065
1.3.6.1.4.1.14519.5.2.1.1239.1759.312718182790902673914036607530,CMMD,NO,https://doi.org/10.7937/tcia.eqde4b16,D1-0741,1.3.6.1.4.1.14519.5.2.1.1239.1759.317966291479504252087442811594,NA,07-18-2010,NA,NA,MG,Digital Mammography X-Ray Image Storage - For Presentation,1.2.840.10008.5.1.4.1.1.1.2,2,8.79 MB,./CMMD/D1-0741/1.3.6.1.4.1.14519.5.2.1.1239.1759.317966291479504252087442811594/1.3.6.1.4.1.14519.5.2.1.1239.1759.312718182790902673914036607530,2025-12-02T10:34:13.154776107
1.3.6.1.4.1.14519.5.2.1.1239.1759.242868375490419962950174249495,CMMD,NO,https://doi.org/10.7937/tcia.eqde4b16,D1-0746,1.3.6.1.4.1.14519.5.2.1.1239.1759.120569223878964875493325924200,NA,07-18-2010,NA,NA,MG,Digital Mammography X-Ray Image Storage - For Presentation,1.2.840.10008.5.1.4.1.1.1.2,2,8.79 MB,./CMMD/D1-0746/1.3.6.1.4.1.14519.5.2.1.1239.1759.120569223878964875493325924200/1.3.6.1.4.1.14519.5.2.1.1239.1759.242868375490419962950174249495,2025-12-02T10:34:27.402670441
1.3.6.1.4.1.14519.5.2.1.1239.1759.243157713122278419230336699855,CMMD,NO,https://doi.org/10.7937/tcia.eqde4b16,D1-0745,1.3.6.1.4.1.14519.5.2.1.1239.1759.103220647638569550804542297315,NA,07-18-2010,NA,NA,MG,Digital Mammography X-Ray Image Storage - For Presentation,1.2.840.10008.5.1.4.1.1.1.2,2,8.79 MB,./CMMD/D1-0745/1.3.6.1.4.1.14519.5.2.1.1239.1759.103220647638569550804542297315/1.3.6.1.4.1.14519.5.2.1.1239.1759.243157713122278419230336699855,2025-12-02T10:34:28.570519129
1.3.6.1.4.1.14519.5.2.1.1239.1759.669150841124488380368526689277,CMMD,NO,https://doi.org/10.7937/tcia.eqde4b16,D1-0744,1.3.6.1.4.1.14519.5.2.1.1239.1759.296475125389978190717724035086,NA,07-18-2010,NA,NA,MG,Digital Mammography X-Ray Image Storage - For Presentation,1.2.840.10008.5.1.4.1.1.1.2,2,8.79 MB,./CMMD/D1-0744/1.3.6.1.4.1.14519.5.2.1.1239.1759.296475125389978190717724035086/1.3.6.1.4.1.14519.5.2.1.1239.1759.669150841124488380368526689277,2025-12-02T10:34:30.322738849
1.3.6.1.4.1.14519.5.2.1.1239.1759.285512982760139007948456553041,CMMD,NO,https://doi.org/10.7937/tcia.eqde4b16,D1-0747,1.3.6.1.4.1.14519.5.2.1.1239.1759.256859773859922112802139696675,NA,07-18-2010,NA,NA,MG,Digital Mammography X-Ray Image Storage - For Presentation,1.2.840.10008.5.1.4.1.1.1.2,2,8.79 MB,./CMMD/D1-0747/1.3.6.1.4.1.14519.5.2.1.1239.1759.256859773859922112802139696675/1.3.6.1.4.1.14519.5.2.1.1239.1759.285512982760139007948456553041,2025-12-02T10:34:33.662412509
1.3.6.1.4.1.14519.5.2.1.1239.1759.220513447722794072087483912461,CMMD,NO,https://doi.org/10.7937/tcia.eqde4b16,D1-0749,1.3.6.1.4.1.14519.5.2.1.1239.1759.178165386004977193082384316569,NA,07-18-2010,NA,NA,MG,Digital Mammography X-Ray Image Storage - For Presentation,1.2.840.10008.5.1.4.1.1.1.2,2,8.79 MB,./CMMD/D1-0749/1.3.6.1.4.1.14519.5.2.1.1239.1759.178165386004977193082384316569/1.3.6.1.4.1.14519.5.2.1.1239.1759.220513447722794072087483912461,2025-12-02T10:34:42.39689219
1.3.6.1.4.1.14519.5.2.1.1239.1759.319149983255368344092664077951,CMMD,NO,https://doi.org/10.7937/tcia.eqde4b16,D1-0748,1.3.6.1.4.1.14519.5.2.1.1239.1759.124213589982077794511106224244,NA,07-18-2010,NA,NA,MG,Digital Mammography X-Ray Image Storage - For Presentation,1.2.840.10008.5.1.4.1.1.1.2,2,8.79 MB,./CMMD/D1-0748/1.3.6.1.4.1.14519.5.2.1.1239.1759.124213589982077794511106224244/1.3.6.1.4.1.14519.5.2.1.1239.1759.319149983255368344092664077951,2025-12-02T10:34:43.039108283
1.3.6.1.4.1.14519.5.2.1.1239.1759.196388534291354449302356015913,CMMD,NO,https://doi.org/10.7937/tcia.eqde4b16,D1-0752,1.3.6.1.4.1.14519.5.2.1.1239.1759.153315542309943576543783854602,NA,07-18-2010,NA,NA,MG,Digital Mammography X-Ray Image Storage - For Presentation,1.2.840.10008.5.1.4.1.1.1.2,2,8.79 MB,./CMMD/D1-0752/1.3.6.1.4.1.14519.5.2.1.1239.1759.153315542309943576543783854602/1.3.6.1.4.1.14519.5.2.1.1239.1759.196388534291354449302356015913,2025-12-02T10:35:03.13012215
1.3.6.1.4.1.14519.5.2.1.1239.1759.279635908651624790903128360241,CMMD,NO,https://doi.org/10.7937/tcia.eqde4b16,D1-0750,1.3.6.1.4.1.14519.5.2.1.1239.1759.183019258969176335871881272140,NA,07-18-2010,NA,NA,MG,Digital Mammography X-Ray Image Storage - For Presentation,1.2.840.10008.5.1.4.1.1.1.2,4,17.57 MB,./CMMD/D1-0750/1.3.6.1.4.1.14519.5.2.1.1239.1759.183019258969176335871881272140/1.3.6.1.4.1.14519.5.2.1.1239.1759.279635908651624790903128360241,2025-12-02T10:35:05.740398278
1.3.6.1.4.1.14519.5.2.1.1239.1759.331947098842739166050015285352,CMMD,NO,https://doi.org/10.7937/tcia.eqde4b16,D1-0751,1.3.6.1.4.1.14519.5.2.1.1239.1759.121648869533323291262033278688,NA,07-18-2010,NA,NA,MG,Digital Mammography X-Ray Image Storage - For Presentation,1.2.840.10008.5.1.4.1.1.1.2,2,8.79 MB,./CMMD/D1-0751/1.3.6.1.4.1.14519.5.2.1.1239.1759.121648869533323291262033278688/1.3.6.1.4.1.14519.5.2.1.1239.1759.331947098842739166050015285352,2025-12-02T10:35:13.38673191
1.3.6.1.4.1.14519.5.2.1.1239.1759.299679349472907194252767851468,CMMD,NO,https://doi.org/10.7937/tcia.eqde4b16,D1-0753,1.3.6.1.4.1.14519.5.2.1.1239.1759.323706275526233683807511575791,NA,07-18-2010,NA,NA,MG,Digital Mammography X-Ray Image Storage - For Presentation,1.2.840.10008.5.1.4.1.1.1.2,2,8.79 MB,./CMMD/D1-0753/1.3.6.1.4.1.14519.5.2.1.1239.1759.323706275526233683807511575791/1.3.6.1.4.1.14519.5.2.1.1239.1759.299679349472907194252767851468,2025-12-02T10:35:17.830869837
1.3.6.1.4.1.14519.5.2.1.1239.1759.271162798353895784547827181110,CMMD,NO,https://doi.org/10.7937/tcia.eqde4b16,D1-0754,1.3.6.1.4.1.14519.5.2.1.1239.1759.129100639563747298582809133240,NA,07-18-2010,NA,NA,MG,Digital Mammography X-Ray Image Storage - For Presentation,1.2.840.10008.5.1.4.1.1.1.2,2,8.79 MB,./CMMD/D1-0754/1.3.6.1.4.1.14519.5.2.1.1239.1759.129100639563747298582809133240/1.3.6.1.4.1.14519.5.2.1.1239.1759.271162798353895784547827181110,2025-12-02T10:35:18.258252751
1.3.6.1.4.1.14519.5.2.1.1239.1759.417473466641377789594094347514,CMMD,NO,https://doi.org/10.7937/tcia.eqde4b16,D1-0755,1.3.6.1.4.1.14519.5.2.1.1239.1759.242054987555673198142361113948,NA,07-18-2010,NA,NA,MG,Digital Mammography X-Ray Image Storage - For Presentation,1.2.840.10008.5.1.4.1.1.1.2,2,8.79 MB,./CMMD/D1-0755/1.3.6.1.4.1.14519.5.2.1.1239.1759.242054987555673198142361113948/1.3.6.1.4.1.14519.5.2.1.1239.1759.417473466641377789594094347514,2025-12-02T10:35:22.247272512
1.3.6.1.4.1.14519.5.2.1.1239.1759.426380813655198105284326803997,CMMD,NO,https://doi.org/10.7937/tcia.eqde4b16,D1-0757,1.3.6.1.4.1.14519.5.2.1.1239.1759.112118539563508299109120941605,NA,07-18-2010,NA,NA,MG,Digital Mammography X-Ray Image Storage - For Presentation,1.2.840.10008.5.1.4.1.1.1.2,2,8.79 MB,./CMMD/D1-0757/1.3.6.1.4.1.14519.5.2.1.1239.1759.112118539563508299109120941605/1.3.6.1.4.1.14519.5.2.1.1239.1759.426380813655198105284326803997,2025-12-02T10:35:30.325654562
1.3.6.1.4.1.14519.5.2.1.1239.1759.150520948545662228777003993921,CMMD,NO,https://doi.org/10.7937/tcia.eqde4b16,D1-0756,1.3.6.1.4.1.14519.5.2.1.1239.1759.333368673178994458258260583134,NA,07-18-2010,NA,NA,MG,Digital Mammography X-Ray Image Storage - For Presentation,1.2.840.10008.5.1.4.1.1.1.2,2,8.79 MB,./CMMD/D1-0756/1.3.6.1.4.1.14519.5.2.1.1239.1759.333368673178994458258260583134/1.3.6.1.4.1.14519.5.2.1.1239.1759.150520948545662228777003993921,2025-12-02T10:35:30.411165408
1.3.6.1.4.1.14519.5.2.1.1239.1759.290338604508627448156996513687,CMMD,NO,https://doi.org/10.7937/tcia.eqde4b16,D1-0758,1.3.6.1.4.1.14519.5.2.1.1239.1759.119138325113339519231844707879,NA,07-18-2010,NA,NA,MG,Digital Mammography X-Ray Image Storage - For Presentation,1.2.840.10008.5.1.4.1.1.1.2,2,8.79 MB,./CMMD/D1-0758/1.3.6.1.4.1.14519.5.2.1.1239.1759.119138325113339519231844707879/1.3.6.1.4.1.14519.5.2.1.1239.1759.290338604508627448156996513687,2025-12-02T10:35:33.620758534
1.3.6.1.4.1.14519.5.2.1.1239.1759.286850861235519169156890500710,CMMD,NO,https://doi.org/10.7937/tcia.eqde4b16,D1-0761,1.3.6.1.4.1.14519.5.2.1.1239.1759.226148291337876217094535682057,NA,07-18-2010,NA,NA,MG,Digital Mammography X-Ray Image Storage - For Presentation,1.2.840.10008.5.1.4.1.1.1.2,2,8.79 MB,./CMMD/D1-0761/1.3.6.1.4.1.14519.5.2.1.1239.1759.226148291337876217094535682057/1.3.6.1.4.1.14519.5.2.1.1239.1759.286850861235519169156890500710,2025-12-02T10:35:43.740593062
1.3.6.1.4.1.14519.5.2.1.1239.1759.337004423794343680917648279007,CMMD,NO,https://doi.org/10.7937/tcia.eqde4b16,D1-0760,1.3.6.1.4.1.14519.5.2.1.1239.1759.111065097455765754710117058494,NA,07-18-2010,NA,NA,MG,Digital Mammography X-Ray Image Storage - For Presentation,1.2.840.10008.5.1.4.1.1.1.2,2,8.79 MB,./CMMD/D1-0760/1.3.6.1.4.1.14519.5.2.1.1239.1759.111065097455765754710117058494/1.3.6.1.4.1.14519.5.2.1.1239.1759.337004423794343680917648279007,2025-12-02T10:35:44.441873478
1.3.6.1.4.1.14519.5.2.1.1239.1759.274236575897795876504945999952,CMMD,NO,https://doi.org/10.7937/tcia.eqde4b16,D1-0759,1.3.6.1.4.1.14519.5.2.1.1239.1759.151037677918169270581384559469,NA,07-18-2010,NA,NA,MG,Digital Mammography X-Ray Image Storage - For Presentation,1.2.840.10008.5.1.4.1.1.1.2,4,17.57 MB,./CMMD/D1-0759/1.3.6.1.4.1.14519.5.2.1.1239.1759.151037677918169270581384559469/1.3.6.1.4.1.14519.5.2.1.1239.1759.274236575897795876504945999952,2025-12-02T10:35:51.529988904
1.3.6.1.4.1.14519.5.2.1.1239.1759.236623419403814314983470215333,CMMD,NO,https://doi.org/10.7937/tcia.eqde4b16,D1-0762,1.3.6.1.4.1.14519.5.2.1.1239.1759.437299746686711070419254456322,NA,07-18-2010,NA,NA,MG,Digital Mammography X-Ray Image Storage - For Presentation,1.2.840.10008.5.1.4.1.1.1.2,2,8.79 MB,./CMMD/D1-0762/1.3.6.1.4.1.14519.5.2.1.1239.1759.437299746686711070419254456322/1.3.6.1.4.1.14519.5.2.1.1239.1759.236623419403814314983470215333,2025-12-02T10:35:55.497261707
1.3.6.1.4.1.14519.5.2.1.1239.1759.177515199009632077298926467775,CMMD,NO,https://doi.org/10.7937/tcia.eqde4b16,D1-0763,1.3.6.1.4.1.14519.5.2.1.1239.1759.450801068492887773567931641040,NA,07-18-2010,NA,NA,MG,Digital Mammography X-Ray Image Storage - For Presentation,1.2.840.10008.5.1.4.1.1.1.2,2,8.79 MB,./CMMD/D1-0763/1.3.6.1.4.1.14519.5.2.1.1239.1759.450801068492887773567931641040/1.3.6.1.4.1.14519.5.2.1.1239.1759.177515199009632077298926467775,2025-12-02T10:35:58.747581327
1.3.6.1.4.1.14519.5.2.1.1239.1759.229406165385766873948256682619,CMMD,NO,https://doi.org/10.7937/tcia.eqde4b16,D1-0766,1.3.6.1.4.1.14519.5.2.1.1239.1759.162953749299183262682754042303,NA,07-18-2010,NA,NA,MG,Digital Mammography X-Ray Image Storage - For Presentation,1.2.840.10008.5.1.4.1.1.1.2,2,8.79 MB,./CMMD/D1-0766/1.3.6.1.4.1.14519.5.2.1.1239.1759.162953749299183262682754042303/1.3.6.1.4.1.14519.5.2.1.1239.1759.229406165385766873948256682619,2025-12-02T10:36:07.976282879
1.3.6.1.4.1.14519.5.2.1.1239.1759.181171075055947536342331940033,CMMD,NO,https://doi.org/10.7937/tcia.eqde4b16,D1-0764,1.3.6.1.4.1.14519.5.2.1.1239.1759.649701975985230447219585996964,NA,07-18-2010,NA,NA,MG,Digital Mammography X-Ray Image Storage - For Presentation,1.2.840.10008.5.1.4.1.1.1.2,4,17.57 MB,./CMMD/D1-0764/1.3.6.1.4.1.14519.5.2.1.1239.1759.649701975985230447219585996964/1.3.6.1.4.1.14519.5.2.1.1239.1759.181171075055947536342331940033,2025-12-02T10:36:11.507920759
1.3.6.1.4.1.14519.5.2.1.1239.1759.185212434142957936506725020647,CMMD,NO,https://doi.org/10.7937/tcia.eqde4b16,D1-0765,1.3.6.1.4.1.14519.5.2.1.1239.1759.466207644844156094115237166886,NA,07-18-2010,NA,NA,MG,Digital Mammography X-Ray Image Storage - For Presentation,1.2.840.10008.5.1.4.1.1.1.2,2,8.79 MB,./CMMD/D1-0765/1.3.6.1.4.1.14519.5.2.1.1239.1759.466207644844156094115237166886/1.3.6.1.4.1.14519.5.2.1.1239.1759.185212434142957936506725020647,2025-12-02T10:36:12.404959012
1.3.6.1.4.1.14519.5.2.1.1239.1759.209263027411556051191857633469,CMMD,NO,https://doi.org/10.7937/tcia.eqde4b16,D1-0768,1.3.6.1.4.1.14519.5.2.1.1239.1759.285223151899050972079786779816,NA,07-18-2010,NA,NA,MG,Digital Mammography X-Ray Image Storage - For Presentation,1.2.840.10008.5.1.4.1.1.1.2,2,8.79 MB,./CMMD/D1-0768/1.3.6.1.4.1.14519.5.2.1.1239.1759.285223151899050972079786779816/1.3.6.1.4.1.14519.5.2.1.1239.1759.209263027411556051191857633469,2025-12-02T10:36:19.662049993
1.3.6.1.4.1.14519.5.2.1.1239.1759.461063537355830170094490390893,CMMD,NO,https://doi.org/10.7937/tcia.eqde4b16,D1-0769,1.3.6.1.4.1.14519.5.2.1.1239.1759.573734910451151224207844229938,NA,07-18-2010,NA,NA,MG,Digital Mammography X-Ray Image Storage - For Presentation,1.2.840.10008.5.1.4.1.1.1.2,2,8.79 MB,./CMMD/D1-0769/1.3.6.1.4.1.14519.5.2.1.1239.1759.573734910451151224207844229938/1.3.6.1.4.1.14519.5.2.1.1239.1759.461063537355830170094490390893,2025-12-02T10:36:24.047818559
1.3.6.1.4.1.14519.5.2.1.1239.1759.290756618959836506742840164951,CMMD,NO,https://doi.org/10.7937/tcia.eqde4b16,D1-0767,1.3.6.1.4.1.14519.5.2.1.1239.1759.651046236338094723651442062588,NA,07-18-2010,NA,NA,MG,Digital Mammography X-Ray Image Storage - For Presentation,1.2.840.10008.5.1.4.1.1.1.2,4,17.57 MB,./CMMD/D1-0767/1.3.6.1.4.1.14519.5.2.1.1239.1759.651046236338094723651442062588/1.3.6.1.4.1.14519.5.2.1.1239.1759.290756618959836506742840164951,2025-12-02T10:36:24.235114228
1.3.6.1.4.1.14519.5.2.1.1239.1759.310619445684029448656723398395,CMMD,NO,https://doi.org/10.7937/tcia.eqde4b16,D1-0772,1.3.6.1.4.1.14519.5.2.1.1239.1759.347711822476718313052153450783,NA,07-18-2010,NA,NA,MG,Digital Mammography X-Ray Image Storage - For Presentation,1.2.840.10008.5.1.4.1.1.1.2,2,8.79 MB,./CMMD/D1-0772/1.3.6.1.4.1.14519.5.2.1.1239.1759.347711822476718313052153450783/1.3.6.1.4.1.14519.5.2.1.1239.1759.310619445684029448656723398395,2025-12-02T10:36:29.499715592
1.3.6.1.4.1.14519.5.2.1.1239.1759.622274973882829024845795326031,CMMD,NO,https://doi.org/10.7937/tcia.eqde4b16,D1-0770,1.3.6.1.4.1.14519.5.2.1.1239.1759.226477375827567985024763543471,NA,07-18-2010,NA,NA,MG,Digital Mammography X-Ray Image Storage - For Presentation,1.2.840.10008.5.1.4.1.1.1.2,4,17.57 MB,./CMMD/D1-0770/1.3.6.1.4.1.14519.5.2.1.1239.1759.226477375827567985024763543471/1.3.6.1.4.1.14519.5.2.1.1239.1759.622274973882829024845795326031,2025-12-02T10:36:38.143958052
1.3.6.1.4.1.14519.5.2.1.1239.1759.108179494674232479218390808187,CMMD,NO,https://doi.org/10.7937/tcia.eqde4b16,D1-0771,1.3.6.1.4.1.14519.5.2.1.1239.1759.289822821077031951054117124122,NA,07-18-2010,NA,NA,MG,Digital Mammography X-Ray Image Storage - For Presentation,1.2.840.10008.5.1.4.1.1.1.2,2,8.79 MB,./CMMD/D1-0771/1.3.6.1.4.1.14519.5.2.1.1239.1759.289822821077031951054117124122/1.3.6.1.4.1.14519.5.2.1.1239.1759.108179494674232479218390808187,2025-12-02T10:36:41.46372165
1.3.6.1.4.1.14519.5.2.1.1239.1759.965748342092952243860090749388,CMMD,NO,https://doi.org/10.7937/tcia.eqde4b16,D1-0773,1.3.6.1.4.1.14519.5.2.1.1239.1759.234582018006940714534676475791,NA,07-18-2010,NA,NA,MG,Digital Mammography X-Ray Image Storage - For Presentation,1.2.840.10008.5.1.4.1.1.1.2,2,8.79 MB,./CMMD/D1-0773/1.3.6.1.4.1.14519.5.2.1.1239.1759.234582018006940714534676475791/1.3.6.1.4.1.14519.5.2.1.1239.1759.965748342092952243860090749388,2025-12-02T10:36:47.141856164
1.3.6.1.4.1.14519.5.2.1.1239.1759.154949520155029492142273556915,CMMD,NO,https://doi.org/10.7937/tcia.eqde4b16,D1-0774,1.3.6.1.4.1.14519.5.2.1.1239.1759.337612454157843667304275381336,NA,07-18-2010,NA,NA,MG,Digital Mammography X-Ray Image Storage - For Presentation,1.2.840.10008.5.1.4.1.1.1.2,4,17.57 MB,./CMMD/D1-0774/1.3.6.1.4.1.14519.5.2.1.1239.1759.337612454157843667304275381336/1.3.6.1.4.1.14519.5.2.1.1239.1759.154949520155029492142273556915,2025-12-02T10:36:55.023289885
1.3.6.1.4.1.14519.5.2.1.1239.1759.133773609938981693143391353241,CMMD,NO,https://doi.org/10.7937/tcia.eqde4b16,D1-0775,1.3.6.1.4.1.14519.5.2.1.1239.1759.861734464044806361206439206754,NA,07-18-2010,NA,NA,MG,Digital Mammography X-Ray Image Storage - For Presentation,1.2.840.10008.5.1.4.1.1.1.2,2,8.79 MB,./CMMD/D1-0775/1.3.6.1.4.1.14519.5.2.1.1239.1759.861734464044806361206439206754/1.3.6.1.4.1.14519.5.2.1.1239.1759.133773609938981693143391353241,2025-12-02T10:36:56.777620437
1.3.6.1.4.1.14519.5.2.1.1239.1759.109195499204183144289734441786,CMMD,NO,https://doi.org/10.7937/tcia.eqde4b16,D1-0776,1.3.6.1.4.1.14519.5.2.1.1239.1759.326448929701467982665171901372,NA,07-18-2010,NA,NA,MG,Digital Mammography X-Ray Image Storage - For Presentation,1.2.840.10008.5.1.4.1.1.1.2,2,8.79 MB,./CMMD/D1-0776/1.3.6.1.4.1.14519.5.2.1.1239.1759.326448929701467982665171901372/1.3.6.1.4.1.14519.5.2.1.1239.1759.109195499204183144289734441786,2025-12-02T10:37:01.842531571
1.3.6.1.4.1.14519.5.2.1.1239.1759.307888607825538089257660950170,CMMD,NO,https://doi.org/10.7937/tcia.eqde4b16,D1-0778,1.3.6.1.4.1.14519.5.2.1.1239.1759.316984553761776618180490402867,NA,07-18-2010,NA,NA,MG,Digital Mammography X-Ray Image Storage - For Presentation,1.2.840.10008.5.1.4.1.1.1.2,2,8.79 MB,./CMMD/D1-0778/1.3.6.1.4.1.14519.5.2.1.1239.1759.316984553761776618180490402867/1.3.6.1.4.1.14519.5.2.1.1239.1759.307888607825538089257660950170,2025-12-02T10:37:13.996852971
1.3.6.1.4.1.14519.5.2.1.1239.1759.271223745845751272347168077751,CMMD,NO,https://doi.org/10.7937/tcia.eqde4b16,D1-0777,1.3.6.1.4.1.14519.5.2.1.1239.1759.168216156263693181649390016576,NA,07-18-2010,NA,NA,MG,Digital Mammography X-Ray Image Storage - For Presentation,1.2.840.10008.5.1.4.1.1.1.2,2,8.79 MB,./CMMD/D1-0777/1.3.6.1.4.1.14519.5.2.1.1239.1759.168216156263693181649390016576/1.3.6.1.4.1.14519.5.2.1.1239.1759.271223745845751272347168077751,2025-12-02T10:37:15.254582376
1.3.6.1.4.1.14519.5.2.1.1239.1759.252112814725458499816867070181,CMMD,NO,https://doi.org/10.7937/tcia.eqde4b16,D1-0779,1.3.6.1.4.1.14519.5.2.1.1239.1759.212854088509776012070741503120,NA,07-18-2010,NA,NA,MG,Digital Mammography X-Ray Image Storage - For Presentation,1.2.840.10008.5.1.4.1.1.1.2,2,8.79 MB,./CMMD/D1-0779/1.3.6.1.4.1.14519.5.2.1.1239.1759.212854088509776012070741503120/1.3.6.1.4.1.14519.5.2.1.1239.1759.252112814725458499816867070181,2025-12-02T10:37:16.448669522
1.3.6.1.4.1.14519.5.2.1.1239.1759.286256317437435379632055612128,CMMD,NO,https://doi.org/10.7937/tcia.eqde4b16,D1-0781,1.3.6.1.4.1.14519.5.2.1.1239.1759.117537844958748611026280513631,NA,07-17-2012,NA,NA,MG,Digital Mammography X-Ray Image Storage - For Presentation,1.2.840.10008.5.1.4.1.1.1.2,2,8.79 MB,./CMMD/D1-0781/1.3.6.1.4.1.14519.5.2.1.1239.1759.117537844958748611026280513631/1.3.6.1.4.1.14519.5.2.1.1239.1759.286256317437435379632055612128,2025-12-02T10:37:21.24291036
1.3.6.1.4.1.14519.5.2.1.1239.1759.219179049727377185547627672263,CMMD,NO,https://doi.org/10.7937/tcia.eqde4b16,D1-0780,1.3.6.1.4.1.14519.5.2.1.1239.1759.482068880576346243426867465590,NA,07-18-2010,NA,NA,MG,Digital Mammography X-Ray Image Storage - For Presentation,1.2.840.10008.5.1.4.1.1.1.2,2,8.79 MB,./CMMD/D1-0780/1.3.6.1.4.1.14519.5.2.1.1239.1759.482068880576346243426867465590/1.3.6.1.4.1.14519.5.2.1.1239.1759.219179049727377185547627672263,2025-12-02T10:37:29.169771601
1.3.6.1.4.1.14519.5.2.1.1239.1759.304592252488818123616590447915,CMMD,NO,https://doi.org/10.7937/tcia.eqde4b16,D1-0782,1.3.6.1.4.1.14519.5.2.1.1239.1759.390072861812138419544457463127,NA,07-18-2010,NA,NA,MG,Digital Mammography X-Ray Image Storage - For Presentation,1.2.840.10008.5.1.4.1.1.1.2,2,8.79 MB,./CMMD/D1-0782/1.3.6.1.4.1.14519.5.2.1.1239.1759.390072861812138419544457463127/1.3.6.1.4.1.14519.5.2.1.1239.1759.304592252488818123616590447915,2025-12-02T10:37:35.325251987
1.3.6.1.4.1.14519.5.2.1.1239.1759.699928760710093627488410079034,CMMD,NO,https://doi.org/10.7937/tcia.eqde4b16,D1-0783,1.3.6.1.4.1.14519.5.2.1.1239.1759.104294391321143577205528501362,NA,07-18-2010,NA,NA,MG,Digital Mammography X-Ray Image Storage - For Presentation,1.2.840.10008.5.1.4.1.1.1.2,2,8.79 MB,./CMMD/D1-0783/1.3.6.1.4.1.14519.5.2.1.1239.1759.104294391321143577205528501362/1.3.6.1.4.1.14519.5.2.1.1239.1759.699928760710093627488410079034,2025-12-02T10:37:38.854032369
1.3.6.1.4.1.14519.5.2.1.1239.1759.414452187212589316725447757287,CMMD,NO,https://doi.org/10.7937/tcia.eqde4b16,D1-0784,1.3.6.1.4.1.14519.5.2.1.1239.1759.299842550279171099128691022625,NA,07-18-2010,NA,NA,MG,Digital Mammography X-Ray Image Storage - For Presentation,1.2.840.10008.5.1.4.1.1.1.2,2,8.79 MB,./CMMD/D1-0784/1.3.6.1.4.1.14519.5.2.1.1239.1759.299842550279171099128691022625/1.3.6.1.4.1.14519.5.2.1.1239.1759.414452187212589316725447757287,2025-12-02T10:37:40.813048141
1.3.6.1.4.1.14519.5.2.1.1239.1759.287884764654001303504514174151,CMMD,NO,https://doi.org/10.7937/tcia.eqde4b16,D1-0785,1.3.6.1.4.1.14519.5.2.1.1239.1759.302170970329278279051443850579,NA,07-18-2010,NA,NA,MG,Digital Mammography X-Ray Image Storage - For Presentation,1.2.840.10008.5.1.4.1.1.1.2,2,8.79 MB,./CMMD/D1-0785/1.3.6.1.4.1.14519.5.2.1.1239.1759.302170970329278279051443850579/1.3.6.1.4.1.14519.5.2.1.1239.1759.287884764654001303504514174151,2025-12-02T10:37:52.210365003
1.3.6.1.4.1.14519.5.2.1.1239.1759.244800932795061454290365362979,CMMD,NO,https://doi.org/10.7937/tcia.eqde4b16,D1-0787,1.3.6.1.4.1.14519.5.2.1.1239.1759.159047402423993640251986936813,NA,07-18-2010,NA,NA,MG,Digital Mammography X-Ray Image Storage - For Presentation,1.2.840.10008.5.1.4.1.1.1.2,2,8.79 MB,./CMMD/D1-0787/1.3.6.1.4.1.14519.5.2.1.1239.1759.159047402423993640251986936813/1.3.6.1.4.1.14519.5.2.1.1239.1759.244800932795061454290365362979,2025-12-02T10:37:52.871984496
1.3.6.1.4.1.14519.5.2.1.1239.1759.260958626652981022352713426276,CMMD,NO,https://doi.org/10.7937/tcia.eqde4b16,D1-0786,1.3.6.1.4.1.14519.5.2.1.1239.1759.119137781193966797244971674799,NA,07-18-2010,NA,NA,MG,Digital Mammography X-Ray Image Storage - For Presentation,1.2.840.10008.5.1.4.1.1.1.2,4,17.57 MB,./CMMD/D1-0786/1.3.6.1.4.1.14519.5.2.1.1239.1759.119137781193966797244971674799/1.3.6.1.4.1.14519.5.2.1.1239.1759.260958626652981022352713426276,2025-12-02T10:37:54.292256678
1.3.6.1.4.1.14519.5.2.1.1239.1759.303759246260038088273595403077,CMMD,NO,https://doi.org/10.7937/tcia.eqde4b16,D1-0789,1.3.6.1.4.1.14519.5.2.1.1239.1759.276461663803610380099187246234,NA,07-18-2010,NA,NA,MG,Digital Mammography X-Ray Image Storage - For Presentation,1.2.840.10008.5.1.4.1.1.1.2,2,8.79 MB,./CMMD/D1-0789/1.3.6.1.4.1.14519.5.2.1.1239.1759.276461663803610380099187246234/1.3.6.1.4.1.14519.5.2.1.1239.1759.303759246260038088273595403077,2025-12-02T10:38:05.015776117
1.3.6.1.4.1.14519.5.2.1.1239.1759.698711246029434212154423575530,CMMD,NO,https://doi.org/10.7937/tcia.eqde4b16,D1-0790,1.3.6.1.4.1.14519.5.2.1.1239.1759.219744699345961734386433157127,NA,07-18-2010,NA,NA,MG,Digital Mammography X-Ray Image Storage - For Presentation,1.2.840.10008.5.1.4.1.1.1.2,2,8.79 MB,./CMMD/D1-0790/1.3.6.1.4.1.14519.5.2.1.1239.1759.219744699345961734386433157127/1.3.6.1.4.1.14519.5.2.1.1239.1759.698711246029434212154423575530,2025-12-02T10:38:08.067756446
1.3.6.1.4.1.14519.5.2.1.1239.1759.338752428448764701477955024325,CMMD,NO,https://doi.org/10.7937/tcia.eqde4b16,D1-0788,1.3.6.1.4.1.14519.5.2.1.1239.1759.149571754146186771641756721574,NA,07-18-2010,NA,NA,MG,Digital Mammography X-Ray Image Storage - For Presentation,1.2.840.10008.5.1.4.1.1.1.2,4,17.57 MB,./CMMD/D1-0788/1.3.6.1.4.1.14519.5.2.1.1239.1759.149571754146186771641756721574/1.3.6.1.4.1.14519.5.2.1.1239.1759.338752428448764701477955024325,2025-12-02T10:38:08.948989819
1.3.6.1.4.1.14519.5.2.1.1239.1759.984533919589679212936557367220,CMMD,NO,https://doi.org/10.7937/tcia.eqde4b16,D1-0791,1.3.6.1.4.1.14519.5.2.1.1239.1759.268421433446982317374110483177,NA,07-18-2010,NA,NA,MG,Digital Mammography X-Ray Image Storage - For Presentation,1.2.840.10008.5.1.4.1.1.1.2,2,8.79 MB,./CMMD/D1-0791/1.3.6.1.4.1.14519.5.2.1.1239.1759.268421433446982317374110483177/1.3.6.1.4.1.14519.5.2.1.1239.1759.984533919589679212936557367220,2025-12-02T10:38:17.13526329
1.3.6.1.4.1.14519.5.2.1.1239.1759.310988077204419772811700219370,CMMD,NO,https://doi.org/10.7937/tcia.eqde4b16,D1-0792,1.3.6.1.4.1.14519.5.2.1.1239.1759.273456234075291002900363169302,NA,07-18-2010,NA,NA,MG,Digital Mammography X-Ray Image Storage - For Presentation,1.2.840.10008.5.1.4.1.1.1.2,2,8.79 MB,./CMMD/D1-0792/1.3.6.1.4.1.14519.5.2.1.1239.1759.273456234075291002900363169302/1.3.6.1.4.1.14519.5.2.1.1239.1759.310988077204419772811700219370,2025-12-02T10:38:17.612828731
1.3.6.1.4.1.14519.5.2.1.1239.1759.129630023802920109938221201691,CMMD,NO,https://doi.org/10.7937/tcia.eqde4b16,D1-0793,1.3.6.1.4.1.14519.5.2.1.1239.1759.125379851918458918736575816219,NA,07-18-2011,NA,NA,MG,Digital Mammography X-Ray Image Storage - For Presentation,1.2.840.10008.5.1.4.1.1.1.2,2,8.79 MB,./CMMD/D1-0793/1.3.6.1.4.1.14519.5.2.1.1239.1759.125379851918458918736575816219/1.3.6.1.4.1.14519.5.2.1.1239.1759.129630023802920109938221201691,2025-12-02T10:38:17.953840911
1.3.6.1.4.1.14519.5.2.1.1239.1759.326200130307770972044974624001,CMMD,NO,https://doi.org/10.7937/tcia.eqde4b16,D1-0795,1.3.6.1.4.1.14519.5.2.1.1239.1759.147191035030012982068725978289,NA,07-18-2010,NA,NA,MG,Digital Mammography X-Ray Image Storage - For Presentation,1.2.840.10008.5.1.4.1.1.1.2,2,8.79 MB,./CMMD/D1-0795/1.3.6.1.4.1.14519.5.2.1.1239.1759.147191035030012982068725978289/1.3.6.1.4.1.14519.5.2.1.1239.1759.326200130307770972044974624001,2025-12-02T10:38:25.879556623
1.3.6.1.4.1.14519.5.2.1.1239.1759.730836858662047003054307087827,CMMD,NO,https://doi.org/10.7937/tcia.eqde4b16,D1-0794,1.3.6.1.4.1.14519.5.2.1.1239.1759.115089749058422954514881720689,NA,07-18-2010,NA,NA,MG,Digital Mammography X-Ray Image Storage - For Presentation,1.2.840.10008.5.1.4.1.1.1.2,2,8.79 MB,./CMMD/D1-0794/1.3.6.1.4.1.14519.5.2.1.1239.1759.115089749058422954514881720689/1.3.6.1.4.1.14519.5.2.1.1239.1759.730836858662047003054307087827,2025-12-02T10:38:31.816819552
1.3.6.1.4.1.14519.5.2.1.1239.1759.466948280537618903557500814049,CMMD,NO,https://doi.org/10.7937/tcia.eqde4b16,D1-0796,1.3.6.1.4.1.14519.5.2.1.1239.1759.231446307382815110676308078711,NA,07-18-2010,NA,NA,MG,Digital Mammography X-Ray Image Storage - For Presentation,1.2.840.10008.5.1.4.1.1.1.2,2,8.79 MB,./CMMD/D1-0796/1.3.6.1.4.1.14519.5.2.1.1239.1759.231446307382815110676308078711/1.3.6.1.4.1.14519.5.2.1.1239.1759.466948280537618903557500814049,2025-12-02T10:38:33.138053145
1.3.6.1.4.1.14519.5.2.1.1239.1759.423863076992316070557168904099,CMMD,NO,https://doi.org/10.7937/tcia.eqde4b16,D1-0797,1.3.6.1.4.1.14519.5.2.1.1239.1759.267848832534772861551287818254,NA,07-18-2010,NA,NA,MG,Digital Mammography X-Ray Image Storage - For Presentation,1.2.840.10008.5.1.4.1.1.1.2,2,8.79 MB,./CMMD/D1-0797/1.3.6.1.4.1.14519.5.2.1.1239.1759.267848832534772861551287818254/1.3.6.1.4.1.14519.5.2.1.1239.1759.423863076992316070557168904099,2025-12-02T10:38:38.459260111
1.3.6.1.4.1.14519.5.2.1.1239.1759.294760127419130730309188081470,CMMD,NO,https://doi.org/10.7937/tcia.eqde4b16,D1-0798,1.3.6.1.4.1.14519.5.2.1.1239.1759.320543449616324233078664938237,NA,07-18-2010,NA,NA,MG,Digital Mammography X-Ray Image Storage - For Presentation,1.2.840.10008.5.1.4.1.1.1.2,2,8.79 MB,./CMMD/D1-0798/1.3.6.1.4.1.14519.5.2.1.1239.1759.320543449616324233078664938237/1.3.6.1.4.1.14519.5.2.1.1239.1759.294760127419130730309188081470,2025-12-02T10:38:43.029188518
1.3.6.1.4.1.14519.5.2.1.1239.1759.313556747060237554520085269466,CMMD,NO,https://doi.org/10.7937/tcia.eqde4b16,D1-0799,1.3.6.1.4.1.14519.5.2.1.1239.1759.443307195838558330654885687898,NA,07-18-2010,NA,NA,MG,Digital Mammography X-Ray Image Storage - For Presentation,1.2.840.10008.5.1.4.1.1.1.2,2,8.79 MB,./CMMD/D1-0799/1.3.6.1.4.1.14519.5.2.1.1239.1759.443307195838558330654885687898/1.3.6.1.4.1.14519.5.2.1.1239.1759.313556747060237554520085269466,2025-12-02T10:38:47.493131057
1.3.6.1.4.1.14519.5.2.1.1239.1759.126853753271772905856124731047,CMMD,NO,https://doi.org/10.7937/tcia.eqde4b16,D1-0800,1.3.6.1.4.1.14519.5.2.1.1239.1759.112004073965654587101179801466,NA,07-18-2010,NA,NA,MG,Digital Mammography X-Ray Image Storage - For Presentation,1.2.840.10008.5.1.4.1.1.1.2,2,8.79 MB,./CMMD/D1-0800/1.3.6.1.4.1.14519.5.2.1.1239.1759.112004073965654587101179801466/1.3.6.1.4.1.14519.5.2.1.1239.1759.126853753271772905856124731047,2025-12-02T10:38:52.761157362
1.3.6.1.4.1.14519.5.2.1.1239.1759.251366315161670754500862643820,CMMD,NO,https://doi.org/10.7937/tcia.eqde4b16,D1-0801,1.3.6.1.4.1.14519.5.2.1.1239.1759.336601792325041323306685948022,NA,07-18-2010,NA,NA,MG,Digital Mammography X-Ray Image Storage - For Presentation,1.2.840.10008.5.1.4.1.1.1.2,4,17.57 MB,./CMMD/D1-0801/1.3.6.1.4.1.14519.5.2.1.1239.1759.336601792325041323306685948022/1.3.6.1.4.1.14519.5.2.1.1239.1759.251366315161670754500862643820,2025-12-02T10:38:59.624380349
1.3.6.1.4.1.14519.5.2.1.1239.1759.313085914038091007515989076915,CMMD,NO,https://doi.org/10.7937/tcia.eqde4b16,D1-0803,1.3.6.1.4.1.14519.5.2.1.1239.1759.777719301595782666592390252017,NA,07-18-2010,NA,NA,MG,Digital Mammography X-Ray Image Storage - For Presentation,1.2.840.10008.5.1.4.1.1.1.2,2,8.79 MB,./CMMD/D1-0803/1.3.6.1.4.1.14519.5.2.1.1239.1759.777719301595782666592390252017/1.3.6.1.4.1.14519.5.2.1.1239.1759.313085914038091007515989076915,2025-12-02T10:39:04.901898711
1.3.6.1.4.1.14519.5.2.1.1239.1759.240928659874943026801057310165,CMMD,NO,https://doi.org/10.7937/tcia.eqde4b16,D1-0802,1.3.6.1.4.1.14519.5.2.1.1239.1759.982778945680247500464171405468,NA,07-18-2010,NA,NA,MG,Digital Mammography X-Ray Image Storage - For Presentation,1.2.840.10008.5.1.4.1.1.1.2,4,17.57 MB,./CMMD/D1-0802/1.3.6.1.4.1.14519.5.2.1.1239.1759.982778945680247500464171405468/1.3.6.1.4.1.14519.5.2.1.1239.1759.240928659874943026801057310165,2025-12-02T10:39:05.296671079
1.3.6.1.4.1.14519.5.2.1.1239.1759.318242790174540404673799820304,CMMD,NO,https://doi.org/10.7937/tcia.eqde4b16,D1-0804,1.3.6.1.4.1.14519.5.2.1.1239.1759.121411744117365201497885680532,NA,07-18-2010,NA,NA,MG,Digital Mammography X-Ray Image Storage - For Presentation,1.2.840.10008.5.1.4.1.1.1.2,2,8.79 MB,./CMMD/D1-0804/1.3.6.1.4.1.14519.5.2.1.1239.1759.121411744117365201497885680532/1.3.6.1.4.1.14519.5.2.1.1239.1759.318242790174540404673799820304,2025-12-02T10:39:12.384524909
1.3.6.1.4.1.14519.5.2.1.1239.1759.265027762369430987172808018701,CMMD,NO,https://doi.org/10.7937/tcia.eqde4b16,D1-0805,1.3.6.1.4.1.14519.5.2.1.1239.1759.330055359290031873435889110485,NA,07-18-2010,NA,NA,MG,Digital Mammography X-Ray Image Storage - For Presentation,1.2.840.10008.5.1.4.1.1.1.2,2,8.79 MB,./CMMD/D1-0805/1.3.6.1.4.1.14519.5.2.1.1239.1759.330055359290031873435889110485/1.3.6.1.4.1.14519.5.2.1.1239.1759.265027762369430987172808018701,2025-12-02T10:39:14.707375395
1.3.6.1.4.1.14519.5.2.1.1239.1759.266945006271549704934730175227,CMMD,NO,https://doi.org/10.7937/tcia.eqde4b16,D1-0806,1.3.6.1.4.1.14519.5.2.1.1239.1759.106896335958583601139277469913,NA,07-18-2010,NA,NA,MG,Digital Mammography X-Ray Image Storage - For Presentation,1.2.840.10008.5.1.4.1.1.1.2,2,8.79 MB,./CMMD/D1-0806/1.3.6.1.4.1.14519.5.2.1.1239.1759.106896335958583601139277469913/1.3.6.1.4.1.14519.5.2.1.1239.1759.266945006271549704934730175227,2025-12-02T10:39:19.547622216
1.3.6.1.4.1.14519.5.2.1.1239.1759.214700804062174238652504962447,CMMD,NO,https://doi.org/10.7937/tcia.eqde4b16,D1-0808,1.3.6.1.4.1.14519.5.2.1.1239.1759.318671803881490521348678869999,NA,07-18-2010,NA,NA,MG,Digital Mammography X-Ray Image Storage - For Presentation,1.2.840.10008.5.1.4.1.1.1.2,2,8.79 MB,./CMMD/D1-0808/1.3.6.1.4.1.14519.5.2.1.1239.1759.318671803881490521348678869999/1.3.6.1.4.1.14519.5.2.1.1239.1759.214700804062174238652504962447,2025-12-02T10:39:24.666716024
1.3.6.1.4.1.14519.5.2.1.1239.1759.230983755835938093427840271081,CMMD,NO,https://doi.org/10.7937/tcia.eqde4b16,D1-0807,1.3.6.1.4.1.14519.5.2.1.1239.1759.207544827776624400312881708305,NA,07-18-2010,NA,NA,MG,Digital Mammography X-Ray Image Storage - For Presentation,1.2.840.10008.5.1.4.1.1.1.2,2,8.79 MB,./CMMD/D1-0807/1.3.6.1.4.1.14519.5.2.1.1239.1759.207544827776624400312881708305/1.3.6.1.4.1.14519.5.2.1.1239.1759.230983755835938093427840271081,2025-12-02T10:39:25.9470693
1.3.6.1.4.1.14519.5.2.1.1239.1759.135588150387436345776361765268,CMMD,NO,https://doi.org/10.7937/tcia.eqde4b16,D1-0809,1.3.6.1.4.1.14519.5.2.1.1239.1759.135238996696833774430547415809,NA,07-18-2010,NA,NA,MG,Digital Mammography X-Ray Image Storage - For Presentation,1.2.840.10008.5.1.4.1.1.1.2,2,8.79 MB,./CMMD/D1-0809/1.3.6.1.4.1.14519.5.2.1.1239.1759.135238996696833774430547415809/1.3.6.1.4.1.14519.5.2.1.1239.1759.135588150387436345776361765268,2025-12-02T10:39:29.764105178
1.3.6.1.4.1.14519.5.2.1.1239.1759.825176315872304536938975401988,CMMD,NO,https://doi.org/10.7937/tcia.eqde4b16,D1-0811,1.3.6.1.4.1.14519.5.2.1.1239.1759.264727950146204850872058190928,NA,07-18-2010,NA,NA,MG,Digital Mammography X-Ray Image Storage - For Presentation,1.2.840.10008.5.1.4.1.1.1.2,2,8.79 MB,./CMMD/D1-0811/1.3.6.1.4.1.14519.5.2.1.1239.1759.264727950146204850872058190928/1.3.6.1.4.1.14519.5.2.1.1239.1759.825176315872304536938975401988,2025-12-02T10:39:35.214281906
1.3.6.1.4.1.14519.5.2.1.1239.1759.151014242309991990510700838076,CMMD,NO,https://doi.org/10.7937/tcia.eqde4b16,D1-0810,1.3.6.1.4.1.14519.5.2.1.1239.1759.296561473936735445937137279834,NA,07-18-2010,NA,NA,MG,Digital Mammography X-Ray Image Storage - For Presentation,1.2.840.10008.5.1.4.1.1.1.2,2,8.79 MB,./CMMD/D1-0810/1.3.6.1.4.1.14519.5.2.1.1239.1759.296561473936735445937137279834/1.3.6.1.4.1.14519.5.2.1.1239.1759.151014242309991990510700838076,2025-12-02T10:39:38.686684829
1.3.6.1.4.1.14519.5.2.1.1239.1759.148462823079375815209407056138,CMMD,NO,https://doi.org/10.7937/tcia.eqde4b16,D1-0812,1.3.6.1.4.1.14519.5.2.1.1239.1759.171529577543900158771328207939,NA,07-18-2010,NA,NA,MG,Digital Mammography X-Ray Image Storage - For Presentation,1.2.840.10008.5.1.4.1.1.1.2,2,8.79 MB,./CMMD/D1-0812/1.3.6.1.4.1.14519.5.2.1.1239.1759.171529577543900158771328207939/1.3.6.1.4.1.14519.5.2.1.1239.1759.148462823079375815209407056138,2025-12-02T10:39:44.016529904
1.3.6.1.4.1.14519.5.2.1.1239.1759.189456750677154678228755638013,CMMD,NO,https://doi.org/10.7937/tcia.eqde4b16,D1-0813,1.3.6.1.4.1.14519.5.2.1.1239.1759.966642610716709557319931695694,NA,07-18-2010,NA,NA,MG,Digital Mammography X-Ray Image Storage - For Presentation,1.2.840.10008.5.1.4.1.1.1.2,2,8.79 MB,./CMMD/D1-0813/1.3.6.1.4.1.14519.5.2.1.1239.1759.966642610716709557319931695694/1.3.6.1.4.1.14519.5.2.1.1239.1759.189456750677154678228755638013,2025-12-02T10:39:48.240873968
1.3.6.1.4.1.14519.5.2.1.1239.1759.247945778878272661693477792380,CMMD,NO,https://doi.org/10.7937/tcia.eqde4b16,D1-0814,1.3.6.1.4.1.14519.5.2.1.1239.1759.666875615107685780796578527304,NA,07-18-2010,NA,NA,MG,Digital Mammography X-Ray Image Storage - For Presentation,1.2.840.10008.5.1.4.1.1.1.2,2,8.79 MB,./CMMD/D1-0814/1.3.6.1.4.1.14519.5.2.1.1239.1759.666875615107685780796578527304/1.3.6.1.4.1.14519.5.2.1.1239.1759.247945778878272661693477792380,2025-12-02T10:39:51.008568306
1.3.6.1.4.1.14519.5.2.1.1239.1759.212408316605702904994189214193,CMMD,NO,https://doi.org/10.7937/tcia.eqde4b16,D1-0817,1.3.6.1.4.1.14519.5.2.1.1239.1759.339326570244857375152877167599,NA,07-18-2010,NA,NA,MG,Digital Mammography X-Ray Image Storage - For Presentation,1.2.840.10008.5.1.4.1.1.1.2,2,8.79 MB,./CMMD/D1-0817/1.3.6.1.4.1.14519.5.2.1.1239.1759.339326570244857375152877167599/1.3.6.1.4.1.14519.5.2.1.1239.1759.212408316605702904994189214193,2025-12-02T10:40:05.092610066
1.3.6.1.4.1.14519.5.2.1.1239.1759.475069816375085470877912276622,CMMD,NO,https://doi.org/10.7937/tcia.eqde4b16,D1-0816,1.3.6.1.4.1.14519.5.2.1.1239.1759.302819413048634232217722537809,NA,07-18-2010,NA,NA,MG,Digital Mammography X-Ray Image Storage - For Presentation,1.2.840.10008.5.1.4.1.1.1.2,4,17.57 MB,./CMMD/D1-0816/1.3.6.1.4.1.14519.5.2.1.1239.1759.302819413048634232217722537809/1.3.6.1.4.1.14519.5.2.1.1239.1759.475069816375085470877912276622,2025-12-02T10:40:05.533582174
1.3.6.1.4.1.14519.5.2.1.1239.1759.245273717848487001228131657710,CMMD,NO,https://doi.org/10.7937/tcia.eqde4b16,D1-0815,1.3.6.1.4.1.14519.5.2.1.1239.1759.112663890379541159502187114387,NA,07-18-2010,NA,NA,MG,Digital Mammography X-Ray Image Storage - For Presentation,1.2.840.10008.5.1.4.1.1.1.2,2,8.79 MB,./CMMD/D1-0815/1.3.6.1.4.1.14519.5.2.1.1239.1759.112663890379541159502187114387/1.3.6.1.4.1.14519.5.2.1.1239.1759.245273717848487001228131657710,2025-12-02T10:40:08.167436718
1.3.6.1.4.1.14519.5.2.1.1239.1759.133221876754711692325111013264,CMMD,NO,https://doi.org/10.7937/tcia.eqde4b16,D1-0818,1.3.6.1.4.1.14519.5.2.1.1239.1759.252902540511616783625212971241,NA,07-18-2010,NA,NA,MG,Digital Mammography X-Ray Image Storage - For Presentation,1.2.840.10008.5.1.4.1.1.1.2,2,8.79 MB,./CMMD/D1-0818/1.3.6.1.4.1.14519.5.2.1.1239.1759.252902540511616783625212971241/1.3.6.1.4.1.14519.5.2.1.1239.1759.133221876754711692325111013264,2025-12-02T10:40:13.521378606
1.3.6.1.4.1.14519.5.2.1.1239.1759.186076401312879828159487999551,CMMD,NO,https://doi.org/10.7937/tcia.eqde4b16,D1-0820,1.3.6.1.4.1.14519.5.2.1.1239.1759.797074716134909489475692307713,NA,07-18-2010,NA,NA,MG,Digital Mammography X-Ray Image Storage - For Presentation,1.2.840.10008.5.1.4.1.1.1.2,4,17.57 MB,./CMMD/D1-0820/1.3.6.1.4.1.14519.5.2.1.1239.1759.797074716134909489475692307713/1.3.6.1.4.1.14519.5.2.1.1239.1759.186076401312879828159487999551,2025-12-02T10:40:23.358441953
1.3.6.1.4.1.14519.5.2.1.1239.1759.913430531025355812150736298843,CMMD,NO,https://doi.org/10.7937/tcia.eqde4b16,D1-0819,1.3.6.1.4.1.14519.5.2.1.1239.1759.295166446741609545924661556149,NA,07-18-2010,NA,NA,MG,Digital Mammography X-Ray Image Storage - For Presentation,1.2.840.10008.5.1.4.1.1.1.2,2,8.79 MB,./CMMD/D1-0819/1.3.6.1.4.1.14519.5.2.1.1239.1759.295166446741609545924661556149/1.3.6.1.4.1.14519.5.2.1.1239.1759.913430531025355812150736298843,2025-12-02T10:40:25.76634784
1.3.6.1.4.1.14519.5.2.1.1239.1759.316141435568570217536678369229,CMMD,NO,https://doi.org/10.7937/tcia.eqde4b16,D1-0821,1.3.6.1.4.1.14519.5.2.1.1239.1759.202123010003190595659983739339,NA,07-18-2010,NA,NA,MG,Digital Mammography X-Ray Image Storage - For Presentation,1.2.840.10008.5.1.4.1.1.1.2,2,8.79 MB,./CMMD/D1-0821/1.3.6.1.4.1.14519.5.2.1.1239.1759.202123010003190595659983739339/1.3.6.1.4.1.14519.5.2.1.1239.1759.316141435568570217536678369229,2025-12-02T10:40:27.76522434
1.3.6.1.4.1.14519.5.2.1.1239.1759.808843766373781374134294420411,CMMD,NO,https://doi.org/10.7937/tcia.eqde4b16,D1-0822,1.3.6.1.4.1.14519.5.2.1.1239.1759.302138791026633787114309510104,NA,07-18-2010,NA,NA,MG,Digital Mammography X-Ray Image Storage - For Presentation,1.2.840.10008.5.1.4.1.1.1.2,2,8.79 MB,./CMMD/D1-0822/1.3.6.1.4.1.14519.5.2.1.1239.1759.302138791026633787114309510104/1.3.6.1.4.1.14519.5.2.1.1239.1759.808843766373781374134294420411,2025-12-02T10:40:37.060236535
1.3.6.1.4.1.14519.5.2.1.1239.1759.168606977052773547151734909860,CMMD,NO,https://doi.org/10.7937/tcia.eqde4b16,D1-0823,1.3.6.1.4.1.14519.5.2.1.1239.1759.127014732445638361424796772706,NA,07-18-2010,NA,NA,MG,Digital Mammography X-Ray Image Storage - For Presentation,1.2.840.10008.5.1.4.1.1.1.2,2,8.79 MB,./CMMD/D1-0823/1.3.6.1.4.1.14519.5.2.1.1239.1759.127014732445638361424796772706/1.3.6.1.4.1.14519.5.2.1.1239.1759.168606977052773547151734909860,2025-12-02T10:40:38.096666722
1.3.6.1.4.1.14519.5.2.1.1239.1759.119732169655057365949062836113,CMMD,NO,https://doi.org/10.7937/tcia.eqde4b16,D1-0824,1.3.6.1.4.1.14519.5.2.1.1239.1759.309736884356398267169899960084,NA,07-18-2010,NA,NA,MG,Digital Mammography X-Ray Image Storage - For Presentation,1.2.840.10008.5.1.4.1.1.1.2,2,8.79 MB,./CMMD/D1-0824/1.3.6.1.4.1.14519.5.2.1.1239.1759.309736884356398267169899960084/1.3.6.1.4.1.14519.5.2.1.1239.1759.119732169655057365949062836113,2025-12-02T10:40:44.543998531
1.3.6.1.4.1.14519.5.2.1.1239.1759.124137115690317466225637414192,CMMD,NO,https://doi.org/10.7937/tcia.eqde4b16,D1-0825,1.3.6.1.4.1.14519.5.2.1.1239.1759.250348623650325486143956971983,NA,07-18-2010,NA,NA,MG,Digital Mammography X-Ray Image Storage - For Presentation,1.2.840.10008.5.1.4.1.1.1.2,2,8.79 MB,./CMMD/D1-0825/1.3.6.1.4.1.14519.5.2.1.1239.1759.250348623650325486143956971983/1.3.6.1.4.1.14519.5.2.1.1239.1759.124137115690317466225637414192,2025-12-02T10:40:51.50783989
1.3.6.1.4.1.14519.5.2.1.1239.1759.100401149214955461325755913609,CMMD,NO,https://doi.org/10.7937/tcia.eqde4b16,D1-0826,1.3.6.1.4.1.14519.5.2.1.1239.1759.545022366782569693557705409071,NA,07-18-2010,NA,NA,MG,Digital Mammography X-Ray Image Storage - For Presentation,1.2.840.10008.5.1.4.1.1.1.2,2,8.79 MB,./CMMD/D1-0826/1.3.6.1.4.1.14519.5.2.1.1239.1759.545022366782569693557705409071/1.3.6.1.4.1.14519.5.2.1.1239.1759.100401149214955461325755913609,2025-12-02T10:40:51.572529609
1.3.6.1.4.1.14519.5.2.1.1239.1759.344853849653819206815712990355,CMMD,NO,https://doi.org/10.7937/tcia.eqde4b16,D1-0827,1.3.6.1.4.1.14519.5.2.1.1239.1759.155015868737203432287772288247,NA,07-18-2010,NA,NA,MG,Digital Mammography X-Ray Image Storage - For Presentation,1.2.840.10008.5.1.4.1.1.1.2,2,8.79 MB,./CMMD/D1-0827/1.3.6.1.4.1.14519.5.2.1.1239.1759.155015868737203432287772288247/1.3.6.1.4.1.14519.5.2.1.1239.1759.344853849653819206815712990355,2025-12-02T10:41:01.464232693
1.3.6.1.4.1.14519.5.2.1.1239.1759.705235775420137775044308356865,CMMD,NO,https://doi.org/10.7937/tcia.eqde4b16,D1-0829,1.3.6.1.4.1.14519.5.2.1.1239.1759.273786446914977780474037858604,NA,07-18-2010,NA,NA,MG,Digital Mammography X-Ray Image Storage - For Presentation,1.2.840.10008.5.1.4.1.1.1.2,2,8.79 MB,./CMMD/D1-0829/1.3.6.1.4.1.14519.5.2.1.1239.1759.273786446914977780474037858604/1.3.6.1.4.1.14519.5.2.1.1239.1759.705235775420137775044308356865,2025-12-02T10:41:01.848496971
1.3.6.1.4.1.14519.5.2.1.1239.1759.258092642109155942752858421230,CMMD,NO,https://doi.org/10.7937/tcia.eqde4b16,D1-0828,1.3.6.1.4.1.14519.5.2.1.1239.1759.337430095290066057317277072707,NA,07-18-2010,NA,NA,MG,Digital Mammography X-Ray Image Storage - For Presentation,1.2.840.10008.5.1.4.1.1.1.2,4,17.57 MB,./CMMD/D1-0828/1.3.6.1.4.1.14519.5.2.1.1239.1759.337430095290066057317277072707/1.3.6.1.4.1.14519.5.2.1.1239.1759.258092642109155942752858421230,2025-12-02T10:41:08.020804885
1.3.6.1.4.1.14519.5.2.1.1239.1759.320712920134111276631849532290,CMMD,NO,https://doi.org/10.7937/tcia.eqde4b16,D1-0830,1.3.6.1.4.1.14519.5.2.1.1239.1759.160257839898505467425361700214,NA,07-18-2010,NA,NA,MG,Digital Mammography X-Ray Image Storage - For Presentation,1.2.840.10008.5.1.4.1.1.1.2,4,17.57 MB,./CMMD/D1-0830/1.3.6.1.4.1.14519.5.2.1.1239.1759.160257839898505467425361700214/1.3.6.1.4.1.14519.5.2.1.1239.1759.320712920134111276631849532290,2025-12-02T10:41:13.76356869
1.3.6.1.4.1.14519.5.2.1.1239.1759.247927360124066564980511729149,CMMD,NO,https://doi.org/10.7937/tcia.eqde4b16,D1-0831,1.3.6.1.4.1.14519.5.2.1.1239.1759.280688362203974162153231439311,NA,07-18-2010,NA,NA,MG,Digital Mammography X-Ray Image Storage - For Presentation,1.2.840.10008.5.1.4.1.1.1.2,2,8.79 MB,./CMMD/D1-0831/1.3.6.1.4.1.14519.5.2.1.1239.1759.280688362203974162153231439311/1.3.6.1.4.1.14519.5.2.1.1239.1759.247927360124066564980511729149,2025-12-02T10:41:19.929578163
1.3.6.1.4.1.14519.5.2.1.1239.1759.316906535861456615414889440959,CMMD,NO,https://doi.org/10.7937/tcia.eqde4b16,D1-0832,1.3.6.1.4.1.14519.5.2.1.1239.1759.254621093598416851491482574004,NA,07-18-2010,NA,NA,MG,Digital Mammography X-Ray Image Storage - For Presentation,1.2.840.10008.5.1.4.1.1.1.2,2,8.79 MB,./CMMD/D1-0832/1.3.6.1.4.1.14519.5.2.1.1239.1759.254621093598416851491482574004/1.3.6.1.4.1.14519.5.2.1.1239.1759.316906535861456615414889440959,2025-12-02T10:41:19.940745547
1.3.6.1.4.1.14519.5.2.1.1239.1759.373224410028362821119717085610,CMMD,NO,https://doi.org/10.7937/tcia.eqde4b16,D1-0833,1.3.6.1.4.1.14519.5.2.1.1239.1759.252576794083583472412197745763,NA,07-18-2010,NA,NA,MG,Digital Mammography X-Ray Image Storage - For Presentation,1.2.840.10008.5.1.4.1.1.1.2,2,8.79 MB,./CMMD/D1-0833/1.3.6.1.4.1.14519.5.2.1.1239.1759.252576794083583472412197745763/1.3.6.1.4.1.14519.5.2.1.1239.1759.373224410028362821119717085610,2025-12-02T10:41:26.053828344
1.3.6.1.4.1.14519.5.2.1.1239.1759.213150337445608830479448826518,CMMD,NO,https://doi.org/10.7937/tcia.eqde4b16,D1-0834,1.3.6.1.4.1.14519.5.2.1.1239.1759.262488281117286232430594234940,NA,07-18-2010,NA,NA,MG,Digital Mammography X-Ray Image Storage - For Presentation,1.2.840.10008.5.1.4.1.1.1.2,2,8.79 MB,./CMMD/D1-0834/1.3.6.1.4.1.14519.5.2.1.1239.1759.262488281117286232430594234940/1.3.6.1.4.1.14519.5.2.1.1239.1759.213150337445608830479448826518,2025-12-02T10:41:32.230795549
1.3.6.1.4.1.14519.5.2.1.1239.1759.290963790075467557706203194729,CMMD,NO,https://doi.org/10.7937/tcia.eqde4b16,D1-0835,1.3.6.1.4.1.14519.5.2.1.1239.1759.303756382642592474349112739763,NA,07-18-2011,NA,NA,MG,Digital Mammography X-Ray Image Storage - For Presentation,1.2.840.10008.5.1.4.1.1.1.2,2,8.79 MB,./CMMD/D1-0835/1.3.6.1.4.1.14519.5.2.1.1239.1759.303756382642592474349112739763/1.3.6.1.4.1.14519.5.2.1.1239.1759.290963790075467557706203194729,2025-12-02T10:41:32.640078451
1.3.6.1.4.1.14519.5.2.1.1239.1759.304740463314213556711554252060,CMMD,NO,https://doi.org/10.7937/tcia.eqde4b16,D1-0836,1.3.6.1.4.1.14519.5.2.1.1239.1759.413683797730272960304089436825,NA,07-18-2010,NA,NA,MG,Digital Mammography X-Ray Image Storage - For Presentation,1.2.840.10008.5.1.4.1.1.1.2,2,8.79 MB,./CMMD/D1-0836/1.3.6.1.4.1.14519.5.2.1.1239.1759.413683797730272960304089436825/1.3.6.1.4.1.14519.5.2.1.1239.1759.304740463314213556711554252060,2025-12-02T10:41:37.705268424
1.3.6.1.4.1.14519.5.2.1.1239.1759.104567145770680998039561730887,CMMD,NO,https://doi.org/10.7937/tcia.eqde4b16,D1-0837,1.3.6.1.4.1.14519.5.2.1.1239.1759.934723029479609157848672073631,NA,07-18-2010,NA,NA,MG,Digital Mammography X-Ray Image Storage - For Presentation,1.2.840.10008.5.1.4.1.1.1.2,2,8.79 MB,./CMMD/D1-0837/1.3.6.1.4.1.14519.5.2.1.1239.1759.934723029479609157848672073631/1.3.6.1.4.1.14519.5.2.1.1239.1759.104567145770680998039561730887,2025-12-02T10:41:42.378619578
1.3.6.1.4.1.14519.5.2.1.1239.1759.329675625114514698007036795944,CMMD,NO,https://doi.org/10.7937/tcia.eqde4b16,D1-0838,1.3.6.1.4.1.14519.5.2.1.1239.1759.320574918611894182517167934689,NA,07-18-2010,NA,NA,MG,Digital Mammography X-Ray Image Storage - For Presentation,1.2.840.10008.5.1.4.1.1.1.2,2,8.79 MB,./CMMD/D1-0838/1.3.6.1.4.1.14519.5.2.1.1239.1759.320574918611894182517167934689/1.3.6.1.4.1.14519.5.2.1.1239.1759.329675625114514698007036795944,2025-12-02T10:41:44.792999283
1.3.6.1.4.1.14519.5.2.1.1239.1759.260481977823958943655425221691,CMMD,NO,https://doi.org/10.7937/tcia.eqde4b16,D1-0840,1.3.6.1.4.1.14519.5.2.1.1239.1759.242339089025999574973946459742,NA,07-18-2010,NA,NA,MG,Digital Mammography X-Ray Image Storage - For Presentation,1.2.840.10008.5.1.4.1.1.1.2,2,8.79 MB,./CMMD/D1-0840/1.3.6.1.4.1.14519.5.2.1.1239.1759.242339089025999574973946459742/1.3.6.1.4.1.14519.5.2.1.1239.1759.260481977823958943655425221691,2025-12-02T10:41:49.806118993
1.3.6.1.4.1.14519.5.2.1.1239.1759.239896716327882782031612098399,CMMD,NO,https://doi.org/10.7937/tcia.eqde4b16,D1-0839,1.3.6.1.4.1.14519.5.2.1.1239.1759.245202889496525305599470577023,NA,07-18-2010,NA,NA,MG,Digital Mammography X-Ray Image Storage - For Presentation,1.2.840.10008.5.1.4.1.1.1.2,2,8.79 MB,./CMMD/D1-0839/1.3.6.1.4.1.14519.5.2.1.1239.1759.245202889496525305599470577023/1.3.6.1.4.1.14519.5.2.1.1239.1759.239896716327882782031612098399,2025-12-02T10:41:50.954059722
1.3.6.1.4.1.14519.5.2.1.1239.1759.206565568773089541939160235272,CMMD,NO,https://doi.org/10.7937/tcia.eqde4b16,D1-0841,1.3.6.1.4.1.14519.5.2.1.1239.1759.266198871049959828379823253908,NA,07-18-2010,NA,NA,MG,Digital Mammography X-Ray Image Storage - For Presentation,1.2.840.10008.5.1.4.1.1.1.2,2,8.79 MB,./CMMD/D1-0841/1.3.6.1.4.1.14519.5.2.1.1239.1759.266198871049959828379823253908/1.3.6.1.4.1.14519.5.2.1.1239.1759.206565568773089541939160235272,2025-12-02T10:41:58.836531811
1.3.6.1.4.1.14519.5.2.1.1239.1759.234795476768311183683424494067,CMMD,NO,https://doi.org/10.7937/tcia.eqde4b16,D1-0842,1.3.6.1.4.1.14519.5.2.1.1239.1759.236554544377468158827395232904,NA,07-18-2010,NA,NA,MG,Digital Mammography X-Ray Image Storage - For Presentation,1.2.840.10008.5.1.4.1.1.1.2,2,8.79 MB,./CMMD/D1-0842/1.3.6.1.4.1.14519.5.2.1.1239.1759.236554544377468158827395232904/1.3.6.1.4.1.14519.5.2.1.1239.1759.234795476768311183683424494067,2025-12-02T10:42:03.528281008
1.3.6.1.4.1.14519.5.2.1.1239.1759.227902468325867354146092211161,CMMD,NO,https://doi.org/10.7937/tcia.eqde4b16,D1-0843,1.3.6.1.4.1.14519.5.2.1.1239.1759.168451893797508150333546617531,NA,07-18-2010,NA,NA,MG,Digital Mammography X-Ray Image Storage - For Presentation,1.2.840.10008.5.1.4.1.1.1.2,2,8.79 MB,./CMMD/D1-0843/1.3.6.1.4.1.14519.5.2.1.1239.1759.168451893797508150333546617531/1.3.6.1.4.1.14519.5.2.1.1239.1759.227902468325867354146092211161,2025-12-02T10:42:04.766896873
1.3.6.1.4.1.14519.5.2.1.1239.1759.316216241796075093512660174248,CMMD,NO,https://doi.org/10.7937/tcia.eqde4b16,D1-0844,1.3.6.1.4.1.14519.5.2.1.1239.1759.287366340481275459558603154266,NA,07-18-2010,NA,NA,MG,Digital Mammography X-Ray Image Storage - For Presentation,1.2.840.10008.5.1.4.1.1.1.2,2,8.79 MB,./CMMD/D1-0844/1.3.6.1.4.1.14519.5.2.1.1239.1759.287366340481275459558603154266/1.3.6.1.4.1.14519.5.2.1.1239.1759.316216241796075093512660174248,2025-12-02T10:42:08.110719231
1.3.6.1.4.1.14519.5.2.1.1239.1759.251832101840545373316388598781,CMMD,NO,https://doi.org/10.7937/tcia.eqde4b16,D1-0847,1.3.6.1.4.1.14519.5.2.1.1239.1759.294374266755365638179102782939,NA,07-18-2010,NA,NA,MG,Digital Mammography X-Ray Image Storage - For Presentation,1.2.840.10008.5.1.4.1.1.1.2,2,8.79 MB,./CMMD/D1-0847/1.3.6.1.4.1.14519.5.2.1.1239.1759.294374266755365638179102782939/1.3.6.1.4.1.14519.5.2.1.1239.1759.251832101840545373316388598781,2025-12-02T10:42:16.654755332
1.3.6.1.4.1.14519.5.2.1.1239.1759.188592869450864133292999299767,CMMD,NO,https://doi.org/10.7937/tcia.eqde4b16,D1-0845,1.3.6.1.4.1.14519.5.2.1.1239.1759.146391616056704559268406514992,NA,07-18-2010,NA,NA,MG,Digital Mammography X-Ray Image Storage - For Presentation,1.2.840.10008.5.1.4.1.1.1.2,4,17.57 MB,./CMMD/D1-0845/1.3.6.1.4.1.14519.5.2.1.1239.1759.146391616056704559268406514992/1.3.6.1.4.1.14519.5.2.1.1239.1759.188592869450864133292999299767,2025-12-02T10:42:19.1257636
1.3.6.1.4.1.14519.5.2.1.1239.1759.304313401593173078131284010857,CMMD,NO,https://doi.org/10.7937/tcia.eqde4b16,D1-0846,1.3.6.1.4.1.14519.5.2.1.1239.1759.238286179016943967548241694076,NA,07-18-2010,NA,NA,MG,Digital Mammography X-Ray Image Storage - For Presentation,1.2.840.10008.5.1.4.1.1.1.2,2,8.79 MB,./CMMD/D1-0846/1.3.6.1.4.1.14519.5.2.1.1239.1759.238286179016943967548241694076/1.3.6.1.4.1.14519.5.2.1.1239.1759.304313401593173078131284010857,2025-12-02T10:42:19.73475024
1.3.6.1.4.1.14519.5.2.1.1239.1759.172403578357177460188032971351,CMMD,NO,https://doi.org/10.7937/tcia.eqde4b16,D1-0850,1.3.6.1.4.1.14519.5.2.1.1239.1759.301734582226852590459942691506,NA,07-18-2010,NA,NA,MG,Digital Mammography X-Ray Image Storage - For Presentation,1.2.840.10008.5.1.4.1.1.1.2,2,8.79 MB,./CMMD/D1-0850/1.3.6.1.4.1.14519.5.2.1.1239.1759.301734582226852590459942691506/1.3.6.1.4.1.14519.5.2.1.1239.1759.172403578357177460188032971351,2025-12-02T10:42:27.699245854
1.3.6.1.4.1.14519.5.2.1.1239.1759.950719881733726855815091259071,CMMD,NO,https://doi.org/10.7937/tcia.eqde4b16,D1-0849,1.3.6.1.4.1.14519.5.2.1.1239.1759.991532040400444525187244975871,NA,07-18-2010,NA,NA,MG,Digital Mammography X-Ray Image Storage - For Presentation,1.2.840.10008.5.1.4.1.1.1.2,2,8.79 MB,./CMMD/D1-0849/1.3.6.1.4.1.14519.5.2.1.1239.1759.991532040400444525187244975871/1.3.6.1.4.1.14519.5.2.1.1239.1759.950719881733726855815091259071,2025-12-02T10:42:28.574859763
1.3.6.1.4.1.14519.5.2.1.1239.1759.729244610950147918597398241689,CMMD,NO,https://doi.org/10.7937/tcia.eqde4b16,D1-0848,1.3.6.1.4.1.14519.5.2.1.1239.1759.112420949220479013517999238280,NA,07-18-2010,NA,NA,MG,Digital Mammography X-Ray Image Storage - For Presentation,1.2.840.10008.5.1.4.1.1.1.2,2,8.79 MB,./CMMD/D1-0848/1.3.6.1.4.1.14519.5.2.1.1239.1759.112420949220479013517999238280/1.3.6.1.4.1.14519.5.2.1.1239.1759.729244610950147918597398241689,2025-12-02T10:42:29.001355858
1.3.6.1.4.1.14519.5.2.1.1239.1759.166270732319121595766089510725,CMMD,NO,https://doi.org/10.7937/tcia.eqde4b16,D1-0852,1.3.6.1.4.1.14519.5.2.1.1239.1759.249053449625058258110816988892,NA,07-18-2010,NA,NA,MG,Digital Mammography X-Ray Image Storage - For Presentation,1.2.840.10008.5.1.4.1.1.1.2,2,8.79 MB,./CMMD/D1-0852/1.3.6.1.4.1.14519.5.2.1.1239.1759.249053449625058258110816988892/1.3.6.1.4.1.14519.5.2.1.1239.1759.166270732319121595766089510725,2025-12-02T10:42:39.145943463
1.3.6.1.4.1.14519.5.2.1.1239.1759.166173824857655132104902534887,CMMD,NO,https://doi.org/10.7937/tcia.eqde4b16,D1-0851,1.3.6.1.4.1.14519.5.2.1.1239.1759.258298089656760981915234582268,NA,07-18-2010,NA,NA,MG,Digital Mammography X-Ray Image Storage - For Presentation,1.2.840.10008.5.1.4.1.1.1.2,2,8.79 MB,./CMMD/D1-0851/1.3.6.1.4.1.14519.5.2.1.1239.1759.258298089656760981915234582268/1.3.6.1.4.1.14519.5.2.1.1239.1759.166173824857655132104902534887,2025-12-02T10:42:40.194514943
1.3.6.1.4.1.14519.5.2.1.1239.1759.182008910396875102949399767136,CMMD,NO,https://doi.org/10.7937/tcia.eqde4b16,D1-0853,1.3.6.1.4.1.14519.5.2.1.1239.1759.217660855858650943604411628516,NA,07-18-2010,NA,NA,MG,Digital Mammography X-Ray Image Storage - For Presentation,1.2.840.10008.5.1.4.1.1.1.2,4,17.57 MB,./CMMD/D1-0853/1.3.6.1.4.1.14519.5.2.1.1239.1759.217660855858650943604411628516/1.3.6.1.4.1.14519.5.2.1.1239.1759.182008910396875102949399767136,2025-12-02T10:42:42.423782818
1.3.6.1.4.1.14519.5.2.1.1239.1759.212360185172251132023719048669,CMMD,NO,https://doi.org/10.7937/tcia.eqde4b16,D1-0854,1.3.6.1.4.1.14519.5.2.1.1239.1759.324732404487505814239002505372,NA,07-18-2010,NA,NA,MG,Digital Mammography X-Ray Image Storage - For Presentation,1.2.840.10008.5.1.4.1.1.1.2,2,8.79 MB,./CMMD/D1-0854/1.3.6.1.4.1.14519.5.2.1.1239.1759.324732404487505814239002505372/1.3.6.1.4.1.14519.5.2.1.1239.1759.212360185172251132023719048669,2025-12-02T10:42:49.646456011
1.3.6.1.4.1.14519.5.2.1.1239.1759.844322777930634720973332979438,CMMD,NO,https://doi.org/10.7937/tcia.eqde4b16,D1-0855,1.3.6.1.4.1.14519.5.2.1.1239.1759.155258290492897647026032722776,NA,07-18-2010,NA,NA,MG,Digital Mammography X-Ray Image Storage - For Presentation,1.2.840.10008.5.1.4.1.1.1.2,2,8.79 MB,./CMMD/D1-0855/1.3.6.1.4.1.14519.5.2.1.1239.1759.155258290492897647026032722776/1.3.6.1.4.1.14519.5.2.1.1239.1759.844322777930634720973332979438,2025-12-02T10:42:53.453695849
1.3.6.1.4.1.14519.5.2.1.1239.1759.961367463373561771456991919527,CMMD,NO,https://doi.org/10.7937/tcia.eqde4b16,D1-0856,1.3.6.1.4.1.14519.5.2.1.1239.1759.329201377868824795869844356839,NA,07-18-2010,NA,NA,MG,Digital Mammography X-Ray Image Storage - For Presentation,1.2.840.10008.5.1.4.1.1.1.2,2,8.79 MB,./CMMD/D1-0856/1.3.6.1.4.1.14519.5.2.1.1239.1759.329201377868824795869844356839/1.3.6.1.4.1.14519.5.2.1.1239.1759.961367463373561771456991919527,2025-12-02T10:42:56.296816072
1.3.6.1.4.1.14519.5.2.1.1239.1759.122461180099574015758134138740,CMMD,NO,https://doi.org/10.7937/tcia.eqde4b16,D1-0857,1.3.6.1.4.1.14519.5.2.1.1239.1759.753970568635268702265669359653,NA,07-18-2010,NA,NA,MG,Digital Mammography X-Ray Image Storage - For Presentation,1.2.840.10008.5.1.4.1.1.1.2,2,8.79 MB,./CMMD/D1-0857/1.3.6.1.4.1.14519.5.2.1.1239.1759.753970568635268702265669359653/1.3.6.1.4.1.14519.5.2.1.1239.1759.122461180099574015758134138740,2025-12-02T10:43:05.745895842
1.3.6.1.4.1.14519.5.2.1.1239.1759.194096861387825856680592240214,CMMD,NO,https://doi.org/10.7937/tcia.eqde4b16,D1-0858,1.3.6.1.4.1.14519.5.2.1.1239.1759.965779991028927108437161498377,NA,07-18-2010,NA,NA,MG,Digital Mammography X-Ray Image Storage - For Presentation,1.2.840.10008.5.1.4.1.1.1.2,2,8.79 MB,./CMMD/D1-0858/1.3.6.1.4.1.14519.5.2.1.1239.1759.965779991028927108437161498377/1.3.6.1.4.1.14519.5.2.1.1239.1759.194096861387825856680592240214,2025-12-02T10:43:05.935639858
1.3.6.1.4.1.14519.5.2.1.1239.1759.565099617239695916773305294616,CMMD,NO,https://doi.org/10.7937/tcia.eqde4b16,D1-0859,1.3.6.1.4.1.14519.5.2.1.1239.1759.183995460504753186280989860440,NA,07-18-2010,NA,NA,MG,Digital Mammography X-Ray Image Storage - For Presentation,1.2.840.10008.5.1.4.1.1.1.2,2,8.79 MB,./CMMD/D1-0859/1.3.6.1.4.1.14519.5.2.1.1239.1759.183995460504753186280989860440/1.3.6.1.4.1.14519.5.2.1.1239.1759.565099617239695916773305294616,2025-12-02T10:43:08.575050615
1.3.6.1.4.1.14519.5.2.1.1239.1759.544645101967977466927184172641,CMMD,NO,https://doi.org/10.7937/tcia.eqde4b16,D1-0861,1.3.6.1.4.1.14519.5.2.1.1239.1759.203482074459051562086460555407,NA,07-18-2010,NA,NA,MG,Digital Mammography X-Ray Image Storage - For Presentation,1.2.840.10008.5.1.4.1.1.1.2,2,8.79 MB,./CMMD/D1-0861/1.3.6.1.4.1.14519.5.2.1.1239.1759.203482074459051562086460555407/1.3.6.1.4.1.14519.5.2.1.1239.1759.544645101967977466927184172641,2025-12-02T10:43:19.126249423
1.3.6.1.4.1.14519.5.2.1.1239.1759.123602400283796270473577284359,CMMD,NO,https://doi.org/10.7937/tcia.eqde4b16,D1-0862,1.3.6.1.4.1.14519.5.2.1.1239.1759.210153883748490830949981157159,NA,07-18-2010,NA,NA,MG,Digital Mammography X-Ray Image Storage - For Presentation,1.2.840.10008.5.1.4.1.1.1.2,4,17.57 MB,./CMMD/D1-0862/1.3.6.1.4.1.14519.5.2.1.1239.1759.210153883748490830949981157159/1.3.6.1.4.1.14519.5.2.1.1239.1759.123602400283796270473577284359,2025-12-02T10:43:22.475857016
1.3.6.1.4.1.14519.5.2.1.1239.1759.332861114452774771680160736748,CMMD,NO,https://doi.org/10.7937/tcia.eqde4b16,D1-0860,1.3.6.1.4.1.14519.5.2.1.1239.1759.339893805217769735357152484858,NA,07-18-2010,NA,NA,MG,Digital Mammography X-Ray Image Storage - For Presentation,1.2.840.10008.5.1.4.1.1.1.2,2,8.79 MB,./CMMD/D1-0860/1.3.6.1.4.1.14519.5.2.1.1239.1759.339893805217769735357152484858/1.3.6.1.4.1.14519.5.2.1.1239.1759.332861114452774771680160736748,2025-12-02T10:43:24.635254658
1.3.6.1.4.1.14519.5.2.1.1239.1759.209348304372944591979342103796,CMMD,NO,https://doi.org/10.7937/tcia.eqde4b16,D1-0865,1.3.6.1.4.1.14519.5.2.1.1239.1759.198287495042128703997465788155,NA,07-18-2010,NA,NA,MG,Digital Mammography X-Ray Image Storage - For Presentation,1.2.840.10008.5.1.4.1.1.1.2,2,8.79 MB,./CMMD/D1-0865/1.3.6.1.4.1.14519.5.2.1.1239.1759.198287495042128703997465788155/1.3.6.1.4.1.14519.5.2.1.1239.1759.209348304372944591979342103796,2025-12-02T10:43:30.853842683
1.3.6.1.4.1.14519.5.2.1.1239.1759.125864505690505195144801070280,CMMD,NO,https://doi.org/10.7937/tcia.eqde4b16,D1-0864,1.3.6.1.4.1.14519.5.2.1.1239.1759.821907649991685911059712070294,NA,07-18-2010,NA,NA,MG,Digital Mammography X-Ray Image Storage - For Presentation,1.2.840.10008.5.1.4.1.1.1.2,2,8.79 MB,./CMMD/D1-0864/1.3.6.1.4.1.14519.5.2.1.1239.1759.821907649991685911059712070294/1.3.6.1.4.1.14519.5.2.1.1239.1759.125864505690505195144801070280,2025-12-02T10:43:32.586661226
1.3.6.1.4.1.14519.5.2.1.1239.1759.116012867035916272223272009349,CMMD,NO,https://doi.org/10.7937/tcia.eqde4b16,D1-0863,1.3.6.1.4.1.14519.5.2.1.1239.1759.244353941773737440739170462913,NA,07-18-2010,NA,NA,MG,Digital Mammography X-Ray Image Storage - For Presentation,1.2.840.10008.5.1.4.1.1.1.2,4,17.57 MB,./CMMD/D1-0863/1.3.6.1.4.1.14519.5.2.1.1239.1759.244353941773737440739170462913/1.3.6.1.4.1.14519.5.2.1.1239.1759.116012867035916272223272009349,2025-12-02T10:43:35.191650201
1.3.6.1.4.1.14519.5.2.1.1239.1759.930061617265987872814490169707,CMMD,NO,https://doi.org/10.7937/tcia.eqde4b16,D1-0867,1.3.6.1.4.1.14519.5.2.1.1239.1759.766699252440712347160272842652,NA,07-18-2010,NA,NA,MG,Digital Mammography X-Ray Image Storage - For Presentation,1.2.840.10008.5.1.4.1.1.1.2,2,8.79 MB,./CMMD/D1-0867/1.3.6.1.4.1.14519.5.2.1.1239.1759.766699252440712347160272842652/1.3.6.1.4.1.14519.5.2.1.1239.1759.930061617265987872814490169707,2025-12-02T10:43:45.084774846
1.3.6.1.4.1.14519.5.2.1.1239.1759.324415085710216245095499904797,CMMD,NO,https://doi.org/10.7937/tcia.eqde4b16,D1-0866,1.3.6.1.4.1.14519.5.2.1.1239.1759.265352576590551678722021620437,NA,07-18-2010,NA,NA,MG,Digital Mammography X-Ray Image Storage - For Presentation,1.2.840.10008.5.1.4.1.1.1.2,2,8.79 MB,./CMMD/D1-0866/1.3.6.1.4.1.14519.5.2.1.1239.1759.265352576590551678722021620437/1.3.6.1.4.1.14519.5.2.1.1239.1759.324415085710216245095499904797,2025-12-02T10:43:48.261662266
1.3.6.1.4.1.14519.5.2.1.1239.1759.303315602891113119101951161740,CMMD,NO,https://doi.org/10.7937/tcia.eqde4b16,D1-0868,1.3.6.1.4.1.14519.5.2.1.1239.1759.256535836883140122773337732260,NA,07-18-2010,NA,NA,MG,Digital Mammography X-Ray Image Storage - For Presentation,1.2.840.10008.5.1.4.1.1.1.2,2,8.79 MB,./CMMD/D1-0868/1.3.6.1.4.1.14519.5.2.1.1239.1759.256535836883140122773337732260/1.3.6.1.4.1.14519.5.2.1.1239.1759.303315602891113119101951161740,2025-12-02T10:43:49.539485115
1.3.6.1.4.1.14519.5.2.1.1239.1759.377253301255935793074746245892,CMMD,NO,https://doi.org/10.7937/tcia.eqde4b16,D1-0871,1.3.6.1.4.1.14519.5.2.1.1239.1759.237289165818876768339832278685,NA,07-18-2010,NA,NA,MG,Digital Mammography X-Ray Image Storage - For Presentation,1.2.840.10008.5.1.4.1.1.1.2,2,8.79 MB,./CMMD/D1-0871/1.3.6.1.4.1.14519.5.2.1.1239.1759.237289165818876768339832278685/1.3.6.1.4.1.14519.5.2.1.1239.1759.377253301255935793074746245892,2025-12-02T10:43:58.072004595
1.3.6.1.4.1.14519.5.2.1.1239.1759.200915827422077273639254447672,CMMD,NO,https://doi.org/10.7937/tcia.eqde4b16,D1-0869,1.3.6.1.4.1.14519.5.2.1.1239.1759.319701024665697920527063085415,NA,07-18-2011,NA,NA,MG,Digital Mammography X-Ray Image Storage - For Presentation,1.2.840.10008.5.1.4.1.1.1.2,4,17.57 MB,./CMMD/D1-0869/1.3.6.1.4.1.14519.5.2.1.1239.1759.319701024665697920527063085415/1.3.6.1.4.1.14519.5.2.1.1239.1759.200915827422077273639254447672,2025-12-02T10:44:03.878870869
1.3.6.1.4.1.14519.5.2.1.1239.1759.948190585385886821766969391477,CMMD,NO,https://doi.org/10.7937/tcia.eqde4b16,D1-0872,1.3.6.1.4.1.14519.5.2.1.1239.1759.108946225659261532080155214720,NA,07-18-2010,NA,NA,MG,Digital Mammography X-Ray Image Storage - For Presentation,1.2.840.10008.5.1.4.1.1.1.2,2,8.79 MB,./CMMD/D1-0872/1.3.6.1.4.1.14519.5.2.1.1239.1759.108946225659261532080155214720/1.3.6.1.4.1.14519.5.2.1.1239.1759.948190585385886821766969391477,2025-12-02T10:44:10.225231109
1.3.6.1.4.1.14519.5.2.1.1239.1759.145917641020405972251660040724,CMMD,NO,https://doi.org/10.7937/tcia.eqde4b16,D1-0870,1.3.6.1.4.1.14519.5.2.1.1239.1759.788042877918039474884152415388,NA,07-18-2010,NA,NA,MG,Digital Mammography X-Ray Image Storage - For Presentation,1.2.840.10008.5.1.4.1.1.1.2,2,8.79 MB,./CMMD/D1-0870/1.3.6.1.4.1.14519.5.2.1.1239.1759.788042877918039474884152415388/1.3.6.1.4.1.14519.5.2.1.1239.1759.145917641020405972251660040724,2025-12-02T10:44:10.665205762
1.3.6.1.4.1.14519.5.2.1.1239.1759.692371408721900224509553710795,CMMD,NO,https://doi.org/10.7937/tcia.eqde4b16,D1-0873,1.3.6.1.4.1.14519.5.2.1.1239.1759.108455965238478952451941262780,NA,07-18-2010,NA,NA,MG,Digital Mammography X-Ray Image Storage - For Presentation,1.2.840.10008.5.1.4.1.1.1.2,2,8.79 MB,./CMMD/D1-0873/1.3.6.1.4.1.14519.5.2.1.1239.1759.108455965238478952451941262780/1.3.6.1.4.1.14519.5.2.1.1239.1759.692371408721900224509553710795,2025-12-02T10:44:15.757648088
1.3.6.1.4.1.14519.5.2.1.1239.1759.272470925874909836428240552675,CMMD,NO,https://doi.org/10.7937/tcia.eqde4b16,D1-0874,1.3.6.1.4.1.14519.5.2.1.1239.1759.290330279444259650266543965710,NA,07-18-2010,NA,NA,MG,Digital Mammography X-Ray Image Storage - For Presentation,1.2.840.10008.5.1.4.1.1.1.2,4,17.57 MB,./CMMD/D1-0874/1.3.6.1.4.1.14519.5.2.1.1239.1759.290330279444259650266543965710/1.3.6.1.4.1.14519.5.2.1.1239.1759.272470925874909836428240552675,2025-12-02T10:44:27.204851194
1.3.6.1.4.1.14519.5.2.1.1239.1759.704321471922974712731672759902,CMMD,NO,https://doi.org/10.7937/tcia.eqde4b16,D1-0875,1.3.6.1.4.1.14519.5.2.1.1239.1759.215993049026802870689627746329,NA,07-18-2010,NA,NA,MG,Digital Mammography X-Ray Image Storage - For Presentation,1.2.840.10008.5.1.4.1.1.1.2,4,17.57 MB,./CMMD/D1-0875/1.3.6.1.4.1.14519.5.2.1.1239.1759.215993049026802870689627746329/1.3.6.1.4.1.14519.5.2.1.1239.1759.704321471922974712731672759902,2025-12-02T10:44:27.984816222
1.3.6.1.4.1.14519.5.2.1.1239.1759.253053319904163476498688652228,CMMD,NO,https://doi.org/10.7937/tcia.eqde4b16,D1-0876,1.3.6.1.4.1.14519.5.2.1.1239.1759.208918184978327348255351035064,NA,07-18-2010,NA,NA,MG,Digital Mammography X-Ray Image Storage - For Presentation,1.2.840.10008.5.1.4.1.1.1.2,4,17.57 MB,./CMMD/D1-0876/1.3.6.1.4.1.14519.5.2.1.1239.1759.208918184978327348255351035064/1.3.6.1.4.1.14519.5.2.1.1239.1759.253053319904163476498688652228,2025-12-02T10:44:38.59223136
1.3.6.1.4.1.14519.5.2.1.1239.1759.688290507844502285801593291482,CMMD,NO,https://doi.org/10.7937/tcia.eqde4b16,D1-0878,1.3.6.1.4.1.14519.5.2.1.1239.1759.311499661516979774144471876441,NA,07-18-2010,NA,NA,MG,Digital Mammography X-Ray Image Storage - For Presentation,1.2.840.10008.5.1.4.1.1.1.2,2,8.79 MB,./CMMD/D1-0878/1.3.6.1.4.1.14519.5.2.1.1239.1759.311499661516979774144471876441/1.3.6.1.4.1.14519.5.2.1.1239.1759.688290507844502285801593291482,2025-12-02T10:44:40.394862658
1.3.6.1.4.1.14519.5.2.1.1239.1759.551905036850145131597140746989,CMMD,NO,https://doi.org/10.7937/tcia.eqde4b16,D1-0877,1.3.6.1.4.1.14519.5.2.1.1239.1759.115339271010728721922174211899,NA,07-18-2010,NA,NA,MG,Digital Mammography X-Ray Image Storage - For Presentation,1.2.840.10008.5.1.4.1.1.1.2,2,8.79 MB,./CMMD/D1-0877/1.3.6.1.4.1.14519.5.2.1.1239.1759.115339271010728721922174211899/1.3.6.1.4.1.14519.5.2.1.1239.1759.551905036850145131597140746989,2025-12-02T10:44:42.744333764
1.3.6.1.4.1.14519.5.2.1.1239.1759.122296846494992085740587013318,CMMD,NO,https://doi.org/10.7937/tcia.eqde4b16,D1-0880,1.3.6.1.4.1.14519.5.2.1.1239.1759.965663554977768675152067154660,NA,07-18-2010,NA,NA,MG,Digital Mammography X-Ray Image Storage - For Presentation,1.2.840.10008.5.1.4.1.1.1.2,2,8.79 MB,./CMMD/D1-0880/1.3.6.1.4.1.14519.5.2.1.1239.1759.965663554977768675152067154660/1.3.6.1.4.1.14519.5.2.1.1239.1759.122296846494992085740587013318,2025-12-02T10:44:51.594771096
1.3.6.1.4.1.14519.5.2.1.1239.1759.187738240929373424871276325167,CMMD,NO,https://doi.org/10.7937/tcia.eqde4b16,D1-0879,1.3.6.1.4.1.14519.5.2.1.1239.1759.250234983325665484711811735885,NA,07-18-2010,NA,NA,MG,Digital Mammography X-Ray Image Storage - For Presentation,1.2.840.10008.5.1.4.1.1.1.2,2,8.79 MB,./CMMD/D1-0879/1.3.6.1.4.1.14519.5.2.1.1239.1759.250234983325665484711811735885/1.3.6.1.4.1.14519.5.2.1.1239.1759.187738240929373424871276325167,2025-12-02T10:44:52.916759456
1.3.6.1.4.1.14519.5.2.1.1239.1759.782581346324351471074536113716,CMMD,NO,https://doi.org/10.7937/tcia.eqde4b16,D1-0881,1.3.6.1.4.1.14519.5.2.1.1239.1759.705617315876922183115614276420,NA,07-18-2011,NA,NA,MG,Digital Mammography X-Ray Image Storage - For Presentation,1.2.840.10008.5.1.4.1.1.1.2,2,8.79 MB,./CMMD/D1-0881/1.3.6.1.4.1.14519.5.2.1.1239.1759.705617315876922183115614276420/1.3.6.1.4.1.14519.5.2.1.1239.1759.782581346324351471074536113716,2025-12-02T10:44:57.314056571
1.3.6.1.4.1.14519.5.2.1.1239.1759.290542321796833078050903062304,CMMD,NO,https://doi.org/10.7937/tcia.eqde4b16,D1-0882,1.3.6.1.4.1.14519.5.2.1.1239.1759.881797267012873987581331830778,NA,07-18-2011,NA,NA,MG,Digital Mammography X-Ray Image Storage - For Presentation,1.2.840.10008.5.1.4.1.1.1.2,2,8.79 MB,./CMMD/D1-0882/1.3.6.1.4.1.14519.5.2.1.1239.1759.881797267012873987581331830778/1.3.6.1.4.1.14519.5.2.1.1239.1759.290542321796833078050903062304,2025-12-02T10:45:01.253201815
1.3.6.1.4.1.14519.5.2.1.1239.1759.127927624131377374991355790973,CMMD,NO,https://doi.org/10.7937/tcia.eqde4b16,D1-0883,1.3.6.1.4.1.14519.5.2.1.1239.1759.164523273499427813705131963673,NA,07-18-2011,NA,NA,MG,Digital Mammography X-Ray Image Storage - For Presentation,1.2.840.10008.5.1.4.1.1.1.2,2,8.79 MB,./CMMD/D1-0883/1.3.6.1.4.1.14519.5.2.1.1239.1759.164523273499427813705131963673/1.3.6.1.4.1.14519.5.2.1.1239.1759.127927624131377374991355790973,2025-12-02T10:45:07.153439253
1.3.6.1.4.1.14519.5.2.1.1239.1759.232568965895904652894916963413,CMMD,NO,https://doi.org/10.7937/tcia.eqde4b16,D1-0884,1.3.6.1.4.1.14519.5.2.1.1239.1759.212754482978281101571020229401,NA,07-18-2011,NA,NA,MG,Digital Mammography X-Ray Image Storage - For Presentation,1.2.840.10008.5.1.4.1.1.1.2,4,17.57 MB,./CMMD/D1-0884/1.3.6.1.4.1.14519.5.2.1.1239.1759.212754482978281101571020229401/1.3.6.1.4.1.14519.5.2.1.1239.1759.232568965895904652894916963413,2025-12-02T10:45:13.564913404
1.3.6.1.4.1.14519.5.2.1.1239.1759.299818060848024283077309537096,CMMD,NO,https://doi.org/10.7937/tcia.eqde4b16,D1-0885,1.3.6.1.4.1.14519.5.2.1.1239.1759.190394261695422669364198396546,NA,07-18-2011,NA,NA,MG,Digital Mammography X-Ray Image Storage - For Presentation,1.2.840.10008.5.1.4.1.1.1.2,2,8.79 MB,./CMMD/D1-0885/1.3.6.1.4.1.14519.5.2.1.1239.1759.190394261695422669364198396546/1.3.6.1.4.1.14519.5.2.1.1239.1759.299818060848024283077309537096,2025-12-02T10:45:13.965520122
1.3.6.1.4.1.14519.5.2.1.1239.1759.305924483539722469348803425958,CMMD,NO,https://doi.org/10.7937/tcia.eqde4b16,D1-0886,1.3.6.1.4.1.14519.5.2.1.1239.1759.144156665167915469311644290898,NA,07-18-2011,NA,NA,MG,Digital Mammography X-Ray Image Storage - For Presentation,1.2.840.10008.5.1.4.1.1.1.2,2,8.79 MB,./CMMD/D1-0886/1.3.6.1.4.1.14519.5.2.1.1239.1759.144156665167915469311644290898/1.3.6.1.4.1.14519.5.2.1.1239.1759.305924483539722469348803425958,2025-12-02T10:45:20.57547547
1.3.6.1.4.1.14519.5.2.1.1239.1759.814987286764739987362732405165,CMMD,NO,https://doi.org/10.7937/tcia.eqde4b16,D1-0888,1.3.6.1.4.1.14519.5.2.1.1239.1759.117828939228126040848148635114,NA,07-18-2011,NA,NA,MG,Digital Mammography X-Ray Image Storage - For Presentation,1.2.840.10008.5.1.4.1.1.1.2,2,8.79 MB,./CMMD/D1-0888/1.3.6.1.4.1.14519.5.2.1.1239.1759.117828939228126040848148635114/1.3.6.1.4.1.14519.5.2.1.1239.1759.814987286764739987362732405165,2025-12-02T10:45:26.920723418
1.3.6.1.4.1.14519.5.2.1.1239.1759.145415846751640353745352245704,CMMD,NO,https://doi.org/10.7937/tcia.eqde4b16,D1-0887,1.3.6.1.4.1.14519.5.2.1.1239.1759.101380278587577399927502648557,NA,07-18-2011,NA,NA,MG,Digital Mammography X-Ray Image Storage - For Presentation,1.2.840.10008.5.1.4.1.1.1.2,2,8.79 MB,./CMMD/D1-0887/1.3.6.1.4.1.14519.5.2.1.1239.1759.101380278587577399927502648557/1.3.6.1.4.1.14519.5.2.1.1239.1759.145415846751640353745352245704,2025-12-02T10:45:27.830871344
1.3.6.1.4.1.14519.5.2.1.1239.1759.311835497417416363385726900950,CMMD,NO,https://doi.org/10.7937/tcia.eqde4b16,D1-0889,1.3.6.1.4.1.14519.5.2.1.1239.1759.172394999037978506567823952434,NA,07-18-2011,NA,NA,MG,Digital Mammography X-Ray Image Storage - For Presentation,1.2.840.10008.5.1.4.1.1.1.2,2,8.79 MB,./CMMD/D1-0889/1.3.6.1.4.1.14519.5.2.1.1239.1759.172394999037978506567823952434/1.3.6.1.4.1.14519.5.2.1.1239.1759.311835497417416363385726900950,2025-12-02T10:45:34.648127408
1.3.6.1.4.1.14519.5.2.1.1239.1759.137773773661995474927476771180,CMMD,NO,https://doi.org/10.7937/tcia.eqde4b16,D1-0890,1.3.6.1.4.1.14519.5.2.1.1239.1759.308558759169034246388812657661,NA,07-18-2011,NA,NA,MG,Digital Mammography X-Ray Image Storage - For Presentation,1.2.840.10008.5.1.4.1.1.1.2,2,8.79 MB,./CMMD/D1-0890/1.3.6.1.4.1.14519.5.2.1.1239.1759.308558759169034246388812657661/1.3.6.1.4.1.14519.5.2.1.1239.1759.137773773661995474927476771180,2025-12-02T10:45:40.854595422
1.3.6.1.4.1.14519.5.2.1.1239.1759.132805770503142541818711663197,CMMD,NO,https://doi.org/10.7937/tcia.eqde4b16,D1-0891,1.3.6.1.4.1.14519.5.2.1.1239.1759.615866672476054640652666831837,NA,07-18-2011,NA,NA,MG,Digital Mammography X-Ray Image Storage - For Presentation,1.2.840.10008.5.1.4.1.1.1.2,2,8.79 MB,./CMMD/D1-0891/1.3.6.1.4.1.14519.5.2.1.1239.1759.615866672476054640652666831837/1.3.6.1.4.1.14519.5.2.1.1239.1759.132805770503142541818711663197,2025-12-02T10:45:42.176661936
1.3.6.1.4.1.14519.5.2.1.1239.1759.309846609372125939300535910918,CMMD,NO,https://doi.org/10.7937/tcia.eqde4b16,D1-0892,1.3.6.1.4.1.14519.5.2.1.1239.1759.362995373511760569721210792781,NA,07-18-2011,NA,NA,MG,Digital Mammography X-Ray Image Storage - For Presentation,1.2.840.10008.5.1.4.1.1.1.2,4,17.57 MB,./CMMD/D1-0892/1.3.6.1.4.1.14519.5.2.1.1239.1759.362995373511760569721210792781/1.3.6.1.4.1.14519.5.2.1.1239.1759.309846609372125939300535910918,2025-12-02T10:45:50.099433173
1.3.6.1.4.1.14519.5.2.1.1239.1759.106846897074873926511268933747,CMMD,NO,https://doi.org/10.7937/tcia.eqde4b16,D1-0893,1.3.6.1.4.1.14519.5.2.1.1239.1759.167152008977249582779259981814,NA,07-18-2011,NA,NA,MG,Digital Mammography X-Ray Image Storage - For Presentation,1.2.840.10008.5.1.4.1.1.1.2,2,8.79 MB,./CMMD/D1-0893/1.3.6.1.4.1.14519.5.2.1.1239.1759.167152008977249582779259981814/1.3.6.1.4.1.14519.5.2.1.1239.1759.106846897074873926511268933747,2025-12-02T10:45:59.081377066
1.3.6.1.4.1.14519.5.2.1.1239.1759.526956647693618606391883169758,CMMD,NO,https://doi.org/10.7937/tcia.eqde4b16,D1-0895,1.3.6.1.4.1.14519.5.2.1.1239.1759.336280010298904463624259067537,NA,07-18-2011,NA,NA,MG,Digital Mammography X-Ray Image Storage - For Presentation,1.2.840.10008.5.1.4.1.1.1.2,2,8.79 MB,./CMMD/D1-0895/1.3.6.1.4.1.14519.5.2.1.1239.1759.336280010298904463624259067537/1.3.6.1.4.1.14519.5.2.1.1239.1759.526956647693618606391883169758,2025-12-02T10:46:02.593211827
1.3.6.1.4.1.14519.5.2.1.1239.1759.266874260202394444124381590062,CMMD,NO,https://doi.org/10.7937/tcia.eqde4b16,D1-0894,1.3.6.1.4.1.14519.5.2.1.1239.1759.502267927928518422624463822035,NA,07-18-2011,NA,NA,MG,Digital Mammography X-Ray Image Storage - For Presentation,1.2.840.10008.5.1.4.1.1.1.2,4,17.57 MB,./CMMD/D1-0894/1.3.6.1.4.1.14519.5.2.1.1239.1759.502267927928518422624463822035/1.3.6.1.4.1.14519.5.2.1.1239.1759.266874260202394444124381590062,2025-12-02T10:46:09.425707989
1.3.6.1.4.1.14519.5.2.1.1239.1759.286478442962267407019668442572,CMMD,NO,https://doi.org/10.7937/tcia.eqde4b16,D1-0896,1.3.6.1.4.1.14519.5.2.1.1239.1759.156421824939708561607435285166,NA,07-18-2011,NA,NA,MG,Digital Mammography X-Ray Image Storage - For Presentation,1.2.840.10008.5.1.4.1.1.1.2,2,8.79 MB,./CMMD/D1-0896/1.3.6.1.4.1.14519.5.2.1.1239.1759.156421824939708561607435285166/1.3.6.1.4.1.14519.5.2.1.1239.1759.286478442962267407019668442572,2025-12-02T10:46:11.621128612
1.3.6.1.4.1.14519.5.2.1.1239.1759.279045669052676514836267343695,CMMD,NO,https://doi.org/10.7937/tcia.eqde4b16,D1-0897,1.3.6.1.4.1.14519.5.2.1.1239.1759.256420457890479116333457460865,NA,07-18-2011,NA,NA,MG,Digital Mammography X-Ray Image Storage - For Presentation,1.2.840.10008.5.1.4.1.1.1.2,2,8.79 MB,./CMMD/D1-0897/1.3.6.1.4.1.14519.5.2.1.1239.1759.256420457890479116333457460865/1.3.6.1.4.1.14519.5.2.1.1239.1759.279045669052676514836267343695,2025-12-02T10:46:14.075051461
1.3.6.1.4.1.14519.5.2.1.1239.1759.154325140562066490167980975712,CMMD,NO,https://doi.org/10.7937/tcia.eqde4b16,D1-0898,1.3.6.1.4.1.14519.5.2.1.1239.1759.230312452001574112734605741351,NA,07-18-2011,NA,NA,MG,Digital Mammography X-Ray Image Storage - For Presentation,1.2.840.10008.5.1.4.1.1.1.2,2,8.79 MB,./CMMD/D1-0898/1.3.6.1.4.1.14519.5.2.1.1239.1759.230312452001574112734605741351/1.3.6.1.4.1.14519.5.2.1.1239.1759.154325140562066490167980975712,2025-12-02T10:46:21.512654751
1.3.6.1.4.1.14519.5.2.1.1239.1759.218528080413573294220899408957,CMMD,NO,https://doi.org/10.7937/tcia.eqde4b16,D1-0899,1.3.6.1.4.1.14519.5.2.1.1239.1759.333099412199721590089038990134,NA,07-18-2011,NA,NA,MG,Digital Mammography X-Ray Image Storage - For Presentation,1.2.840.10008.5.1.4.1.1.1.2,2,8.79 MB,./CMMD/D1-0899/1.3.6.1.4.1.14519.5.2.1.1239.1759.333099412199721590089038990134/1.3.6.1.4.1.14519.5.2.1.1239.1759.218528080413573294220899408957,2025-12-02T10:46:24.20590869
1.3.6.1.4.1.14519.5.2.1.1239.1759.335072172563503021525931750624,CMMD,NO,https://doi.org/10.7937/tcia.eqde4b16,D1-0900,1.3.6.1.4.1.14519.5.2.1.1239.1759.174568181699831285890426242372,NA,07-18-2011,NA,NA,MG,Digital Mammography X-Ray Image Storage - For Presentation,1.2.840.10008.5.1.4.1.1.1.2,2,8.79 MB,./CMMD/D1-0900/1.3.6.1.4.1.14519.5.2.1.1239.1759.174568181699831285890426242372/1.3.6.1.4.1.14519.5.2.1.1239.1759.335072172563503021525931750624,2025-12-02T10:46:29.217504383
1.3.6.1.4.1.14519.5.2.1.1239.1759.253241077102186676142837949116,CMMD,NO,https://doi.org/10.7937/tcia.eqde4b16,D1-0902,1.3.6.1.4.1.14519.5.2.1.1239.1759.199195943957294367944260129012,NA,07-18-2011,NA,NA,MG,Digital Mammography X-Ray Image Storage - For Presentation,1.2.840.10008.5.1.4.1.1.1.2,2,8.79 MB,./CMMD/D1-0902/1.3.6.1.4.1.14519.5.2.1.1239.1759.199195943957294367944260129012/1.3.6.1.4.1.14519.5.2.1.1239.1759.253241077102186676142837949116,2025-12-02T10:46:37.356057403
1.3.6.1.4.1.14519.5.2.1.1239.1759.449629200142045311383775460019,CMMD,NO,https://doi.org/10.7937/tcia.eqde4b16,D1-0903,1.3.6.1.4.1.14519.5.2.1.1239.1759.214437155756505663341980200571,NA,07-18-2011,NA,NA,MG,Digital Mammography X-Ray Image Storage - For Presentation,1.2.840.10008.5.1.4.1.1.1.2,2,8.79 MB,./CMMD/D1-0903/1.3.6.1.4.1.14519.5.2.1.1239.1759.214437155756505663341980200571/1.3.6.1.4.1.14519.5.2.1.1239.1759.449629200142045311383775460019,2025-12-02T10:46:45.788933359
1.3.6.1.4.1.14519.5.2.1.1239.1759.826757585311474381193573995042,CMMD,NO,https://doi.org/10.7937/tcia.eqde4b16,D1-0901,1.3.6.1.4.1.14519.5.2.1.1239.1759.134676080895141842913981196492,NA,07-18-2011,NA,NA,MG,Digital Mammography X-Ray Image Storage - For Presentation,1.2.840.10008.5.1.4.1.1.1.2,4,17.57 MB,./CMMD/D1-0901/1.3.6.1.4.1.14519.5.2.1.1239.1759.134676080895141842913981196492/1.3.6.1.4.1.14519.5.2.1.1239.1759.826757585311474381193573995042,2025-12-02T10:46:48.217189058
1.3.6.1.4.1.14519.5.2.1.1239.1759.229103361435909138609311383237,CMMD,NO,https://doi.org/10.7937/tcia.eqde4b16,D1-0904,1.3.6.1.4.1.14519.5.2.1.1239.1759.860429057898478143734194630325,NA,07-18-2011,NA,NA,MG,Digital Mammography X-Ray Image Storage - For Presentation,1.2.840.10008.5.1.4.1.1.1.2,4,17.57 MB,./CMMD/D1-0904/1.3.6.1.4.1.14519.5.2.1.1239.1759.860429057898478143734194630325/1.3.6.1.4.1.14519.5.2.1.1239.1759.229103361435909138609311383237,2025-12-02T10:46:54.557481908
1.3.6.1.4.1.14519.5.2.1.1239.1759.167181479204875131420900981790,CMMD,NO,https://doi.org/10.7937/tcia.eqde4b16,D1-0905,1.3.6.1.4.1.14519.5.2.1.1239.1759.485522745675052677601701403907,NA,07-18-2011,NA,NA,MG,Digital Mammography X-Ray Image Storage - For Presentation,1.2.840.10008.5.1.4.1.1.1.2,2,8.79 MB,./CMMD/D1-0905/1.3.6.1.4.1.14519.5.2.1.1239.1759.485522745675052677601701403907/1.3.6.1.4.1.14519.5.2.1.1239.1759.167181479204875131420900981790,2025-12-02T10:46:56.056007887
1.3.6.1.4.1.14519.5.2.1.1239.1759.273939285093202205637433195787,CMMD,NO,https://doi.org/10.7937/tcia.eqde4b16,D1-0906,1.3.6.1.4.1.14519.5.2.1.1239.1759.253607128234733941200070035342,NA,07-18-2011,NA,NA,MG,Digital Mammography X-Ray Image Storage - For Presentation,1.2.840.10008.5.1.4.1.1.1.2,2,8.79 MB,./CMMD/D1-0906/1.3.6.1.4.1.14519.5.2.1.1239.1759.253607128234733941200070035342/1.3.6.1.4.1.14519.5.2.1.1239.1759.273939285093202205637433195787,2025-12-02T10:47:04.295614721
1.3.6.1.4.1.14519.5.2.1.1239.1759.296651135953896835135891439914,CMMD,NO,https://doi.org/10.7937/tcia.eqde4b16,D1-0907,1.3.6.1.4.1.14519.5.2.1.1239.1759.330582259873248339444032542928,NA,07-18-2011,NA,NA,MG,Digital Mammography X-Ray Image Storage - For Presentation,1.2.840.10008.5.1.4.1.1.1.2,2,8.79 MB,./CMMD/D1-0907/1.3.6.1.4.1.14519.5.2.1.1239.1759.330582259873248339444032542928/1.3.6.1.4.1.14519.5.2.1.1239.1759.296651135953896835135891439914,2025-12-02T10:47:08.379889395
1.3.6.1.4.1.14519.5.2.1.1239.1759.147736074750743357920384218929,CMMD,NO,https://doi.org/10.7937/tcia.eqde4b16,D1-0909,1.3.6.1.4.1.14519.5.2.1.1239.1759.933347608259750278541412084931,NA,07-18-2011,NA,NA,MG,Digital Mammography X-Ray Image Storage - For Presentation,1.2.840.10008.5.1.4.1.1.1.2,2,8.79 MB,./CMMD/D1-0909/1.3.6.1.4.1.14519.5.2.1.1239.1759.933347608259750278541412084931/1.3.6.1.4.1.14519.5.2.1.1239.1759.147736074750743357920384218929,2025-12-02T10:47:20.702594537
1.3.6.1.4.1.14519.5.2.1.1239.1759.172102459906050400430559277481,CMMD,NO,https://doi.org/10.7937/tcia.eqde4b16,D1-0910,1.3.6.1.4.1.14519.5.2.1.1239.1759.155392701194392642959178647737,NA,07-18-2011,NA,NA,MG,Digital Mammography X-Ray Image Storage - For Presentation,1.2.840.10008.5.1.4.1.1.1.2,2,8.79 MB,./CMMD/D1-0910/1.3.6.1.4.1.14519.5.2.1.1239.1759.155392701194392642959178647737/1.3.6.1.4.1.14519.5.2.1.1239.1759.172102459906050400430559277481,2025-12-02T10:47:22.326821601
1.3.6.1.4.1.14519.5.2.1.1239.1759.270257139831788461331310743161,CMMD,NO,https://doi.org/10.7937/tcia.eqde4b16,D1-0908,1.3.6.1.4.1.14519.5.2.1.1239.1759.334740267833257201743995304164,NA,07-18-2011,NA,NA,MG,Digital Mammography X-Ray Image Storage - For Presentation,1.2.840.10008.5.1.4.1.1.1.2,4,17.57 MB,./CMMD/D1-0908/1.3.6.1.4.1.14519.5.2.1.1239.1759.334740267833257201743995304164/1.3.6.1.4.1.14519.5.2.1.1239.1759.270257139831788461331310743161,2025-12-02T10:47:27.08749439
1.3.6.1.4.1.14519.5.2.1.1239.1759.664746804802282450630553977471,CMMD,NO,https://doi.org/10.7937/tcia.eqde4b16,D1-0911,1.3.6.1.4.1.14519.5.2.1.1239.1759.264205517854598090913541685102,NA,07-18-2011,NA,NA,MG,Digital Mammography X-Ray Image Storage - For Presentation,1.2.840.10008.5.1.4.1.1.1.2,2,8.79 MB,./CMMD/D1-0911/1.3.6.1.4.1.14519.5.2.1.1239.1759.264205517854598090913541685102/1.3.6.1.4.1.14519.5.2.1.1239.1759.664746804802282450630553977471,2025-12-02T10:47:32.811681612
1.3.6.1.4.1.14519.5.2.1.1239.1759.184188046975258729797676057875,CMMD,NO,https://doi.org/10.7937/tcia.eqde4b16,D1-0912,1.3.6.1.4.1.14519.5.2.1.1239.1759.192692931382142972132190389312,NA,07-18-2011,NA,NA,MG,Digital Mammography X-Ray Image Storage - For Presentation,1.2.840.10008.5.1.4.1.1.1.2,2,8.79 MB,./CMMD/D1-0912/1.3.6.1.4.1.14519.5.2.1.1239.1759.192692931382142972132190389312/1.3.6.1.4.1.14519.5.2.1.1239.1759.184188046975258729797676057875,2025-12-02T10:47:36.7594095
1.3.6.1.4.1.14519.5.2.1.1239.1759.441142034093076545561123399505,CMMD,NO,https://doi.org/10.7937/tcia.eqde4b16,D1-0913,1.3.6.1.4.1.14519.5.2.1.1239.1759.334613747643312616760496747005,NA,07-18-2011,NA,NA,MG,Digital Mammography X-Ray Image Storage - For Presentation,1.2.840.10008.5.1.4.1.1.1.2,2,8.79 MB,./CMMD/D1-0913/1.3.6.1.4.1.14519.5.2.1.1239.1759.334613747643312616760496747005/1.3.6.1.4.1.14519.5.2.1.1239.1759.441142034093076545561123399505,2025-12-02T10:47:39.669917023
1.3.6.1.4.1.14519.5.2.1.1239.1759.209194566185867406055996678202,CMMD,NO,https://doi.org/10.7937/tcia.eqde4b16,D1-0914,1.3.6.1.4.1.14519.5.2.1.1239.1759.175793175407487305849446446879,NA,07-18-2011,NA,NA,MG,Digital Mammography X-Ray Image Storage - For Presentation,1.2.840.10008.5.1.4.1.1.1.2,2,8.79 MB,./CMMD/D1-0914/1.3.6.1.4.1.14519.5.2.1.1239.1759.175793175407487305849446446879/1.3.6.1.4.1.14519.5.2.1.1239.1759.209194566185867406055996678202,2025-12-02T10:47:44.903808893
1.3.6.1.4.1.14519.5.2.1.1239.1759.109244892505501449149709444915,CMMD,NO,https://doi.org/10.7937/tcia.eqde4b16,D1-0915,1.3.6.1.4.1.14519.5.2.1.1239.1759.218545905968099696725558659898,NA,07-18-2011,NA,NA,MG,Digital Mammography X-Ray Image Storage - For Presentation,1.2.840.10008.5.1.4.1.1.1.2,2,8.79 MB,./CMMD/D1-0915/1.3.6.1.4.1.14519.5.2.1.1239.1759.218545905968099696725558659898/1.3.6.1.4.1.14519.5.2.1.1239.1759.109244892505501449149709444915,2025-12-02T10:47:46.287238805
1.3.6.1.4.1.14519.5.2.1.1239.1759.100543210257207509952846317553,CMMD,NO,https://doi.org/10.7937/tcia.eqde4b16,D1-0916,1.3.6.1.4.1.14519.5.2.1.1239.1759.150378404452145174884134256388,NA,07-18-2011,NA,NA,MG,Digital Mammography X-Ray Image Storage - For Presentation,1.2.840.10008.5.1.4.1.1.1.2,2,8.79 MB,./CMMD/D1-0916/1.3.6.1.4.1.14519.5.2.1.1239.1759.150378404452145174884134256388/1.3.6.1.4.1.14519.5.2.1.1239.1759.100543210257207509952846317553,2025-12-02T10:47:52.866658605
1.3.6.1.4.1.14519.5.2.1.1239.1759.245813608640034327585561919520,CMMD,NO,https://doi.org/10.7937/tcia.eqde4b16,D1-0917,1.3.6.1.4.1.14519.5.2.1.1239.1759.870302695701187289710043281976,NA,07-18-2011,NA,NA,MG,Digital Mammography X-Ray Image Storage - For Presentation,1.2.840.10008.5.1.4.1.1.1.2,2,8.79 MB,./CMMD/D1-0917/1.3.6.1.4.1.14519.5.2.1.1239.1759.870302695701187289710043281976/1.3.6.1.4.1.14519.5.2.1.1239.1759.245813608640034327585561919520,2025-12-02T10:47:55.075772895
1.3.6.1.4.1.14519.5.2.1.1239.1759.181550348236197806231659563360,CMMD,NO,https://doi.org/10.7937/tcia.eqde4b16,D1-0918,1.3.6.1.4.1.14519.5.2.1.1239.1759.213212508572902694475611344446,NA,07-18-2011,NA,NA,MG,Digital Mammography X-Ray Image Storage - For Presentation,1.2.840.10008.5.1.4.1.1.1.2,2,8.79 MB,./CMMD/D1-0918/1.3.6.1.4.1.14519.5.2.1.1239.1759.213212508572902694475611344446/1.3.6.1.4.1.14519.5.2.1.1239.1759.181550348236197806231659563360,2025-12-02T10:48:00.18175279
1.3.6.1.4.1.14519.5.2.1.1239.1759.252028165431308202954007135945,CMMD,NO,https://doi.org/10.7937/tcia.eqde4b16,D1-0920,1.3.6.1.4.1.14519.5.2.1.1239.1759.172959838565851571043600134468,NA,07-18-2011,NA,NA,MG,Digital Mammography X-Ray Image Storage - For Presentation,1.2.840.10008.5.1.4.1.1.1.2,2,8.79 MB,./CMMD/D1-0920/1.3.6.1.4.1.14519.5.2.1.1239.1759.172959838565851571043600134468/1.3.6.1.4.1.14519.5.2.1.1239.1759.252028165431308202954007135945,2025-12-02T10:48:03.023627545
1.3.6.1.4.1.14519.5.2.1.1239.1759.131533798490513449596428693288,CMMD,NO,https://doi.org/10.7937/tcia.eqde4b16,D1-0919,1.3.6.1.4.1.14519.5.2.1.1239.1759.316588512332906869029540066966,NA,07-18-2011,NA,NA,MG,Digital Mammography X-Ray Image Storage - For Presentation,1.2.840.10008.5.1.4.1.1.1.2,4,17.57 MB,./CMMD/D1-0919/1.3.6.1.4.1.14519.5.2.1.1239.1759.316588512332906869029540066966/1.3.6.1.4.1.14519.5.2.1.1239.1759.131533798490513449596428693288,2025-12-02T10:48:09.765871895
1.3.6.1.4.1.14519.5.2.1.1239.1759.320317961259452865484079273267,CMMD,NO,https://doi.org/10.7937/tcia.eqde4b16,D1-0921,1.3.6.1.4.1.14519.5.2.1.1239.1759.129600419621576398995114844510,NA,07-18-2011,NA,NA,MG,Digital Mammography X-Ray Image Storage - For Presentation,1.2.840.10008.5.1.4.1.1.1.2,2,8.79 MB,./CMMD/D1-0921/1.3.6.1.4.1.14519.5.2.1.1239.1759.129600419621576398995114844510/1.3.6.1.4.1.14519.5.2.1.1239.1759.320317961259452865484079273267,2025-12-02T10:48:14.392253444
1.3.6.1.4.1.14519.5.2.1.1239.1759.206476537757447579813044991822,CMMD,NO,https://doi.org/10.7937/tcia.eqde4b16,D1-0922,1.3.6.1.4.1.14519.5.2.1.1239.1759.257233756005123334296113273814,NA,07-18-2011,NA,NA,MG,Digital Mammography X-Ray Image Storage - For Presentation,1.2.840.10008.5.1.4.1.1.1.2,2,8.79 MB,./CMMD/D1-0922/1.3.6.1.4.1.14519.5.2.1.1239.1759.257233756005123334296113273814/1.3.6.1.4.1.14519.5.2.1.1239.1759.206476537757447579813044991822,2025-12-02T10:48:17.539919729
1.3.6.1.4.1.14519.5.2.1.1239.1759.206129160384664709562217978993,CMMD,NO,https://doi.org/10.7937/tcia.eqde4b16,D1-0923,1.3.6.1.4.1.14519.5.2.1.1239.1759.312973390388792542690604251833,NA,07-18-2011,NA,NA,MG,Digital Mammography X-Ray Image Storage - For Presentation,1.2.840.10008.5.1.4.1.1.1.2,2,8.79 MB,./CMMD/D1-0923/1.3.6.1.4.1.14519.5.2.1.1239.1759.312973390388792542690604251833/1.3.6.1.4.1.14519.5.2.1.1239.1759.206129160384664709562217978993,2025-12-02T10:48:22.521836491
1.3.6.1.4.1.14519.5.2.1.1239.1759.312514231327777433938364130467,CMMD,NO,https://doi.org/10.7937/tcia.eqde4b16,D1-0924,1.3.6.1.4.1.14519.5.2.1.1239.1759.140684394285129506604179504657,NA,07-18-2011,NA,NA,MG,Digital Mammography X-Ray Image Storage - For Presentation,1.2.840.10008.5.1.4.1.1.1.2,2,8.79 MB,./CMMD/D1-0924/1.3.6.1.4.1.14519.5.2.1.1239.1759.140684394285129506604179504657/1.3.6.1.4.1.14519.5.2.1.1239.1759.312514231327777433938364130467,2025-12-02T10:48:28.251655179
1.3.6.1.4.1.14519.5.2.1.1239.1759.263530044289416131319135727413,CMMD,NO,https://doi.org/10.7937/tcia.eqde4b16,D1-0925,1.3.6.1.4.1.14519.5.2.1.1239.1759.163509608277048296319841813631,NA,07-18-2011,NA,NA,MG,Digital Mammography X-Ray Image Storage - For Presentation,1.2.840.10008.5.1.4.1.1.1.2,2,8.79 MB,./CMMD/D1-0925/1.3.6.1.4.1.14519.5.2.1.1239.1759.163509608277048296319841813631/1.3.6.1.4.1.14519.5.2.1.1239.1759.263530044289416131319135727413,2025-12-02T10:48:30.091564214
1.3.6.1.4.1.14519.5.2.1.1239.1759.118026633606080335715586711281,CMMD,NO,https://doi.org/10.7937/tcia.eqde4b16,D1-0926,1.3.6.1.4.1.14519.5.2.1.1239.1759.301863979595967671101066623989,NA,07-18-2011,NA,NA,MG,Digital Mammography X-Ray Image Storage - For Presentation,1.2.840.10008.5.1.4.1.1.1.2,2,8.79 MB,./CMMD/D1-0926/1.3.6.1.4.1.14519.5.2.1.1239.1759.301863979595967671101066623989/1.3.6.1.4.1.14519.5.2.1.1239.1759.118026633606080335715586711281,2025-12-02T10:48:34.900849658
1.3.6.1.4.1.14519.5.2.1.1239.1759.189004854375274312687267058948,CMMD,NO,https://doi.org/10.7937/tcia.eqde4b16,D1-0927,1.3.6.1.4.1.14519.5.2.1.1239.1759.130460368220507106853089047027,NA,07-18-2011,NA,NA,MG,Digital Mammography X-Ray Image Storage - For Presentation,1.2.840.10008.5.1.4.1.1.1.2,2,8.79 MB,./CMMD/D1-0927/1.3.6.1.4.1.14519.5.2.1.1239.1759.130460368220507106853089047027/1.3.6.1.4.1.14519.5.2.1.1239.1759.189004854375274312687267058948,2025-12-02T10:48:41.508846074
1.3.6.1.4.1.14519.5.2.1.1239.1759.239087730595454936166210352915,CMMD,NO,https://doi.org/10.7937/tcia.eqde4b16,D1-0928,1.3.6.1.4.1.14519.5.2.1.1239.1759.473465462293787278749678844378,NA,07-18-2011,NA,NA,MG,Digital Mammography X-Ray Image Storage - For Presentation,1.2.840.10008.5.1.4.1.1.1.2,2,8.79 MB,./CMMD/D1-0928/1.3.6.1.4.1.14519.5.2.1.1239.1759.473465462293787278749678844378/1.3.6.1.4.1.14519.5.2.1.1239.1759.239087730595454936166210352915,2025-12-02T10:48:44.181944644
1.3.6.1.4.1.14519.5.2.1.1239.1759.165780886597233937655305600357,CMMD,NO,https://doi.org/10.7937/tcia.eqde4b16,D1-0929,1.3.6.1.4.1.14519.5.2.1.1239.1759.285177469992943109892011785903,NA,07-18-2011,NA,NA,MG,Digital Mammography X-Ray Image Storage - For Presentation,1.2.840.10008.5.1.4.1.1.1.2,4,17.57 MB,./CMMD/D1-0929/1.3.6.1.4.1.14519.5.2.1.1239.1759.285177469992943109892011785903/1.3.6.1.4.1.14519.5.2.1.1239.1759.165780886597233937655305600357,2025-12-02T10:48:52.009198529
1.3.6.1.4.1.14519.5.2.1.1239.1759.284808999069865095070927675850,CMMD,NO,https://doi.org/10.7937/tcia.eqde4b16,D1-0930,1.3.6.1.4.1.14519.5.2.1.1239.1759.301461645574790052899613708426,NA,07-18-2011,NA,NA,MG,Digital Mammography X-Ray Image Storage - For Presentation,1.2.840.10008.5.1.4.1.1.1.2,2,8.79 MB,./CMMD/D1-0930/1.3.6.1.4.1.14519.5.2.1.1239.1759.301461645574790052899613708426/1.3.6.1.4.1.14519.5.2.1.1239.1759.284808999069865095070927675850,2025-12-02T10:48:58.670959313
1.3.6.1.4.1.14519.5.2.1.1239.1759.198449194529963041372200311383,CMMD,NO,https://doi.org/10.7937/tcia.eqde4b16,D1-0931,1.3.6.1.4.1.14519.5.2.1.1239.1759.190635574893152921448589993930,NA,07-18-2011,NA,NA,MG,Digital Mammography X-Ray Image Storage - For Presentation,1.2.840.10008.5.1.4.1.1.1.2,4,17.57 MB,./CMMD/D1-0931/1.3.6.1.4.1.14519.5.2.1.1239.1759.190635574893152921448589993930/1.3.6.1.4.1.14519.5.2.1.1239.1759.198449194529963041372200311383,2025-12-02T10:49:04.630925211
1.3.6.1.4.1.14519.5.2.1.1239.1759.331243162495955431551273796698,CMMD,NO,https://doi.org/10.7937/tcia.eqde4b16,D1-0932,1.3.6.1.4.1.14519.5.2.1.1239.1759.305494604796576619983298703700,NA,07-18-2011,NA,NA,MG,Digital Mammography X-Ray Image Storage - For Presentation,1.2.840.10008.5.1.4.1.1.1.2,4,17.57 MB,./CMMD/D1-0932/1.3.6.1.4.1.14519.5.2.1.1239.1759.305494604796576619983298703700/1.3.6.1.4.1.14519.5.2.1.1239.1759.331243162495955431551273796698,2025-12-02T10:49:08.801616713
1.3.6.1.4.1.14519.5.2.1.1239.1759.209593864482892221378831425623,CMMD,NO,https://doi.org/10.7937/tcia.eqde4b16,D1-0933,1.3.6.1.4.1.14519.5.2.1.1239.1759.118994475832455570260022436965,NA,07-18-2011,NA,NA,MG,Digital Mammography X-Ray Image Storage - For Presentation,1.2.840.10008.5.1.4.1.1.1.2,2,8.79 MB,./CMMD/D1-0933/1.3.6.1.4.1.14519.5.2.1.1239.1759.118994475832455570260022436965/1.3.6.1.4.1.14519.5.2.1.1239.1759.209593864482892221378831425623,2025-12-02T10:49:10.575884488
1.3.6.1.4.1.14519.5.2.1.1239.1759.172337976241021276277132938557,CMMD,NO,https://doi.org/10.7937/tcia.eqde4b16,D1-0934,1.3.6.1.4.1.14519.5.2.1.1239.1759.975498900492008304058362233019,NA,07-18-2011,NA,NA,MG,Digital Mammography X-Ray Image Storage - For Presentation,1.2.840.10008.5.1.4.1.1.1.2,2,8.79 MB,./CMMD/D1-0934/1.3.6.1.4.1.14519.5.2.1.1239.1759.975498900492008304058362233019/1.3.6.1.4.1.14519.5.2.1.1239.1759.172337976241021276277132938557,2025-12-02T10:49:17.140337338
1.3.6.1.4.1.14519.5.2.1.1239.1759.320715124981014954549292211648,CMMD,NO,https://doi.org/10.7937/tcia.eqde4b16,D1-0935,1.3.6.1.4.1.14519.5.2.1.1239.1759.322666819739776620093237657379,NA,07-18-2011,NA,NA,MG,Digital Mammography X-Ray Image Storage - For Presentation,1.2.840.10008.5.1.4.1.1.1.2,2,8.79 MB,./CMMD/D1-0935/1.3.6.1.4.1.14519.5.2.1.1239.1759.322666819739776620093237657379/1.3.6.1.4.1.14519.5.2.1.1239.1759.320715124981014954549292211648,2025-12-02T10:49:17.572518731
1.3.6.1.4.1.14519.5.2.1.1239.1759.264876207899075021788859394078,CMMD,NO,https://doi.org/10.7937/tcia.eqde4b16,D1-0936,1.3.6.1.4.1.14519.5.2.1.1239.1759.210758396778295954589452905218,NA,07-18-2011,NA,NA,MG,Digital Mammography X-Ray Image Storage - For Presentation,1.2.840.10008.5.1.4.1.1.1.2,2,8.79 MB,./CMMD/D1-0936/1.3.6.1.4.1.14519.5.2.1.1239.1759.210758396778295954589452905218/1.3.6.1.4.1.14519.5.2.1.1239.1759.264876207899075021788859394078,2025-12-02T10:49:22.240686988
1.3.6.1.4.1.14519.5.2.1.1239.1759.155812998245096403992891710065,CMMD,NO,https://doi.org/10.7937/tcia.eqde4b16,D1-0937,1.3.6.1.4.1.14519.5.2.1.1239.1759.243733494206642877823212405858,NA,07-18-2011,NA,NA,MG,Digital Mammography X-Ray Image Storage - For Presentation,1.2.840.10008.5.1.4.1.1.1.2,2,8.79 MB,./CMMD/D1-0937/1.3.6.1.4.1.14519.5.2.1.1239.1759.243733494206642877823212405858/1.3.6.1.4.1.14519.5.2.1.1239.1759.155812998245096403992891710065,2025-12-02T10:49:31.269787137
1.3.6.1.4.1.14519.5.2.1.1239.1759.133542959324860171606098611411,CMMD,NO,https://doi.org/10.7937/tcia.eqde4b16,D1-0938,1.3.6.1.4.1.14519.5.2.1.1239.1759.759657606910252083977533773987,NA,07-18-2011,NA,NA,MG,Digital Mammography X-Ray Image Storage - For Presentation,1.2.840.10008.5.1.4.1.1.1.2,2,8.79 MB,./CMMD/D1-0938/1.3.6.1.4.1.14519.5.2.1.1239.1759.759657606910252083977533773987/1.3.6.1.4.1.14519.5.2.1.1239.1759.133542959324860171606098611411,2025-12-02T10:49:32.136058007
1.3.6.1.4.1.14519.5.2.1.1239.1759.236602375721123362412052954466,CMMD,NO,https://doi.org/10.7937/tcia.eqde4b16,D1-0939,1.3.6.1.4.1.14519.5.2.1.1239.1759.360316298693484537330723747498,NA,07-18-2011,NA,NA,MG,Digital Mammography X-Ray Image Storage - For Presentation,1.2.840.10008.5.1.4.1.1.1.2,2,8.79 MB,./CMMD/D1-0939/1.3.6.1.4.1.14519.5.2.1.1239.1759.360316298693484537330723747498/1.3.6.1.4.1.14519.5.2.1.1239.1759.236602375721123362412052954466,2025-12-02T10:49:34.521681599
1.3.6.1.4.1.14519.5.2.1.1239.1759.257777837591049789297137410860,CMMD,NO,https://doi.org/10.7937/tcia.eqde4b16,D1-0940,1.3.6.1.4.1.14519.5.2.1.1239.1759.133046163851129809317721775711,NA,07-18-2011,NA,NA,MG,Digital Mammography X-Ray Image Storage - For Presentation,1.2.840.10008.5.1.4.1.1.1.2,2,8.79 MB,./CMMD/D1-0940/1.3.6.1.4.1.14519.5.2.1.1239.1759.133046163851129809317721775711/1.3.6.1.4.1.14519.5.2.1.1239.1759.257777837591049789297137410860,2025-12-02T10:49:40.235544642
1.3.6.1.4.1.14519.5.2.1.1239.1759.191447993835298436402097557240,CMMD,NO,https://doi.org/10.7937/tcia.eqde4b16,D1-0941,1.3.6.1.4.1.14519.5.2.1.1239.1759.110405475844866355077565976617,NA,07-18-2011,NA,NA,MG,Digital Mammography X-Ray Image Storage - For Presentation,1.2.840.10008.5.1.4.1.1.1.2,2,8.79 MB,./CMMD/D1-0941/1.3.6.1.4.1.14519.5.2.1.1239.1759.110405475844866355077565976617/1.3.6.1.4.1.14519.5.2.1.1239.1759.191447993835298436402097557240,2025-12-02T10:49:44.377055036
1.3.6.1.4.1.14519.5.2.1.1239.1759.266366505316989160034409597951,CMMD,NO,https://doi.org/10.7937/tcia.eqde4b16,D1-0942,1.3.6.1.4.1.14519.5.2.1.1239.1759.157391121519087395607442598123,NA,07-18-2011,NA,NA,MG,Digital Mammography X-Ray Image Storage - For Presentation,1.2.840.10008.5.1.4.1.1.1.2,2,8.79 MB,./CMMD/D1-0942/1.3.6.1.4.1.14519.5.2.1.1239.1759.157391121519087395607442598123/1.3.6.1.4.1.14519.5.2.1.1239.1759.266366505316989160034409597951,2025-12-02T10:49:47.018079081
1.3.6.1.4.1.14519.5.2.1.1239.1759.523689164724625355406551128750,CMMD,NO,https://doi.org/10.7937/tcia.eqde4b16,D1-0943,1.3.6.1.4.1.14519.5.2.1.1239.1759.219479386944201357227235862085,NA,07-18-2011,NA,NA,MG,Digital Mammography X-Ray Image Storage - For Presentation,1.2.840.10008.5.1.4.1.1.1.2,2,8.79 MB,./CMMD/D1-0943/1.3.6.1.4.1.14519.5.2.1.1239.1759.219479386944201357227235862085/1.3.6.1.4.1.14519.5.2.1.1239.1759.523689164724625355406551128750,2025-12-02T10:49:52.968282727
1.3.6.1.4.1.14519.5.2.1.1239.1759.699895678980386550223206086978,CMMD,NO,https://doi.org/10.7937/tcia.eqde4b16,D1-0944,1.3.6.1.4.1.14519.5.2.1.1239.1759.511655675850663910491264729194,NA,07-18-2011,NA,NA,MG,Digital Mammography X-Ray Image Storage - For Presentation,1.2.840.10008.5.1.4.1.1.1.2,2,8.79 MB,./CMMD/D1-0944/1.3.6.1.4.1.14519.5.2.1.1239.1759.511655675850663910491264729194/1.3.6.1.4.1.14519.5.2.1.1239.1759.699895678980386550223206086978,2025-12-02T10:49:56.472507556
1.3.6.1.4.1.14519.5.2.1.1239.1759.630788273785282452836035048241,CMMD,NO,https://doi.org/10.7937/tcia.eqde4b16,D1-0945,1.3.6.1.4.1.14519.5.2.1.1239.1759.105593846984088477094429233937,NA,07-18-2011,NA,NA,MG,Digital Mammography X-Ray Image Storage - For Presentation,1.2.840.10008.5.1.4.1.1.1.2,2,8.79 MB,./CMMD/D1-0945/1.3.6.1.4.1.14519.5.2.1.1239.1759.105593846984088477094429233937/1.3.6.1.4.1.14519.5.2.1.1239.1759.630788273785282452836035048241,2025-12-02T10:50:01.131254115
1.3.6.1.4.1.14519.5.2.1.1239.1759.145426822081408729185095881345,CMMD,NO,https://doi.org/10.7937/tcia.eqde4b16,D1-0946,1.3.6.1.4.1.14519.5.2.1.1239.1759.206800668289116188883307808880,NA,07-18-2011,NA,NA,MG,Digital Mammography X-Ray Image Storage - For Presentation,1.2.840.10008.5.1.4.1.1.1.2,2,8.79 MB,./CMMD/D1-0946/1.3.6.1.4.1.14519.5.2.1.1239.1759.206800668289116188883307808880/1.3.6.1.4.1.14519.5.2.1.1239.1759.145426822081408729185095881345,2025-12-02T10:50:05.49945702
1.3.6.1.4.1.14519.5.2.1.1239.1759.111396106380435097386516350205,CMMD,NO,https://doi.org/10.7937/tcia.eqde4b16,D1-0947,1.3.6.1.4.1.14519.5.2.1.1239.1759.115633948895105654468090052590,NA,07-18-2011,NA,NA,MG,Digital Mammography X-Ray Image Storage - For Presentation,1.2.840.10008.5.1.4.1.1.1.2,2,8.79 MB,./CMMD/D1-0947/1.3.6.1.4.1.14519.5.2.1.1239.1759.115633948895105654468090052590/1.3.6.1.4.1.14519.5.2.1.1239.1759.111396106380435097386516350205,2025-12-02T10:50:07.342053504
1.3.6.1.4.1.14519.5.2.1.1239.1759.484067483462418547016430211790,CMMD,NO,https://doi.org/10.7937/tcia.eqde4b16,D1-0948,1.3.6.1.4.1.14519.5.2.1.1239.1759.149637604107922290607278609569,NA,07-18-2011,NA,NA,MG,Digital Mammography X-Ray Image Storage - For Presentation,1.2.840.10008.5.1.4.1.1.1.2,2,8.79 MB,./CMMD/D1-0948/1.3.6.1.4.1.14519.5.2.1.1239.1759.149637604107922290607278609569/1.3.6.1.4.1.14519.5.2.1.1239.1759.484067483462418547016430211790,2025-12-02T10:50:13.199045786
1.3.6.1.4.1.14519.5.2.1.1239.1759.119850759066890521536937697917,CMMD,NO,https://doi.org/10.7937/tcia.eqde4b16,D1-0949,1.3.6.1.4.1.14519.5.2.1.1239.1759.298671700695176277479997753714,NA,07-18-2011,NA,NA,MG,Digital Mammography X-Ray Image Storage - For Presentation,1.2.840.10008.5.1.4.1.1.1.2,2,8.79 MB,./CMMD/D1-0949/1.3.6.1.4.1.14519.5.2.1.1239.1759.298671700695176277479997753714/1.3.6.1.4.1.14519.5.2.1.1239.1759.119850759066890521536937697917,2025-12-02T10:50:17.598929504
1.3.6.1.4.1.14519.5.2.1.1239.1759.207439413228961277842956467329,CMMD,NO,https://doi.org/10.7937/tcia.eqde4b16,D1-0950,1.3.6.1.4.1.14519.5.2.1.1239.1759.272938898385188698885544960770,NA,07-18-2011,NA,NA,MG,Digital Mammography X-Ray Image Storage - For Presentation,1.2.840.10008.5.1.4.1.1.1.2,2,8.79 MB,./CMMD/D1-0950/1.3.6.1.4.1.14519.5.2.1.1239.1759.272938898385188698885544960770/1.3.6.1.4.1.14519.5.2.1.1239.1759.207439413228961277842956467329,2025-12-02T10:50:19.830733692
1.3.6.1.4.1.14519.5.2.1.1239.1759.700546782057697226568797265486,CMMD,NO,https://doi.org/10.7937/tcia.eqde4b16,D1-0951,1.3.6.1.4.1.14519.5.2.1.1239.1759.223663312834171054521256470119,NA,07-18-2011,NA,NA,MG,Digital Mammography X-Ray Image Storage - For Presentation,1.2.840.10008.5.1.4.1.1.1.2,2,8.79 MB,./CMMD/D1-0951/1.3.6.1.4.1.14519.5.2.1.1239.1759.223663312834171054521256470119/1.3.6.1.4.1.14519.5.2.1.1239.1759.700546782057697226568797265486,2025-12-02T10:50:27.757103402
1.3.6.1.4.1.14519.5.2.1.1239.1759.104704285123919675082052893731,CMMD,NO,https://doi.org/10.7937/tcia.eqde4b16,D1-0953,1.3.6.1.4.1.14519.5.2.1.1239.1759.213761311611107701483247253066,NA,07-18-2011,NA,NA,MG,Digital Mammography X-Ray Image Storage - For Presentation,1.2.840.10008.5.1.4.1.1.1.2,2,8.79 MB,./CMMD/D1-0953/1.3.6.1.4.1.14519.5.2.1.1239.1759.213761311611107701483247253066/1.3.6.1.4.1.14519.5.2.1.1239.1759.104704285123919675082052893731,2025-12-02T10:50:28.899120843
1.3.6.1.4.1.14519.5.2.1.1239.1759.954244822509341603844208935414,CMMD,NO,https://doi.org/10.7937/tcia.eqde4b16,D1-0952,1.3.6.1.4.1.14519.5.2.1.1239.1759.309728598442497474029708852643,NA,07-18-2011,NA,NA,MG,Digital Mammography X-Ray Image Storage - For Presentation,1.2.840.10008.5.1.4.1.1.1.2,2,8.79 MB,./CMMD/D1-0952/1.3.6.1.4.1.14519.5.2.1.1239.1759.309728598442497474029708852643/1.3.6.1.4.1.14519.5.2.1.1239.1759.954244822509341603844208935414,2025-12-02T10:50:30.139966081
1.3.6.1.4.1.14519.5.2.1.1239.1759.107179983907090415214256043578,CMMD,NO,https://doi.org/10.7937/tcia.eqde4b16,D1-0954,1.3.6.1.4.1.14519.5.2.1.1239.1759.315974159374682117230840321484,NA,07-18-2011,NA,NA,MG,Digital Mammography X-Ray Image Storage - For Presentation,1.2.840.10008.5.1.4.1.1.1.2,2,8.79 MB,./CMMD/D1-0954/1.3.6.1.4.1.14519.5.2.1.1239.1759.315974159374682117230840321484/1.3.6.1.4.1.14519.5.2.1.1239.1759.107179983907090415214256043578,2025-12-02T10:50:40.710170593
1.3.6.1.4.1.14519.5.2.1.1239.1759.797268206378700317967757890982,CMMD,NO,https://doi.org/10.7937/tcia.eqde4b16,D1-0955,1.3.6.1.4.1.14519.5.2.1.1239.1759.122477680347064945203311176948,NA,07-18-2011,NA,NA,MG,Digital Mammography X-Ray Image Storage - For Presentation,1.2.840.10008.5.1.4.1.1.1.2,4,17.57 MB,./CMMD/D1-0955/1.3.6.1.4.1.14519.5.2.1.1239.1759.122477680347064945203311176948/1.3.6.1.4.1.14519.5.2.1.1239.1759.797268206378700317967757890982,2025-12-02T10:50:41.369975177
1.3.6.1.4.1.14519.5.2.1.1239.1759.612218353380933432596783939206,CMMD,NO,https://doi.org/10.7937/tcia.eqde4b16,D1-0956,1.3.6.1.4.1.14519.5.2.1.1239.1759.411445361923239240806966887661,NA,07-18-2011,NA,NA,MG,Digital Mammography X-Ray Image Storage - For Presentation,1.2.840.10008.5.1.4.1.1.1.2,2,8.79 MB,./CMMD/D1-0956/1.3.6.1.4.1.14519.5.2.1.1239.1759.411445361923239240806966887661/1.3.6.1.4.1.14519.5.2.1.1239.1759.612218353380933432596783939206,2025-12-02T10:50:45.759680527
1.3.6.1.4.1.14519.5.2.1.1239.1759.110482652421818803308640332720,CMMD,NO,https://doi.org/10.7937/tcia.eqde4b16,D1-0958,1.3.6.1.4.1.14519.5.2.1.1239.1759.120589758498642887727300474132,NA,07-18-2011,NA,NA,MG,Digital Mammography X-Ray Image Storage - For Presentation,1.2.840.10008.5.1.4.1.1.1.2,2,8.79 MB,./CMMD/D1-0958/1.3.6.1.4.1.14519.5.2.1.1239.1759.120589758498642887727300474132/1.3.6.1.4.1.14519.5.2.1.1239.1759.110482652421818803308640332720,2025-12-02T10:50:51.034647836
1.3.6.1.4.1.14519.5.2.1.1239.1759.197029780416955462319178058236,CMMD,NO,https://doi.org/10.7937/tcia.eqde4b16,D1-0957,1.3.6.1.4.1.14519.5.2.1.1239.1759.657069165413141724329577545571,NA,07-18-2011,NA,NA,MG,Digital Mammography X-Ray Image Storage - For Presentation,1.2.840.10008.5.1.4.1.1.1.2,2,8.79 MB,./CMMD/D1-0957/1.3.6.1.4.1.14519.5.2.1.1239.1759.657069165413141724329577545571/1.3.6.1.4.1.14519.5.2.1.1239.1759.197029780416955462319178058236,2025-12-02T10:50:53.233919555
1.3.6.1.4.1.14519.5.2.1.1239.1759.845686017630135068150651597772,CMMD,NO,https://doi.org/10.7937/tcia.eqde4b16,D1-0959,1.3.6.1.4.1.14519.5.2.1.1239.1759.151450551934959098227497949864,NA,07-18-2011,NA,NA,MG,Digital Mammography X-Ray Image Storage - For Presentation,1.2.840.10008.5.1.4.1.1.1.2,2,8.79 MB,./CMMD/D1-0959/1.3.6.1.4.1.14519.5.2.1.1239.1759.151450551934959098227497949864/1.3.6.1.4.1.14519.5.2.1.1239.1759.845686017630135068150651597772,2025-12-02T10:50:58.12442365
1.3.6.1.4.1.14519.5.2.1.1239.1759.305577902810116287811545811871,CMMD,NO,https://doi.org/10.7937/tcia.eqde4b16,D1-0960,1.3.6.1.4.1.14519.5.2.1.1239.1759.167973595650824130376004191188,NA,07-18-2011,NA,NA,MG,Digital Mammography X-Ray Image Storage - For Presentation,1.2.840.10008.5.1.4.1.1.1.2,2,8.79 MB,./CMMD/D1-0960/1.3.6.1.4.1.14519.5.2.1.1239.1759.167973595650824130376004191188/1.3.6.1.4.1.14519.5.2.1.1239.1759.305577902810116287811545811871,2025-12-02T10:51:03.190800239
1.3.6.1.4.1.14519.5.2.1.1239.1759.166701994346584832084100341883,CMMD,NO,https://doi.org/10.7937/tcia.eqde4b16,D1-0961,1.3.6.1.4.1.14519.5.2.1.1239.1759.146714687862539669647716415010,NA,07-18-2011,NA,NA,MG,Digital Mammography X-Ray Image Storage - For Presentation,1.2.840.10008.5.1.4.1.1.1.2,2,8.79 MB,./CMMD/D1-0961/1.3.6.1.4.1.14519.5.2.1.1239.1759.146714687862539669647716415010/1.3.6.1.4.1.14519.5.2.1.1239.1759.166701994346584832084100341883,2025-12-02T10:51:04.461278388
1.3.6.1.4.1.14519.5.2.1.1239.1759.919359355698844765234784984642,CMMD,NO,https://doi.org/10.7937/tcia.eqde4b16,D1-0962,1.3.6.1.4.1.14519.5.2.1.1239.1759.168760209179730599639082879929,NA,07-18-2011,NA,NA,MG,Digital Mammography X-Ray Image Storage - For Presentation,1.2.840.10008.5.1.4.1.1.1.2,2,8.79 MB,./CMMD/D1-0962/1.3.6.1.4.1.14519.5.2.1.1239.1759.168760209179730599639082879929/1.3.6.1.4.1.14519.5.2.1.1239.1759.919359355698844765234784984642,2025-12-02T10:51:09.121913805
1.3.6.1.4.1.14519.5.2.1.1239.1759.115462973800371738175715989228,CMMD,NO,https://doi.org/10.7937/tcia.eqde4b16,D1-0963,1.3.6.1.4.1.14519.5.2.1.1239.1759.315644958322908917279626984181,NA,07-18-2011,NA,NA,MG,Digital Mammography X-Ray Image Storage - For Presentation,1.2.840.10008.5.1.4.1.1.1.2,2,8.79 MB,./CMMD/D1-0963/1.3.6.1.4.1.14519.5.2.1.1239.1759.315644958322908917279626984181/1.3.6.1.4.1.14519.5.2.1.1239.1759.115462973800371738175715989228,2025-12-02T10:51:18.381559606
1.3.6.1.4.1.14519.5.2.1.1239.1759.270565786310298004035130265831,CMMD,NO,https://doi.org/10.7937/tcia.eqde4b16,D1-0965,1.3.6.1.4.1.14519.5.2.1.1239.1759.193569660466241972205408121819,NA,07-18-2011,NA,NA,MG,Digital Mammography X-Ray Image Storage - For Presentation,1.2.840.10008.5.1.4.1.1.1.2,2,8.79 MB,./CMMD/D1-0965/1.3.6.1.4.1.14519.5.2.1.1239.1759.193569660466241972205408121819/1.3.6.1.4.1.14519.5.2.1.1239.1759.270565786310298004035130265831,2025-12-02T10:51:18.793175106
1.3.6.1.4.1.14519.5.2.1.1239.1759.284410197366410194122429784448,CMMD,NO,https://doi.org/10.7937/tcia.eqde4b16,D1-0964,1.3.6.1.4.1.14519.5.2.1.1239.1759.406758395852747658825026062763,NA,07-18-2011,NA,NA,MG,Digital Mammography X-Ray Image Storage - For Presentation,1.2.840.10008.5.1.4.1.1.1.2,2,8.79 MB,./CMMD/D1-0964/1.3.6.1.4.1.14519.5.2.1.1239.1759.406758395852747658825026062763/1.3.6.1.4.1.14519.5.2.1.1239.1759.284410197366410194122429784448,2025-12-02T10:51:19.017893475
1.3.6.1.4.1.14519.5.2.1.1239.1759.103706010038020770148264346484,CMMD,NO,https://doi.org/10.7937/tcia.eqde4b16,D1-0967,1.3.6.1.4.1.14519.5.2.1.1239.1759.274625350653228675109238421516,NA,07-18-2011,NA,NA,MG,Digital Mammography X-Ray Image Storage - For Presentation,1.2.840.10008.5.1.4.1.1.1.2,2,8.79 MB,./CMMD/D1-0967/1.3.6.1.4.1.14519.5.2.1.1239.1759.274625350653228675109238421516/1.3.6.1.4.1.14519.5.2.1.1239.1759.103706010038020770148264346484,2025-12-02T10:51:31.125908036
1.3.6.1.4.1.14519.5.2.1.1239.1759.225186693610524721617479275770,CMMD,NO,https://doi.org/10.7937/tcia.eqde4b16,D1-0968,1.3.6.1.4.1.14519.5.2.1.1239.1759.299459026670670793707688142781,NA,07-18-2011,NA,NA,MG,Digital Mammography X-Ray Image Storage - For Presentation,1.2.840.10008.5.1.4.1.1.1.2,2,8.79 MB,./CMMD/D1-0968/1.3.6.1.4.1.14519.5.2.1.1239.1759.299459026670670793707688142781/1.3.6.1.4.1.14519.5.2.1.1239.1759.225186693610524721617479275770,2025-12-02T10:51:31.311540708
1.3.6.1.4.1.14519.5.2.1.1239.1759.322942419991868672072199401406,CMMD,NO,https://doi.org/10.7937/tcia.eqde4b16,D1-0966,1.3.6.1.4.1.14519.5.2.1.1239.1759.291222066778738354302698804094,NA,07-18-2011,NA,NA,MG,Digital Mammography X-Ray Image Storage - For Presentation,1.2.840.10008.5.1.4.1.1.1.2,2,8.79 MB,./CMMD/D1-0966/1.3.6.1.4.1.14519.5.2.1.1239.1759.291222066778738354302698804094/1.3.6.1.4.1.14519.5.2.1.1239.1759.322942419991868672072199401406,2025-12-02T10:51:32.887151784
1.3.6.1.4.1.14519.5.2.1.1239.1759.536636912833428794660853470979,CMMD,NO,https://doi.org/10.7937/tcia.eqde4b16,D1-0970,1.3.6.1.4.1.14519.5.2.1.1239.1759.264325000120473392571783669591,NA,07-18-2011,NA,NA,MG,Digital Mammography X-Ray Image Storage - For Presentation,1.2.840.10008.5.1.4.1.1.1.2,2,8.79 MB,./CMMD/D1-0970/1.3.6.1.4.1.14519.5.2.1.1239.1759.264325000120473392571783669591/1.3.6.1.4.1.14519.5.2.1.1239.1759.536636912833428794660853470979,2025-12-02T10:51:43.267252615
1.3.6.1.4.1.14519.5.2.1.1239.1759.172505630437389570952052553755,CMMD,NO,https://doi.org/10.7937/tcia.eqde4b16,D1-0969,1.3.6.1.4.1.14519.5.2.1.1239.1759.268871210641697916816473951954,NA,07-18-2011,NA,NA,MG,Digital Mammography X-Ray Image Storage - For Presentation,1.2.840.10008.5.1.4.1.1.1.2,2,8.79 MB,./CMMD/D1-0969/1.3.6.1.4.1.14519.5.2.1.1239.1759.268871210641697916816473951954/1.3.6.1.4.1.14519.5.2.1.1239.1759.172505630437389570952052553755,2025-12-02T10:51:43.674466168
1.3.6.1.4.1.14519.5.2.1.1239.1759.326847322144436822492009234374,CMMD,NO,https://doi.org/10.7937/tcia.eqde4b16,D1-0971,1.3.6.1.4.1.14519.5.2.1.1239.1759.124348502696904035055432650669,NA,07-18-2011,NA,NA,MG,Digital Mammography X-Ray Image Storage - For Presentation,1.2.840.10008.5.1.4.1.1.1.2,2,8.79 MB,./CMMD/D1-0971/1.3.6.1.4.1.14519.5.2.1.1239.1759.124348502696904035055432650669/1.3.6.1.4.1.14519.5.2.1.1239.1759.326847322144436822492009234374,2025-12-02T10:51:46.473764422
1.3.6.1.4.1.14519.5.2.1.1239.1759.143172580140081830262880654604,CMMD,NO,https://doi.org/10.7937/tcia.eqde4b16,D1-0972,1.3.6.1.4.1.14519.5.2.1.1239.1759.309597181737898952605149456636,NA,07-18-2011,NA,NA,MG,Digital Mammography X-Ray Image Storage - For Presentation,1.2.840.10008.5.1.4.1.1.1.2,2,8.79 MB,./CMMD/D1-0972/1.3.6.1.4.1.14519.5.2.1.1239.1759.309597181737898952605149456636/1.3.6.1.4.1.14519.5.2.1.1239.1759.143172580140081830262880654604,2025-12-02T10:51:53.082908525
1.3.6.1.4.1.14519.5.2.1.1239.1759.629580798455773376723426573230,CMMD,NO,https://doi.org/10.7937/tcia.eqde4b16,D1-0973,1.3.6.1.4.1.14519.5.2.1.1239.1759.171248047498287927045438454179,NA,07-18-2011,NA,NA,MG,Digital Mammography X-Ray Image Storage - For Presentation,1.2.840.10008.5.1.4.1.1.1.2,2,8.79 MB,./CMMD/D1-0973/1.3.6.1.4.1.14519.5.2.1.1239.1759.171248047498287927045438454179/1.3.6.1.4.1.14519.5.2.1.1239.1759.629580798455773376723426573230,2025-12-02T10:51:58.001325167
1.3.6.1.4.1.14519.5.2.1.1239.1759.147609322516921468846095848828,CMMD,NO,https://doi.org/10.7937/tcia.eqde4b16,D1-0974,1.3.6.1.4.1.14519.5.2.1.1239.1759.639145063302373072145647028326,NA,07-18-2011,NA,NA,MG,Digital Mammography X-Ray Image Storage - For Presentation,1.2.840.10008.5.1.4.1.1.1.2,2,8.79 MB,./CMMD/D1-0974/1.3.6.1.4.1.14519.5.2.1.1239.1759.639145063302373072145647028326/1.3.6.1.4.1.14519.5.2.1.1239.1759.147609322516921468846095848828,2025-12-02T10:52:00.557742876
1.3.6.1.4.1.14519.5.2.1.1239.1759.299890984453636600900730520999,CMMD,NO,https://doi.org/10.7937/tcia.eqde4b16,D1-0976,1.3.6.1.4.1.14519.5.2.1.1239.1759.177865347478212654105610618753,NA,07-18-2011,NA,NA,MG,Digital Mammography X-Ray Image Storage - For Presentation,1.2.840.10008.5.1.4.1.1.1.2,2,8.79 MB,./CMMD/D1-0976/1.3.6.1.4.1.14519.5.2.1.1239.1759.177865347478212654105610618753/1.3.6.1.4.1.14519.5.2.1.1239.1759.299890984453636600900730520999,2025-12-02T10:52:07.376840529
1.3.6.1.4.1.14519.5.2.1.1239.1759.308623874549938676230239936588,CMMD,NO,https://doi.org/10.7937/tcia.eqde4b16,D1-0975,1.3.6.1.4.1.14519.5.2.1.1239.1759.691327824408089993476361149761,NA,07-18-2011,NA,NA,MG,Digital Mammography X-Ray Image Storage - For Presentation,1.2.840.10008.5.1.4.1.1.1.2,2,8.79 MB,./CMMD/D1-0975/1.3.6.1.4.1.14519.5.2.1.1239.1759.691327824408089993476361149761/1.3.6.1.4.1.14519.5.2.1.1239.1759.308623874549938676230239936588,2025-12-02T10:52:09.850509115
1.3.6.1.4.1.14519.5.2.1.1239.1759.339597807359751580116466532925,CMMD,NO,https://doi.org/10.7937/tcia.eqde4b16,D1-0977,1.3.6.1.4.1.14519.5.2.1.1239.1759.165544081838084959951215073213,NA,07-18-2011,NA,NA,MG,Digital Mammography X-Ray Image Storage - For Presentation,1.2.840.10008.5.1.4.1.1.1.2,2,8.79 MB,./CMMD/D1-0977/1.3.6.1.4.1.14519.5.2.1.1239.1759.165544081838084959951215073213/1.3.6.1.4.1.14519.5.2.1.1239.1759.339597807359751580116466532925,2025-12-02T10:52:14.461951735
1.3.6.1.4.1.14519.5.2.1.1239.1759.877310894295806382511141135017,CMMD,NO,https://doi.org/10.7937/tcia.eqde4b16,D1-0978,1.3.6.1.4.1.14519.5.2.1.1239.1759.202206217881884471329399001935,NA,07-18-2011,NA,NA,MG,Digital Mammography X-Ray Image Storage - For Presentation,1.2.840.10008.5.1.4.1.1.1.2,2,8.79 MB,./CMMD/D1-0978/1.3.6.1.4.1.14519.5.2.1.1239.1759.202206217881884471329399001935/1.3.6.1.4.1.14519.5.2.1.1239.1759.877310894295806382511141135017,2025-12-02T10:52:21.24069352
1.3.6.1.4.1.14519.5.2.1.1239.1759.790487153602264713229220230369,CMMD,NO,https://doi.org/10.7937/tcia.eqde4b16,D1-0979,1.3.6.1.4.1.14519.5.2.1.1239.1759.240969929137844688112062530250,NA,07-18-2011,NA,NA,MG,Digital Mammography X-Ray Image Storage - For Presentation,1.2.840.10008.5.1.4.1.1.1.2,2,8.79 MB,./CMMD/D1-0979/1.3.6.1.4.1.14519.5.2.1.1239.1759.240969929137844688112062530250/1.3.6.1.4.1.14519.5.2.1.1239.1759.790487153602264713229220230369,2025-12-02T10:52:24.32348342
1.3.6.1.4.1.14519.5.2.1.1239.1759.378349001858875522954859256063,CMMD,NO,https://doi.org/10.7937/tcia.eqde4b16,D1-0980,1.3.6.1.4.1.14519.5.2.1.1239.1759.138126089088676474409991184465,NA,07-18-2011,NA,NA,MG,Digital Mammography X-Ray Image Storage - For Presentation,1.2.840.10008.5.1.4.1.1.1.2,2,8.79 MB,./CMMD/D1-0980/1.3.6.1.4.1.14519.5.2.1.1239.1759.138126089088676474409991184465/1.3.6.1.4.1.14519.5.2.1.1239.1759.378349001858875522954859256063,2025-12-02T10:52:28.343377784
1.3.6.1.4.1.14519.5.2.1.1239.1759.144083760775838066302037255132,CMMD,NO,https://doi.org/10.7937/tcia.eqde4b16,D1-0981,1.3.6.1.4.1.14519.5.2.1.1239.1759.705556722603597211078191148899,NA,07-18-2011,NA,NA,MG,Digital Mammography X-Ray Image Storage - For Presentation,1.2.840.10008.5.1.4.1.1.1.2,2,8.79 MB,./CMMD/D1-0981/1.3.6.1.4.1.14519.5.2.1.1239.1759.705556722603597211078191148899/1.3.6.1.4.1.14519.5.2.1.1239.1759.144083760775838066302037255132,2025-12-02T10:52:33.34355868
1.3.6.1.4.1.14519.5.2.1.1239.1759.123095217366752431034080631299,CMMD,NO,https://doi.org/10.7937/tcia.eqde4b16,D1-0982,1.3.6.1.4.1.14519.5.2.1.1239.1759.272729400260677083492804734979,NA,07-18-2011,NA,NA,MG,Digital Mammography X-Ray Image Storage - For Presentation,1.2.840.10008.5.1.4.1.1.1.2,2,8.79 MB,./CMMD/D1-0982/1.3.6.1.4.1.14519.5.2.1.1239.1759.272729400260677083492804734979/1.3.6.1.4.1.14519.5.2.1.1239.1759.123095217366752431034080631299,2025-12-02T10:52:38.678438974
1.3.6.1.4.1.14519.5.2.1.1239.1759.168966984454792287098014927280,CMMD,NO,https://doi.org/10.7937/tcia.eqde4b16,D1-0983,1.3.6.1.4.1.14519.5.2.1.1239.1759.180916013050119931435617906748,NA,07-18-2011,NA,NA,MG,Digital Mammography X-Ray Image Storage - For Presentation,1.2.840.10008.5.1.4.1.1.1.2,2,8.79 MB,./CMMD/D1-0983/1.3.6.1.4.1.14519.5.2.1.1239.1759.180916013050119931435617906748/1.3.6.1.4.1.14519.5.2.1.1239.1759.168966984454792287098014927280,2025-12-02T10:52:41.915411362
1.3.6.1.4.1.14519.5.2.1.1239.1759.185111840592532046458097718064,CMMD,NO,https://doi.org/10.7937/tcia.eqde4b16,D1-0984,1.3.6.1.4.1.14519.5.2.1.1239.1759.105268717522172297963502257226,NA,07-18-2011,NA,NA,MG,Digital Mammography X-Ray Image Storage - For Presentation,1.2.840.10008.5.1.4.1.1.1.2,2,8.79 MB,./CMMD/D1-0984/1.3.6.1.4.1.14519.5.2.1.1239.1759.105268717522172297963502257226/1.3.6.1.4.1.14519.5.2.1.1239.1759.185111840592532046458097718064,2025-12-02T10:52:42.669957708
1.3.6.1.4.1.14519.5.2.1.1239.1759.790890424358476010272433740379,CMMD,NO,https://doi.org/10.7937/tcia.eqde4b16,D1-0987,1.3.6.1.4.1.14519.5.2.1.1239.1759.276653426735141065182139804693,NA,07-18-2011,NA,NA,MG,Digital Mammography X-Ray Image Storage - For Presentation,1.2.840.10008.5.1.4.1.1.1.2,2,8.79 MB,./CMMD/D1-0987/1.3.6.1.4.1.14519.5.2.1.1239.1759.276653426735141065182139804693/1.3.6.1.4.1.14519.5.2.1.1239.1759.790890424358476010272433740379,2025-12-02T10:52:52.074878631
1.3.6.1.4.1.14519.5.2.1.1239.1759.472494670365458750968429614933,CMMD,NO,https://doi.org/10.7937/tcia.eqde4b16,D1-0985,1.3.6.1.4.1.14519.5.2.1.1239.1759.126672301257265332601114520039,NA,07-18-2011,NA,NA,MG,Digital Mammography X-Ray Image Storage - For Presentation,1.2.840.10008.5.1.4.1.1.1.2,2,8.79 MB,./CMMD/D1-0985/1.3.6.1.4.1.14519.5.2.1.1239.1759.126672301257265332601114520039/1.3.6.1.4.1.14519.5.2.1.1239.1759.472494670365458750968429614933,2025-12-02T10:52:52.34853809
1.3.6.1.4.1.14519.5.2.1.1239.1759.842972973817056218338321424843,CMMD,NO,https://doi.org/10.7937/tcia.eqde4b16,D1-0986,1.3.6.1.4.1.14519.5.2.1.1239.1759.339596523279462590875351458121,NA,07-18-2011,NA,NA,MG,Digital Mammography X-Ray Image Storage - For Presentation,1.2.840.10008.5.1.4.1.1.1.2,2,8.79 MB,./CMMD/D1-0986/1.3.6.1.4.1.14519.5.2.1.1239.1759.339596523279462590875351458121/1.3.6.1.4.1.14519.5.2.1.1239.1759.842972973817056218338321424843,2025-12-02T10:52:54.056462984
1.3.6.1.4.1.14519.5.2.1.1239.1759.185425150456037350252841481279,CMMD,NO,https://doi.org/10.7937/tcia.eqde4b16,D1-0988,1.3.6.1.4.1.14519.5.2.1.1239.1759.729437009622528739319777432516,NA,07-18-2011,NA,NA,MG,Digital Mammography X-Ray Image Storage - For Presentation,1.2.840.10008.5.1.4.1.1.1.2,2,8.79 MB,./CMMD/D1-0988/1.3.6.1.4.1.14519.5.2.1.1239.1759.729437009622528739319777432516/1.3.6.1.4.1.14519.5.2.1.1239.1759.185425150456037350252841481279,2025-12-02T10:53:02.198898998
1.3.6.1.4.1.14519.5.2.1.1239.1759.297780870917466962172542793803,CMMD,NO,https://doi.org/10.7937/tcia.eqde4b16,D1-0989,1.3.6.1.4.1.14519.5.2.1.1239.1759.597174491756050485566506837598,NA,07-18-2011,NA,NA,MG,Digital Mammography X-Ray Image Storage - For Presentation,1.2.840.10008.5.1.4.1.1.1.2,2,8.79 MB,./CMMD/D1-0989/1.3.6.1.4.1.14519.5.2.1.1239.1759.597174491756050485566506837598/1.3.6.1.4.1.14519.5.2.1.1239.1759.297780870917466962172542793803,2025-12-02T10:53:04.135931068
1.3.6.1.4.1.14519.5.2.1.1239.1759.891769986082717833724984153924,CMMD,NO,https://doi.org/10.7937/tcia.eqde4b16,D1-0990,1.3.6.1.4.1.14519.5.2.1.1239.1759.137982132660372953058156207703,NA,07-18-2011,NA,NA,MG,Digital Mammography X-Ray Image Storage - For Presentation,1.2.840.10008.5.1.4.1.1.1.2,4,17.57 MB,./CMMD/D1-0990/1.3.6.1.4.1.14519.5.2.1.1239.1759.137982132660372953058156207703/1.3.6.1.4.1.14519.5.2.1.1239.1759.891769986082717833724984153924,2025-12-02T10:53:10.825412611
1.3.6.1.4.1.14519.5.2.1.1239.1759.109147944107793312972616210617,CMMD,NO,https://doi.org/10.7937/tcia.eqde4b16,D1-0992,1.3.6.1.4.1.14519.5.2.1.1239.1759.431449696050298453099318643580,NA,07-18-2011,NA,NA,MG,Digital Mammography X-Ray Image Storage - For Presentation,1.2.840.10008.5.1.4.1.1.1.2,2,8.79 MB,./CMMD/D1-0992/1.3.6.1.4.1.14519.5.2.1.1239.1759.431449696050298453099318643580/1.3.6.1.4.1.14519.5.2.1.1239.1759.109147944107793312972616210617,2025-12-02T10:53:18.092365816
1.3.6.1.4.1.14519.5.2.1.1239.1759.753046061605318841458724418722,CMMD,NO,https://doi.org/10.7937/tcia.eqde4b16,D1-0991,1.3.6.1.4.1.14519.5.2.1.1239.1759.217892341714524194807991263304,NA,07-18-2011,NA,NA,MG,Digital Mammography X-Ray Image Storage - For Presentation,1.2.840.10008.5.1.4.1.1.1.2,4,17.57 MB,./CMMD/D1-0991/1.3.6.1.4.1.14519.5.2.1.1239.1759.217892341714524194807991263304/1.3.6.1.4.1.14519.5.2.1.1239.1759.753046061605318841458724418722,2025-12-02T10:53:18.49000044
1.3.6.1.4.1.14519.5.2.1.1239.1759.166534199805843786651759449810,CMMD,NO,https://doi.org/10.7937/tcia.eqde4b16,D1-0993,1.3.6.1.4.1.14519.5.2.1.1239.1759.470816005419845920854838006778,NA,07-18-2011,NA,NA,MG,Digital Mammography X-Ray Image Storage - For Presentation,1.2.840.10008.5.1.4.1.1.1.2,2,8.79 MB,./CMMD/D1-0993/1.3.6.1.4.1.14519.5.2.1.1239.1759.470816005419845920854838006778/1.3.6.1.4.1.14519.5.2.1.1239.1759.166534199805843786651759449810,2025-12-02T10:53:26.192441771
1.3.6.1.4.1.14519.5.2.1.1239.1759.183751356608442792390166533349,CMMD,NO,https://doi.org/10.7937/tcia.eqde4b16,D1-0994,1.3.6.1.4.1.14519.5.2.1.1239.1759.113389127142528554543475470331,NA,07-18-2011,NA,NA,MG,Digital Mammography X-Ray Image Storage - For Presentation,1.2.840.10008.5.1.4.1.1.1.2,2,8.79 MB,./CMMD/D1-0994/1.3.6.1.4.1.14519.5.2.1.1239.1759.113389127142528554543475470331/1.3.6.1.4.1.14519.5.2.1.1239.1759.183751356608442792390166533349,2025-12-02T10:53:26.872101956
1.3.6.1.4.1.14519.5.2.1.1239.1759.314391095048139180230343142591,CMMD,NO,https://doi.org/10.7937/tcia.eqde4b16,D1-0995,1.3.6.1.4.1.14519.5.2.1.1239.1759.218758106698038085210024420930,NA,07-18-2011,NA,NA,MG,Digital Mammography X-Ray Image Storage - For Presentation,1.2.840.10008.5.1.4.1.1.1.2,2,8.79 MB,./CMMD/D1-0995/1.3.6.1.4.1.14519.5.2.1.1239.1759.218758106698038085210024420930/1.3.6.1.4.1.14519.5.2.1.1239.1759.314391095048139180230343142591,2025-12-02T10:53:31.074018001
1.3.6.1.4.1.14519.5.2.1.1239.1759.339375427525655038547359766835,CMMD,NO,https://doi.org/10.7937/tcia.eqde4b16,D1-0996,1.3.6.1.4.1.14519.5.2.1.1239.1759.277092788178890844249952086791,NA,07-18-2011,NA,NA,MG,Digital Mammography X-Ray Image Storage - For Presentation,1.2.840.10008.5.1.4.1.1.1.2,2,8.79 MB,./CMMD/D1-0996/1.3.6.1.4.1.14519.5.2.1.1239.1759.277092788178890844249952086791/1.3.6.1.4.1.14519.5.2.1.1239.1759.339375427525655038547359766835,2025-12-02T10:53:33.667004966
1.3.6.1.4.1.14519.5.2.1.1239.1759.141260231219648840408413966220,CMMD,NO,https://doi.org/10.7937/tcia.eqde4b16,D1-0997,1.3.6.1.4.1.14519.5.2.1.1239.1759.195635158499334850069329334318,NA,07-18-2011,NA,NA,MG,Digital Mammography X-Ray Image Storage - For Presentation,1.2.840.10008.5.1.4.1.1.1.2,2,8.79 MB,./CMMD/D1-0997/1.3.6.1.4.1.14519.5.2.1.1239.1759.195635158499334850069329334318/1.3.6.1.4.1.14519.5.2.1.1239.1759.141260231219648840408413966220,2025-12-02T10:53:41.379179082
1.3.6.1.4.1.14519.5.2.1.1239.1759.108758722805803985739164368490,CMMD,NO,https://doi.org/10.7937/tcia.eqde4b16,D1-0998,1.3.6.1.4.1.14519.5.2.1.1239.1759.136707270819076723873338279459,NA,07-18-2011,NA,NA,MG,Digital Mammography X-Ray Image Storage - For Presentation,1.2.840.10008.5.1.4.1.1.1.2,2,8.79 MB,./CMMD/D1-0998/1.3.6.1.4.1.14519.5.2.1.1239.1759.136707270819076723873338279459/1.3.6.1.4.1.14519.5.2.1.1239.1759.108758722805803985739164368490,2025-12-02T10:53:44.83784192
1.3.6.1.4.1.14519.5.2.1.1239.1759.123859825170376576499292268135,CMMD,NO,https://doi.org/10.7937/tcia.eqde4b16,D1-0999,1.3.6.1.4.1.14519.5.2.1.1239.1759.262656112792726205056171842386,NA,07-18-2011,NA,NA,MG,Digital Mammography X-Ray Image Storage - For Presentation,1.2.840.10008.5.1.4.1.1.1.2,4,17.57 MB,./CMMD/D1-0999/1.3.6.1.4.1.14519.5.2.1.1239.1759.262656112792726205056171842386/1.3.6.1.4.1.14519.5.2.1.1239.1759.123859825170376576499292268135,2025-12-02T10:53:49.899639941
1.3.6.1.4.1.14519.5.2.1.1239.1759.118742905958584482362543297465,CMMD,NO,https://doi.org/10.7937/tcia.eqde4b16,D1-1000,1.3.6.1.4.1.14519.5.2.1.1239.1759.261586285253147202748576705366,NA,07-18-2011,NA,NA,MG,Digital Mammography X-Ray Image Storage - For Presentation,1.2.840.10008.5.1.4.1.1.1.2,2,8.79 MB,./CMMD/D1-1000/1.3.6.1.4.1.14519.5.2.1.1239.1759.261586285253147202748576705366/1.3.6.1.4.1.14519.5.2.1.1239.1759.118742905958584482362543297465,2025-12-02T10:53:54.087176645
1.3.6.1.4.1.14519.5.2.1.1239.1759.154082614219800676990818767633,CMMD,NO,https://doi.org/10.7937/tcia.eqde4b16,D1-1001,1.3.6.1.4.1.14519.5.2.1.1239.1759.872587956638069858519353423011,NA,07-18-2011,NA,NA,MG,Digital Mammography X-Ray Image Storage - For Presentation,1.2.840.10008.5.1.4.1.1.1.2,2,8.79 MB,./CMMD/D1-1001/1.3.6.1.4.1.14519.5.2.1.1239.1759.872587956638069858519353423011/1.3.6.1.4.1.14519.5.2.1.1239.1759.154082614219800676990818767633,2025-12-02T10:54:00.020390111
1.3.6.1.4.1.14519.5.2.1.1239.1759.335845862107675791297969245707,CMMD,NO,https://doi.org/10.7937/tcia.eqde4b16,D1-1002,1.3.6.1.4.1.14519.5.2.1.1239.1759.216768486472952597146987104406,NA,07-18-2011,NA,NA,MG,Digital Mammography X-Ray Image Storage - For Presentation,1.2.840.10008.5.1.4.1.1.1.2,2,8.79 MB,./CMMD/D1-1002/1.3.6.1.4.1.14519.5.2.1.1239.1759.216768486472952597146987104406/1.3.6.1.4.1.14519.5.2.1.1239.1759.335845862107675791297969245707,2025-12-02T10:54:00.31334402
1.3.6.1.4.1.14519.5.2.1.1239.1759.639937771550396647734230822152,CMMD,NO,https://doi.org/10.7937/tcia.eqde4b16,D1-1003,1.3.6.1.4.1.14519.5.2.1.1239.1759.283938271593606535540925285710,NA,07-18-2011,NA,NA,MG,Digital Mammography X-Ray Image Storage - For Presentation,1.2.840.10008.5.1.4.1.1.1.2,2,8.79 MB,./CMMD/D1-1003/1.3.6.1.4.1.14519.5.2.1.1239.1759.283938271593606535540925285710/1.3.6.1.4.1.14519.5.2.1.1239.1759.639937771550396647734230822152,2025-12-02T10:54:03.358783713
1.3.6.1.4.1.14519.5.2.1.1239.1759.213703546872595969645075155746,CMMD,NO,https://doi.org/10.7937/tcia.eqde4b16,D1-1004,1.3.6.1.4.1.14519.5.2.1.1239.1759.512891177981960229439731030134,NA,07-18-2011,NA,NA,MG,Digital Mammography X-Ray Image Storage - For Presentation,1.2.840.10008.5.1.4.1.1.1.2,2,8.79 MB,./CMMD/D1-1004/1.3.6.1.4.1.14519.5.2.1.1239.1759.512891177981960229439731030134/1.3.6.1.4.1.14519.5.2.1.1239.1759.213703546872595969645075155746,2025-12-02T10:54:12.385468154
1.3.6.1.4.1.14519.5.2.1.1239.1759.179060255226868856354075968271,CMMD,NO,https://doi.org/10.7937/tcia.eqde4b16,D1-1005,1.3.6.1.4.1.14519.5.2.1.1239.1759.153874068092939413098340784021,NA,07-18-2011,NA,NA,MG,Digital Mammography X-Ray Image Storage - For Presentation,1.2.840.10008.5.1.4.1.1.1.2,2,8.79 MB,./CMMD/D1-1005/1.3.6.1.4.1.14519.5.2.1.1239.1759.153874068092939413098340784021/1.3.6.1.4.1.14519.5.2.1.1239.1759.179060255226868856354075968271,2025-12-02T10:54:14.596178417
1.3.6.1.4.1.14519.5.2.1.1239.1759.233228358829658397967387198871,CMMD,NO,https://doi.org/10.7937/tcia.eqde4b16,D1-1006,1.3.6.1.4.1.14519.5.2.1.1239.1759.330389145514292343266809817476,NA,07-18-2011,NA,NA,MG,Digital Mammography X-Ray Image Storage - For Presentation,1.2.840.10008.5.1.4.1.1.1.2,2,8.79 MB,./CMMD/D1-1006/1.3.6.1.4.1.14519.5.2.1.1239.1759.330389145514292343266809817476/1.3.6.1.4.1.14519.5.2.1.1239.1759.233228358829658397967387198871,2025-12-02T10:54:15.698197945
1.3.6.1.4.1.14519.5.2.1.1239.1759.219225264139242787680072336196,CMMD,NO,https://doi.org/10.7937/tcia.eqde4b16,D1-1007,1.3.6.1.4.1.14519.5.2.1.1239.1759.241053552029905792664441766640,NA,07-18-2011,NA,NA,MG,Digital Mammography X-Ray Image Storage - For Presentation,1.2.840.10008.5.1.4.1.1.1.2,2,8.79 MB,./CMMD/D1-1007/1.3.6.1.4.1.14519.5.2.1.1239.1759.241053552029905792664441766640/1.3.6.1.4.1.14519.5.2.1.1239.1759.219225264139242787680072336196,2025-12-02T10:54:24.541450862
1.3.6.1.4.1.14519.5.2.1.1239.1759.325434516530267747735340693159,CMMD,NO,https://doi.org/10.7937/tcia.eqde4b16,D1-1008,1.3.6.1.4.1.14519.5.2.1.1239.1759.296082245322062057362732264414,NA,07-18-2011,NA,NA,MG,Digital Mammography X-Ray Image Storage - For Presentation,1.2.840.10008.5.1.4.1.1.1.2,2,8.79 MB,./CMMD/D1-1008/1.3.6.1.4.1.14519.5.2.1.1239.1759.296082245322062057362732264414/1.3.6.1.4.1.14519.5.2.1.1239.1759.325434516530267747735340693159,2025-12-02T10:54:26.253585162
1.3.6.1.4.1.14519.5.2.1.1239.1759.279120158045797463771695046259,CMMD,NO,https://doi.org/10.7937/tcia.eqde4b16,D1-1009,1.3.6.1.4.1.14519.5.2.1.1239.1759.912245908987514102548508677329,NA,07-18-2011,NA,NA,MG,Digital Mammography X-Ray Image Storage - For Presentation,1.2.840.10008.5.1.4.1.1.1.2,4,17.57 MB,./CMMD/D1-1009/1.3.6.1.4.1.14519.5.2.1.1239.1759.912245908987514102548508677329/1.3.6.1.4.1.14519.5.2.1.1239.1759.279120158045797463771695046259,2025-12-02T10:54:30.883480419
1.3.6.1.4.1.14519.5.2.1.1239.1759.875964378086109842729467108720,CMMD,NO,https://doi.org/10.7937/tcia.eqde4b16,D1-1011,1.3.6.1.4.1.14519.5.2.1.1239.1759.232033451164754771582092363617,NA,07-18-2011,NA,NA,MG,Digital Mammography X-Ray Image Storage - For Presentation,1.2.840.10008.5.1.4.1.1.1.2,2,8.79 MB,./CMMD/D1-1011/1.3.6.1.4.1.14519.5.2.1.1239.1759.232033451164754771582092363617/1.3.6.1.4.1.14519.5.2.1.1239.1759.875964378086109842729467108720,2025-12-02T10:54:34.77936995
1.3.6.1.4.1.14519.5.2.1.1239.1759.263204729821128103138548772033,CMMD,NO,https://doi.org/10.7937/tcia.eqde4b16,D1-1010,1.3.6.1.4.1.14519.5.2.1.1239.1759.665682595437189616183228768313,NA,07-18-2011,NA,NA,MG,Digital Mammography X-Ray Image Storage - For Presentation,1.2.840.10008.5.1.4.1.1.1.2,2,8.79 MB,./CMMD/D1-1010/1.3.6.1.4.1.14519.5.2.1.1239.1759.665682595437189616183228768313/1.3.6.1.4.1.14519.5.2.1.1239.1759.263204729821128103138548772033,2025-12-02T10:54:36.387482151
1.3.6.1.4.1.14519.5.2.1.1239.1759.233012912291819311801690308577,CMMD,NO,https://doi.org/10.7937/tcia.eqde4b16,D1-1013,1.3.6.1.4.1.14519.5.2.1.1239.1759.688274860451687627761198039257,NA,07-18-2011,NA,NA,MG,Digital Mammography X-Ray Image Storage - For Presentation,1.2.840.10008.5.1.4.1.1.1.2,2,8.79 MB,./CMMD/D1-1013/1.3.6.1.4.1.14519.5.2.1.1239.1759.688274860451687627761198039257/1.3.6.1.4.1.14519.5.2.1.1239.1759.233012912291819311801690308577,2025-12-02T10:54:44.06166897
1.3.6.1.4.1.14519.5.2.1.1239.1759.197913801904479827064854493938,CMMD,NO,https://doi.org/10.7937/tcia.eqde4b16,D1-1014,1.3.6.1.4.1.14519.5.2.1.1239.1759.241285949598677172604252499415,NA,07-18-2011,NA,NA,MG,Digital Mammography X-Ray Image Storage - For Presentation,1.2.840.10008.5.1.4.1.1.1.2,2,8.79 MB,./CMMD/D1-1014/1.3.6.1.4.1.14519.5.2.1.1239.1759.241285949598677172604252499415/1.3.6.1.4.1.14519.5.2.1.1239.1759.197913801904479827064854493938,2025-12-02T10:54:45.394025661
1.3.6.1.4.1.14519.5.2.1.1239.1759.155215418972329137532073151207,CMMD,NO,https://doi.org/10.7937/tcia.eqde4b16,D1-1012,1.3.6.1.4.1.14519.5.2.1.1239.1759.109679616704947050462461842967,NA,07-18-2011,NA,NA,MG,Digital Mammography X-Ray Image Storage - For Presentation,1.2.840.10008.5.1.4.1.1.1.2,2,8.79 MB,./CMMD/D1-1012/1.3.6.1.4.1.14519.5.2.1.1239.1759.109679616704947050462461842967/1.3.6.1.4.1.14519.5.2.1.1239.1759.155215418972329137532073151207,2025-12-02T10:54:45.81954047
1.3.6.1.4.1.14519.5.2.1.1239.1759.220950070308388042231750053198,CMMD,NO,https://doi.org/10.7937/tcia.eqde4b16,D1-1016,1.3.6.1.4.1.14519.5.2.1.1239.1759.286567868265445142741209873602,NA,07-18-2011,NA,NA,MG,Digital Mammography X-Ray Image Storage - For Presentation,1.2.840.10008.5.1.4.1.1.1.2,2,8.79 MB,./CMMD/D1-1016/1.3.6.1.4.1.14519.5.2.1.1239.1759.286567868265445142741209873602/1.3.6.1.4.1.14519.5.2.1.1239.1759.220950070308388042231750053198,2025-12-02T10:54:54.579029603
1.3.6.1.4.1.14519.5.2.1.1239.1759.591675504560407340602226021618,CMMD,NO,https://doi.org/10.7937/tcia.eqde4b16,D1-1015,1.3.6.1.4.1.14519.5.2.1.1239.1759.327997784176963366304527881556,NA,07-18-2011,NA,NA,MG,Digital Mammography X-Ray Image Storage - For Presentation,1.2.840.10008.5.1.4.1.1.1.2,2,8.79 MB,./CMMD/D1-1015/1.3.6.1.4.1.14519.5.2.1.1239.1759.327997784176963366304527881556/1.3.6.1.4.1.14519.5.2.1.1239.1759.591675504560407340602226021618,2025-12-02T10:54:56.838688588
1.3.6.1.4.1.14519.5.2.1.1239.1759.183525079312642622185078697117,CMMD,NO,https://doi.org/10.7937/tcia.eqde4b16,D1-1017,1.3.6.1.4.1.14519.5.2.1.1239.1759.171102260604444013169346706182,NA,07-18-2011,NA,NA,MG,Digital Mammography X-Ray Image Storage - For Presentation,1.2.840.10008.5.1.4.1.1.1.2,2,8.79 MB,./CMMD/D1-1017/1.3.6.1.4.1.14519.5.2.1.1239.1759.171102260604444013169346706182/1.3.6.1.4.1.14519.5.2.1.1239.1759.183525079312642622185078697117,2025-12-02T10:54:58.377822422
1.3.6.1.4.1.14519.5.2.1.1239.1759.169452476611306615667664130971,CMMD,NO,https://doi.org/10.7937/tcia.eqde4b16,D1-1018,1.3.6.1.4.1.14519.5.2.1.1239.1759.559335447883221919555248093273,NA,07-18-2011,NA,NA,MG,Digital Mammography X-Ray Image Storage - For Presentation,1.2.840.10008.5.1.4.1.1.1.2,2,8.79 MB,./CMMD/D1-1018/1.3.6.1.4.1.14519.5.2.1.1239.1759.559335447883221919555248093273/1.3.6.1.4.1.14519.5.2.1.1239.1759.169452476611306615667664130971,2025-12-02T10:55:04.488528095
1.3.6.1.4.1.14519.5.2.1.1239.1759.258153532134645638703321967892,CMMD,NO,https://doi.org/10.7937/tcia.eqde4b16,D1-1020,1.3.6.1.4.1.14519.5.2.1.1239.1759.236937920892454414395730917358,NA,07-18-2011,NA,NA,MG,Digital Mammography X-Ray Image Storage - For Presentation,1.2.840.10008.5.1.4.1.1.1.2,2,8.79 MB,./CMMD/D1-1020/1.3.6.1.4.1.14519.5.2.1.1239.1759.236937920892454414395730917358/1.3.6.1.4.1.14519.5.2.1.1239.1759.258153532134645638703321967892,2025-12-02T10:55:07.780933101
1.3.6.1.4.1.14519.5.2.1.1239.1759.198383022160452358035227752073,CMMD,NO,https://doi.org/10.7937/tcia.eqde4b16,D1-1019,1.3.6.1.4.1.14519.5.2.1.1239.1759.240555898099076209399638044324,NA,07-18-2011,NA,NA,MG,Digital Mammography X-Ray Image Storage - For Presentation,1.2.840.10008.5.1.4.1.1.1.2,2,8.79 MB,./CMMD/D1-1019/1.3.6.1.4.1.14519.5.2.1.1239.1759.240555898099076209399638044324/1.3.6.1.4.1.14519.5.2.1.1239.1759.198383022160452358035227752073,2025-12-02T10:55:08.889958156
1.3.6.1.4.1.14519.5.2.1.1239.1759.227438741134248621227012799884,CMMD,NO,https://doi.org/10.7937/tcia.eqde4b16,D1-1021,1.3.6.1.4.1.14519.5.2.1.1239.1759.773051090737370157036090214421,NA,07-18-2011,NA,NA,MG,Digital Mammography X-Ray Image Storage - For Presentation,1.2.840.10008.5.1.4.1.1.1.2,2,8.79 MB,./CMMD/D1-1021/1.3.6.1.4.1.14519.5.2.1.1239.1759.773051090737370157036090214421/1.3.6.1.4.1.14519.5.2.1.1239.1759.227438741134248621227012799884,2025-12-02T10:55:16.857179834
1.3.6.1.4.1.14519.5.2.1.1239.1759.309466739380392321593920670413,CMMD,NO,https://doi.org/10.7937/tcia.eqde4b16,D1-1023,1.3.6.1.4.1.14519.5.2.1.1239.1759.158879216627920597484126862554,NA,07-18-2011,NA,NA,MG,Digital Mammography X-Ray Image Storage - For Presentation,1.2.840.10008.5.1.4.1.1.1.2,2,8.79 MB,./CMMD/D1-1023/1.3.6.1.4.1.14519.5.2.1.1239.1759.158879216627920597484126862554/1.3.6.1.4.1.14519.5.2.1.1239.1759.309466739380392321593920670413,2025-12-02T10:55:18.184361774
1.3.6.1.4.1.14519.5.2.1.1239.1759.250269287045235882534701464422,CMMD,NO,https://doi.org/10.7937/tcia.eqde4b16,D1-1022,1.3.6.1.4.1.14519.5.2.1.1239.1759.217196695262850655443954723538,NA,07-18-2011,NA,NA,MG,Digital Mammography X-Ray Image Storage - For Presentation,1.2.840.10008.5.1.4.1.1.1.2,2,8.79 MB,./CMMD/D1-1022/1.3.6.1.4.1.14519.5.2.1.1239.1759.217196695262850655443954723538/1.3.6.1.4.1.14519.5.2.1.1239.1759.250269287045235882534701464422,2025-12-02T10:55:23.850617035
1.3.6.1.4.1.14519.5.2.1.1239.1759.295609811362093724283476350449,CMMD,NO,https://doi.org/10.7937/tcia.eqde4b16,D1-1024,1.3.6.1.4.1.14519.5.2.1.1239.1759.120292698068774815063003992503,NA,07-18-2011,NA,NA,MG,Digital Mammography X-Ray Image Storage - For Presentation,1.2.840.10008.5.1.4.1.1.1.2,2,8.79 MB,./CMMD/D1-1024/1.3.6.1.4.1.14519.5.2.1.1239.1759.120292698068774815063003992503/1.3.6.1.4.1.14519.5.2.1.1239.1759.295609811362093724283476350449,2025-12-02T10:55:31.102690129
1.3.6.1.4.1.14519.5.2.1.1239.1759.247041461652795626716418627149,CMMD,NO,https://doi.org/10.7937/tcia.eqde4b16,D1-1025,1.3.6.1.4.1.14519.5.2.1.1239.1759.389487228318263032914496216227,NA,07-18-2011,NA,NA,MG,Digital Mammography X-Ray Image Storage - For Presentation,1.2.840.10008.5.1.4.1.1.1.2,2,8.79 MB,./CMMD/D1-1025/1.3.6.1.4.1.14519.5.2.1.1239.1759.389487228318263032914496216227/1.3.6.1.4.1.14519.5.2.1.1239.1759.247041461652795626716418627149,2025-12-02T10:55:31.798595072
1.3.6.1.4.1.14519.5.2.1.1239.1759.255276054997978199449306314563,CMMD,NO,https://doi.org/10.7937/tcia.eqde4b16,D1-1026,1.3.6.1.4.1.14519.5.2.1.1239.1759.846682964963608236103105432989,NA,07-18-2011,NA,NA,MG,Digital Mammography X-Ray Image Storage - For Presentation,1.2.840.10008.5.1.4.1.1.1.2,2,8.79 MB,./CMMD/D1-1026/1.3.6.1.4.1.14519.5.2.1.1239.1759.846682964963608236103105432989/1.3.6.1.4.1.14519.5.2.1.1239.1759.255276054997978199449306314563,2025-12-02T10:55:35.763735304
1.3.6.1.4.1.14519.5.2.1.1239.1759.284587633376901121369927920156,CMMD,NO,https://doi.org/10.7937/tcia.eqde4b16,D1-1028,1.3.6.1.4.1.14519.5.2.1.1239.1759.580512009856063794900545556357,NA,07-18-2011,NA,NA,MG,Digital Mammography X-Ray Image Storage - For Presentation,1.2.840.10008.5.1.4.1.1.1.2,2,8.79 MB,./CMMD/D1-1028/1.3.6.1.4.1.14519.5.2.1.1239.1759.580512009856063794900545556357/1.3.6.1.4.1.14519.5.2.1.1239.1759.284587633376901121369927920156,2025-12-02T10:55:39.31964668
1.3.6.1.4.1.14519.5.2.1.1239.1759.325740167469474693155435866010,CMMD,NO,https://doi.org/10.7937/tcia.eqde4b16,D1-1027,1.3.6.1.4.1.14519.5.2.1.1239.1759.407967038701092812988480831094,NA,07-18-2011,NA,NA,MG,Digital Mammography X-Ray Image Storage - For Presentation,1.2.840.10008.5.1.4.1.1.1.2,2,8.79 MB,./CMMD/D1-1027/1.3.6.1.4.1.14519.5.2.1.1239.1759.407967038701092812988480831094/1.3.6.1.4.1.14519.5.2.1.1239.1759.325740167469474693155435866010,2025-12-02T10:55:45.932592349
1.3.6.1.4.1.14519.5.2.1.1239.1759.746105982268591503595921362335,CMMD,NO,https://doi.org/10.7937/tcia.eqde4b16,D1-1030,1.3.6.1.4.1.14519.5.2.1.1239.1759.315344074722670737199143282643,NA,07-18-2011,NA,NA,MG,Digital Mammography X-Ray Image Storage - For Presentation,1.2.840.10008.5.1.4.1.1.1.2,2,8.79 MB,./CMMD/D1-1030/1.3.6.1.4.1.14519.5.2.1.1239.1759.315344074722670737199143282643/1.3.6.1.4.1.14519.5.2.1.1239.1759.746105982268591503595921362335,2025-12-02T10:55:48.779431532
1.3.6.1.4.1.14519.5.2.1.1239.1759.337926292752375199128592558052,CMMD,NO,https://doi.org/10.7937/tcia.eqde4b16,D1-1029,1.3.6.1.4.1.14519.5.2.1.1239.1759.209734911079155418077732015233,NA,07-18-2011,NA,NA,MG,Digital Mammography X-Ray Image Storage - For Presentation,1.2.840.10008.5.1.4.1.1.1.2,4,17.57 MB,./CMMD/D1-1029/1.3.6.1.4.1.14519.5.2.1.1239.1759.209734911079155418077732015233/1.3.6.1.4.1.14519.5.2.1.1239.1759.337926292752375199128592558052,2025-12-02T10:55:51.405053695
1.3.6.1.4.1.14519.5.2.1.1239.1759.184194499577813946322316223581,CMMD,NO,https://doi.org/10.7937/tcia.eqde4b16,D1-1031,1.3.6.1.4.1.14519.5.2.1.1239.1759.320477990596485876209467563157,NA,07-18-2011,NA,NA,MG,Digital Mammography X-Ray Image Storage - For Presentation,1.2.840.10008.5.1.4.1.1.1.2,2,8.79 MB,./CMMD/D1-1031/1.3.6.1.4.1.14519.5.2.1.1239.1759.320477990596485876209467563157/1.3.6.1.4.1.14519.5.2.1.1239.1759.184194499577813946322316223581,2025-12-02T10:55:58.434213343
1.3.6.1.4.1.14519.5.2.1.1239.1759.318980966921090360647706127076,CMMD,NO,https://doi.org/10.7937/tcia.eqde4b16,D1-1032,1.3.6.1.4.1.14519.5.2.1.1239.1759.230125714087394453134061697302,NA,07-18-2011,NA,NA,MG,Digital Mammography X-Ray Image Storage - For Presentation,1.2.840.10008.5.1.4.1.1.1.2,2,8.79 MB,./CMMD/D1-1032/1.3.6.1.4.1.14519.5.2.1.1239.1759.230125714087394453134061697302/1.3.6.1.4.1.14519.5.2.1.1239.1759.318980966921090360647706127076,2025-12-02T10:56:00.900722312
1.3.6.1.4.1.14519.5.2.1.1239.1759.217979004170859328743630664302,CMMD,NO,https://doi.org/10.7937/tcia.eqde4b16,D1-1033,1.3.6.1.4.1.14519.5.2.1.1239.1759.195919931827106183630320308016,NA,07-18-2011,NA,NA,MG,Digital Mammography X-Ray Image Storage - For Presentation,1.2.840.10008.5.1.4.1.1.1.2,2,8.79 MB,./CMMD/D1-1033/1.3.6.1.4.1.14519.5.2.1.1239.1759.195919931827106183630320308016/1.3.6.1.4.1.14519.5.2.1.1239.1759.217979004170859328743630664302,2025-12-02T10:56:05.676746167
1.3.6.1.4.1.14519.5.2.1.1239.1759.236659314164489187996198060564,CMMD,NO,https://doi.org/10.7937/tcia.eqde4b16,D1-1035,1.3.6.1.4.1.14519.5.2.1.1239.1759.295964732661639289946242681308,NA,07-17-2012,NA,NA,MG,Digital Mammography X-Ray Image Storage - For Presentation,1.2.840.10008.5.1.4.1.1.1.2,2,8.79 MB,./CMMD/D1-1035/1.3.6.1.4.1.14519.5.2.1.1239.1759.295964732661639289946242681308/1.3.6.1.4.1.14519.5.2.1.1239.1759.236659314164489187996198060564,2025-12-02T10:56:10.051646877
1.3.6.1.4.1.14519.5.2.1.1239.1759.307914934658882299957098959063,CMMD,NO,https://doi.org/10.7937/tcia.eqde4b16,D1-1034,1.3.6.1.4.1.14519.5.2.1.1239.1759.328241373856118280110286532180,NA,07-17-2012,NA,NA,MG,Digital Mammography X-Ray Image Storage - For Presentation,1.2.840.10008.5.1.4.1.1.1.2,2,8.79 MB,./CMMD/D1-1034/1.3.6.1.4.1.14519.5.2.1.1239.1759.328241373856118280110286532180/1.3.6.1.4.1.14519.5.2.1.1239.1759.307914934658882299957098959063,2025-12-02T10:56:10.967357925
1.3.6.1.4.1.14519.5.2.1.1239.1759.502265238153787858699040427498,CMMD,NO,https://doi.org/10.7937/tcia.eqde4b16,D1-1036,1.3.6.1.4.1.14519.5.2.1.1239.1759.196001832500001993479271855590,NA,07-17-2012,NA,NA,MG,Digital Mammography X-Ray Image Storage - For Presentation,1.2.840.10008.5.1.4.1.1.1.2,4,17.57 MB,./CMMD/D1-1036/1.3.6.1.4.1.14519.5.2.1.1239.1759.196001832500001993479271855590/1.3.6.1.4.1.14519.5.2.1.1239.1759.502265238153787858699040427498,2025-12-02T10:56:15.76259842
1.3.6.1.4.1.14519.5.2.1.1239.1759.137429619798901078725883839410,CMMD,NO,https://doi.org/10.7937/tcia.eqde4b16,D1-1038,1.3.6.1.4.1.14519.5.2.1.1239.1759.205689686073042540714172222536,NA,07-17-2012,NA,NA,MG,Digital Mammography X-Ray Image Storage - For Presentation,1.2.840.10008.5.1.4.1.1.1.2,2,8.79 MB,./CMMD/D1-1038/1.3.6.1.4.1.14519.5.2.1.1239.1759.205689686073042540714172222536/1.3.6.1.4.1.14519.5.2.1.1239.1759.137429619798901078725883839410,2025-12-02T10:56:21.52755997
1.3.6.1.4.1.14519.5.2.1.1239.1759.120643202914589035661780643137,CMMD,NO,https://doi.org/10.7937/tcia.eqde4b16,D1-1037,1.3.6.1.4.1.14519.5.2.1.1239.1759.144659343853435918694526779697,NA,07-17-2012,NA,NA,MG,Digital Mammography X-Ray Image Storage - For Presentation,1.2.840.10008.5.1.4.1.1.1.2,2,8.79 MB,./CMMD/D1-1037/1.3.6.1.4.1.14519.5.2.1.1239.1759.144659343853435918694526779697/1.3.6.1.4.1.14519.5.2.1.1239.1759.120643202914589035661780643137,2025-12-02T10:56:22.42195063
1.3.6.1.4.1.14519.5.2.1.1239.1759.139054319380387172053777642806,CMMD,NO,https://doi.org/10.7937/tcia.eqde4b16,D1-1039,1.3.6.1.4.1.14519.5.2.1.1239.1759.248832484782134903006659480004,NA,07-17-2012,NA,NA,MG,Digital Mammography X-Ray Image Storage - For Presentation,1.2.840.10008.5.1.4.1.1.1.2,2,8.79 MB,./CMMD/D1-1039/1.3.6.1.4.1.14519.5.2.1.1239.1759.248832484782134903006659480004/1.3.6.1.4.1.14519.5.2.1.1239.1759.139054319380387172053777642806,2025-12-02T10:56:28.128069679
1.3.6.1.4.1.14519.5.2.1.1239.1759.259712778426490279660154109439,CMMD,NO,https://doi.org/10.7937/tcia.eqde4b16,D1-1040,1.3.6.1.4.1.14519.5.2.1.1239.1759.513631137294466877822276224137,NA,07-17-2012,NA,NA,MG,Digital Mammography X-Ray Image Storage - For Presentation,1.2.840.10008.5.1.4.1.1.1.2,2,8.79 MB,./CMMD/D1-1040/1.3.6.1.4.1.14519.5.2.1.1239.1759.513631137294466877822276224137/1.3.6.1.4.1.14519.5.2.1.1239.1759.259712778426490279660154109439,2025-12-02T10:56:34.028818202
1.3.6.1.4.1.14519.5.2.1.1239.1759.861608372589627496917332758184,CMMD,NO,https://doi.org/10.7937/tcia.eqde4b16,D1-1041,1.3.6.1.4.1.14519.5.2.1.1239.1759.185998543273145031620973258653,NA,07-17-2012,NA,NA,MG,Digital Mammography X-Ray Image Storage - For Presentation,1.2.840.10008.5.1.4.1.1.1.2,2,8.79 MB,./CMMD/D1-1041/1.3.6.1.4.1.14519.5.2.1.1239.1759.185998543273145031620973258653/1.3.6.1.4.1.14519.5.2.1.1239.1759.861608372589627496917332758184,2025-12-02T10:56:36.542018495
1.3.6.1.4.1.14519.5.2.1.1239.1759.327604420147100421694286003751,CMMD,NO,https://doi.org/10.7937/tcia.eqde4b16,D1-1042,1.3.6.1.4.1.14519.5.2.1.1239.1759.196141523136195606251636347524,NA,07-18-2011,NA,NA,MG,Digital Mammography X-Ray Image Storage - For Presentation,1.2.840.10008.5.1.4.1.1.1.2,2,8.79 MB,./CMMD/D1-1042/1.3.6.1.4.1.14519.5.2.1.1239.1759.196141523136195606251636347524/1.3.6.1.4.1.14519.5.2.1.1239.1759.327604420147100421694286003751,2025-12-02T10:56:42.241554367
1.3.6.1.4.1.14519.5.2.1.1239.1759.178246076773043100272625454774,CMMD,NO,https://doi.org/10.7937/tcia.eqde4b16,D1-1045,1.3.6.1.4.1.14519.5.2.1.1239.1759.538646552503929173085077135484,NA,07-18-2010,NA,NA,MG,Digital Mammography X-Ray Image Storage - For Presentation,1.2.840.10008.5.1.4.1.1.1.2,2,8.79 MB,./CMMD/D1-1045/1.3.6.1.4.1.14519.5.2.1.1239.1759.538646552503929173085077135484/1.3.6.1.4.1.14519.5.2.1.1239.1759.178246076773043100272625454774,2025-12-02T10:56:43.345179755
1.3.6.1.4.1.14519.5.2.1.1239.1759.295601573358039296397511654179,CMMD,NO,https://doi.org/10.7937/tcia.eqde4b16,D1-1047,1.3.6.1.4.1.14519.5.2.1.1239.1759.160517457582385254790060080491,NA,07-18-2010,NA,NA,MG,Digital Mammography X-Ray Image Storage - For Presentation,1.2.840.10008.5.1.4.1.1.1.2,2,8.79 MB,./CMMD/D1-1047/1.3.6.1.4.1.14519.5.2.1.1239.1759.160517457582385254790060080491/1.3.6.1.4.1.14519.5.2.1.1239.1759.295601573358039296397511654179,2025-12-02T10:56:47.452331426
1.3.6.1.4.1.14519.5.2.1.1239.1759.223827041019845611488550697732,CMMD,NO,https://doi.org/10.7937/tcia.eqde4b16,D1-1048,1.3.6.1.4.1.14519.5.2.1.1239.1759.272898670383606612494046857871,NA,07-18-2010,NA,NA,MG,Digital Mammography X-Ray Image Storage - For Presentation,1.2.840.10008.5.1.4.1.1.1.2,2,8.79 MB,./CMMD/D1-1048/1.3.6.1.4.1.14519.5.2.1.1239.1759.272898670383606612494046857871/1.3.6.1.4.1.14519.5.2.1.1239.1759.223827041019845611488550697732,2025-12-02T10:56:56.249925924
1.3.6.1.4.1.14519.5.2.1.1239.1759.238413757146391887825339763350,CMMD,NO,https://doi.org/10.7937/tcia.eqde4b16,D1-1050,1.3.6.1.4.1.14519.5.2.1.1239.1759.116344649900452062726483909785,NA,07-18-2011,NA,NA,MG,Digital Mammography X-Ray Image Storage - For Presentation,1.2.840.10008.5.1.4.1.1.1.2,2,8.79 MB,./CMMD/D1-1050/1.3.6.1.4.1.14519.5.2.1.1239.1759.116344649900452062726483909785/1.3.6.1.4.1.14519.5.2.1.1239.1759.238413757146391887825339763350,2025-12-02T10:56:57.342581183
1.3.6.1.4.1.14519.5.2.1.1239.1759.126460918606604987917581555300,CMMD,NO,https://doi.org/10.7937/tcia.eqde4b16,D1-1053,1.3.6.1.4.1.14519.5.2.1.1239.1759.231466030397736029683780855334,NA,07-18-2011,NA,NA,MG,Digital Mammography X-Ray Image Storage - For Presentation,1.2.840.10008.5.1.4.1.1.1.2,2,8.79 MB,./CMMD/D1-1053/1.3.6.1.4.1.14519.5.2.1.1239.1759.231466030397736029683780855334/1.3.6.1.4.1.14519.5.2.1.1239.1759.126460918606604987917581555300,2025-12-02T10:57:01.169963236
1.3.6.1.4.1.14519.5.2.1.1239.1759.305292326927111843489482527612,CMMD,NO,https://doi.org/10.7937/tcia.eqde4b16,D1-1054,1.3.6.1.4.1.14519.5.2.1.1239.1759.247489717397978144002533437036,NA,07-18-2010,NA,NA,MG,Digital Mammography X-Ray Image Storage - For Presentation,1.2.840.10008.5.1.4.1.1.1.2,2,8.79 MB,./CMMD/D1-1054/1.3.6.1.4.1.14519.5.2.1.1239.1759.247489717397978144002533437036/1.3.6.1.4.1.14519.5.2.1.1239.1759.305292326927111843489482527612,2025-12-02T10:57:05.965993825
1.3.6.1.4.1.14519.5.2.1.1239.1759.314395421665425418706686374554,CMMD,NO,https://doi.org/10.7937/tcia.eqde4b16,D1-1055,1.3.6.1.4.1.14519.5.2.1.1239.1759.336307283240940696150352917173,NA,07-18-2011,NA,NA,MG,Digital Mammography X-Ray Image Storage - For Presentation,1.2.840.10008.5.1.4.1.1.1.2,2,8.79 MB,./CMMD/D1-1055/1.3.6.1.4.1.14519.5.2.1.1239.1759.336307283240940696150352917173/1.3.6.1.4.1.14519.5.2.1.1239.1759.314395421665425418706686374554,2025-12-02T10:57:11.284070198
1.3.6.1.4.1.14519.5.2.1.1239.1759.228731687050031321713747715589,CMMD,NO,https://doi.org/10.7937/tcia.eqde4b16,D1-1056,1.3.6.1.4.1.14519.5.2.1.1239.1759.311405993853444399709520591627,NA,07-18-2011,NA,NA,MG,Digital Mammography X-Ray Image Storage - For Presentation,1.2.840.10008.5.1.4.1.1.1.2,2,8.79 MB,./CMMD/D1-1056/1.3.6.1.4.1.14519.5.2.1.1239.1759.311405993853444399709520591627/1.3.6.1.4.1.14519.5.2.1.1239.1759.228731687050031321713747715589,2025-12-02T10:57:15.176608184
1.3.6.1.4.1.14519.5.2.1.1239.1759.284326557591178112553916638809,CMMD,NO,https://doi.org/10.7937/tcia.eqde4b16,D1-1057,1.3.6.1.4.1.14519.5.2.1.1239.1759.632558583087676901548883363204,NA,07-18-2011,NA,NA,MG,Digital Mammography X-Ray Image Storage - For Presentation,1.2.840.10008.5.1.4.1.1.1.2,2,8.79 MB,./CMMD/D1-1057/1.3.6.1.4.1.14519.5.2.1.1239.1759.632558583087676901548883363204/1.3.6.1.4.1.14519.5.2.1.1239.1759.284326557591178112553916638809,2025-12-02T10:57:18.323858327
1.3.6.1.4.1.14519.5.2.1.1239.1759.969429386632136182997005422834,CMMD,NO,https://doi.org/10.7937/tcia.eqde4b16,D1-1059,1.3.6.1.4.1.14519.5.2.1.1239.1759.150518373509429389948151159926,NA,07-18-2009,NA,NA,MG,Digital Mammography X-Ray Image Storage - For Presentation,1.2.840.10008.5.1.4.1.1.1.2,4,17.57 MB,./CMMD/D1-1059/1.3.6.1.4.1.14519.5.2.1.1239.1759.150518373509429389948151159926/1.3.6.1.4.1.14519.5.2.1.1239.1759.969429386632136182997005422834,2025-12-02T10:57:27.318191501
1.3.6.1.4.1.14519.5.2.1.1239.1759.926633655625080477980139589685,CMMD,NO,https://doi.org/10.7937/tcia.eqde4b16,D1-1061,1.3.6.1.4.1.14519.5.2.1.1239.1759.160300411130777503104969552688,NA,07-18-2011,NA,NA,MG,Digital Mammography X-Ray Image Storage - For Presentation,1.2.840.10008.5.1.4.1.1.1.2,2,8.79 MB,./CMMD/D1-1061/1.3.6.1.4.1.14519.5.2.1.1239.1759.160300411130777503104969552688/1.3.6.1.4.1.14519.5.2.1.1239.1759.926633655625080477980139589685,2025-12-02T10:57:28.37273387
1.3.6.1.4.1.14519.5.2.1.1239.1759.339787007799102530865737412087,CMMD,NO,https://doi.org/10.7937/tcia.eqde4b16,D1-1066,1.3.6.1.4.1.14519.5.2.1.1239.1759.227428006050331723794386013706,NA,07-18-2011,NA,NA,MG,Digital Mammography X-Ray Image Storage - For Presentation,1.2.840.10008.5.1.4.1.1.1.2,2,8.79 MB,./CMMD/D1-1066/1.3.6.1.4.1.14519.5.2.1.1239.1759.227428006050331723794386013706/1.3.6.1.4.1.14519.5.2.1.1239.1759.339787007799102530865737412087,2025-12-02T10:57:31.097019515
1.3.6.1.4.1.14519.5.2.1.1239.1759.398318095879023036285927822330,CMMD,NO,https://doi.org/10.7937/tcia.eqde4b16,D1-1068,1.3.6.1.4.1.14519.5.2.1.1239.1759.194251580223064236726727461751,NA,07-18-2010,NA,NA,MG,Digital Mammography X-Ray Image Storage - For Presentation,1.2.840.10008.5.1.4.1.1.1.2,2,8.79 MB,./CMMD/D1-1068/1.3.6.1.4.1.14519.5.2.1.1239.1759.194251580223064236726727461751/1.3.6.1.4.1.14519.5.2.1.1239.1759.398318095879023036285927822330,2025-12-02T10:57:38.487864768
1.3.6.1.4.1.14519.5.2.1.1239.1759.649145599315941757744254054169,CMMD,NO,https://doi.org/10.7937/tcia.eqde4b16,D1-1069,1.3.6.1.4.1.14519.5.2.1.1239.1759.816106439664423840026987756881,NA,07-18-2011,NA,NA,MG,Digital Mammography X-Ray Image Storage - For Presentation,1.2.840.10008.5.1.4.1.1.1.2,2,8.79 MB,./CMMD/D1-1069/1.3.6.1.4.1.14519.5.2.1.1239.1759.816106439664423840026987756881/1.3.6.1.4.1.14519.5.2.1.1239.1759.649145599315941757744254054169,2025-12-02T10:57:41.17989398
1.3.6.1.4.1.14519.5.2.1.1239.1759.227611838020754169938216159961,CMMD,NO,https://doi.org/10.7937/tcia.eqde4b16,D1-1071,1.3.6.1.4.1.14519.5.2.1.1239.1759.252973845207444879023653207778,NA,07-18-2010,NA,NA,MG,Digital Mammography X-Ray Image Storage - For Presentation,1.2.840.10008.5.1.4.1.1.1.2,2,8.79 MB,./CMMD/D1-1071/1.3.6.1.4.1.14519.5.2.1.1239.1759.252973845207444879023653207778/1.3.6.1.4.1.14519.5.2.1.1239.1759.227611838020754169938216159961,2025-12-02T10:57:44.433969298
1.3.6.1.4.1.14519.5.2.1.1239.1759.226033024488663859335964181623,CMMD,NO,https://doi.org/10.7937/tcia.eqde4b16,D1-1074,1.3.6.1.4.1.14519.5.2.1.1239.1759.524061165248940567073863988538,NA,07-18-2010,NA,NA,MG,Digital Mammography X-Ray Image Storage - For Presentation,1.2.840.10008.5.1.4.1.1.1.2,2,8.79 MB,./CMMD/D1-1074/1.3.6.1.4.1.14519.5.2.1.1239.1759.524061165248940567073863988538/1.3.6.1.4.1.14519.5.2.1.1239.1759.226033024488663859335964181623,2025-12-02T10:57:48.668764056
1.3.6.1.4.1.14519.5.2.1.1239.1759.667561939810098642960866362760,CMMD,NO,https://doi.org/10.7937/tcia.eqde4b16,D1-1076,1.3.6.1.4.1.14519.5.2.1.1239.1759.104002410750283484712561153188,NA,07-18-2010,NA,NA,MG,Digital Mammography X-Ray Image Storage - For Presentation,1.2.840.10008.5.1.4.1.1.1.2,2,8.79 MB,./CMMD/D1-1076/1.3.6.1.4.1.14519.5.2.1.1239.1759.104002410750283484712561153188/1.3.6.1.4.1.14519.5.2.1.1239.1759.667561939810098642960866362760,2025-12-02T10:57:53.45341308
1.3.6.1.4.1.14519.5.2.1.1239.1759.159661151104236342601805683750,CMMD,NO,https://doi.org/10.7937/tcia.eqde4b16,D1-1077,1.3.6.1.4.1.14519.5.2.1.1239.1759.796316359561805453483232249035,NA,07-18-2010,NA,NA,MG,Digital Mammography X-Ray Image Storage - For Presentation,1.2.840.10008.5.1.4.1.1.1.2,2,8.79 MB,./CMMD/D1-1077/1.3.6.1.4.1.14519.5.2.1.1239.1759.796316359561805453483232249035/1.3.6.1.4.1.14519.5.2.1.1239.1759.159661151104236342601805683750,2025-12-02T10:57:56.753440134
1.3.6.1.4.1.14519.5.2.1.1239.1759.276474065406407428733996023919,CMMD,NO,https://doi.org/10.7937/tcia.eqde4b16,D1-1078,1.3.6.1.4.1.14519.5.2.1.1239.1759.334356019425706576492097828098,NA,07-18-2010,NA,NA,MG,Digital Mammography X-Ray Image Storage - For Presentation,1.2.840.10008.5.1.4.1.1.1.2,2,8.79 MB,./CMMD/D1-1078/1.3.6.1.4.1.14519.5.2.1.1239.1759.334356019425706576492097828098/1.3.6.1.4.1.14519.5.2.1.1239.1759.276474065406407428733996023919,2025-12-02T10:58:02.540289197
1.3.6.1.4.1.14519.5.2.1.1239.1759.617288013796484745552842435318,CMMD,NO,https://doi.org/10.7937/tcia.eqde4b16,D1-1079,1.3.6.1.4.1.14519.5.2.1.1239.1759.166188894621781002994355775512,NA,07-18-2010,NA,NA,MG,Digital Mammography X-Ray Image Storage - For Presentation,1.2.840.10008.5.1.4.1.1.1.2,2,8.79 MB,./CMMD/D1-1079/1.3.6.1.4.1.14519.5.2.1.1239.1759.166188894621781002994355775512/1.3.6.1.4.1.14519.5.2.1.1239.1759.617288013796484745552842435318,2025-12-02T10:58:05.768305725
1.3.6.1.4.1.14519.5.2.1.1239.1759.291538293958425700315588982302,CMMD,NO,https://doi.org/10.7937/tcia.eqde4b16,D1-1080,1.3.6.1.4.1.14519.5.2.1.1239.1759.160425546136567336133833153851,NA,07-18-2010,NA,NA,MG,Digital Mammography X-Ray Image Storage - For Presentation,1.2.840.10008.5.1.4.1.1.1.2,2,8.79 MB,./CMMD/D1-1080/1.3.6.1.4.1.14519.5.2.1.1239.1759.160425546136567336133833153851/1.3.6.1.4.1.14519.5.2.1.1239.1759.291538293958425700315588982302,2025-12-02T10:58:06.027481982
1.3.6.1.4.1.14519.5.2.1.1239.1759.303187700863822948106201040417,CMMD,NO,https://doi.org/10.7937/tcia.eqde4b16,D1-1081,1.3.6.1.4.1.14519.5.2.1.1239.1759.161983040572027389179932903647,NA,07-18-2010,NA,NA,MG,Digital Mammography X-Ray Image Storage - For Presentation,1.2.840.10008.5.1.4.1.1.1.2,2,8.79 MB,./CMMD/D1-1081/1.3.6.1.4.1.14519.5.2.1.1239.1759.161983040572027389179932903647/1.3.6.1.4.1.14519.5.2.1.1239.1759.303187700863822948106201040417,2025-12-02T10:58:15.959821466
1.3.6.1.4.1.14519.5.2.1.1239.1759.254880573461871043316467439324,CMMD,NO,https://doi.org/10.7937/tcia.eqde4b16,D1-1082,1.3.6.1.4.1.14519.5.2.1.1239.1759.150066285044623650152353706824,NA,07-18-2010,NA,NA,MG,Digital Mammography X-Ray Image Storage - For Presentation,1.2.840.10008.5.1.4.1.1.1.2,2,8.79 MB,./CMMD/D1-1082/1.3.6.1.4.1.14519.5.2.1.1239.1759.150066285044623650152353706824/1.3.6.1.4.1.14519.5.2.1.1239.1759.254880573461871043316467439324,2025-12-02T10:58:17.869294147
1.3.6.1.4.1.14519.5.2.1.1239.1759.193248907849993580657624867613,CMMD,NO,https://doi.org/10.7937/tcia.eqde4b16,D1-1087,1.3.6.1.4.1.14519.5.2.1.1239.1759.372519282224813894203311162546,NA,07-18-2010,NA,NA,MG,Digital Mammography X-Ray Image Storage - For Presentation,1.2.840.10008.5.1.4.1.1.1.2,2,8.79 MB,./CMMD/D1-1087/1.3.6.1.4.1.14519.5.2.1.1239.1759.372519282224813894203311162546/1.3.6.1.4.1.14519.5.2.1.1239.1759.193248907849993580657624867613,2025-12-02T10:58:18.406279031
1.3.6.1.4.1.14519.5.2.1.1239.1759.105352456786911931561699025567,CMMD,NO,https://doi.org/10.7937/tcia.eqde4b16,D1-1094,1.3.6.1.4.1.14519.5.2.1.1239.1759.151647924994735569586071659437,NA,07-18-2010,NA,NA,MG,Digital Mammography X-Ray Image Storage - For Presentation,1.2.840.10008.5.1.4.1.1.1.2,2,8.79 MB,./CMMD/D1-1094/1.3.6.1.4.1.14519.5.2.1.1239.1759.151647924994735569586071659437/1.3.6.1.4.1.14519.5.2.1.1239.1759.105352456786911931561699025567,2025-12-02T10:58:23.42183425
1.3.6.1.4.1.14519.5.2.1.1239.1759.112521112854039606485854758426,CMMD,NO,https://doi.org/10.7937/tcia.eqde4b16,D1-1095,1.3.6.1.4.1.14519.5.2.1.1239.1759.294617964093539098126840296738,NA,07-18-2010,NA,NA,MG,Digital Mammography X-Ray Image Storage - For Presentation,1.2.840.10008.5.1.4.1.1.1.2,2,8.79 MB,./CMMD/D1-1095/1.3.6.1.4.1.14519.5.2.1.1239.1759.294617964093539098126840296738/1.3.6.1.4.1.14519.5.2.1.1239.1759.112521112854039606485854758426,2025-12-02T10:58:30.05350475
1.3.6.1.4.1.14519.5.2.1.1239.1759.169246452465500814511798167599,CMMD,NO,https://doi.org/10.7937/tcia.eqde4b16,D1-1098,1.3.6.1.4.1.14519.5.2.1.1239.1759.110654764584611911658793876198,NA,07-18-2010,NA,NA,MG,Digital Mammography X-Ray Image Storage - For Presentation,1.2.840.10008.5.1.4.1.1.1.2,2,8.79 MB,./CMMD/D1-1098/1.3.6.1.4.1.14519.5.2.1.1239.1759.110654764584611911658793876198/1.3.6.1.4.1.14519.5.2.1.1239.1759.169246452465500814511798167599,2025-12-02T10:58:33.053480554
1.3.6.1.4.1.14519.5.2.1.1239.1759.125241700751502939299822720686,CMMD,NO,https://doi.org/10.7937/tcia.eqde4b16,D1-1100,1.3.6.1.4.1.14519.5.2.1.1239.1759.307326455570041002308619379080,NA,07-18-2010,NA,NA,MG,Digital Mammography X-Ray Image Storage - For Presentation,1.2.840.10008.5.1.4.1.1.1.2,2,8.79 MB,./CMMD/D1-1100/1.3.6.1.4.1.14519.5.2.1.1239.1759.307326455570041002308619379080/1.3.6.1.4.1.14519.5.2.1.1239.1759.125241700751502939299822720686,2025-12-02T10:58:37.26982089
1.3.6.1.4.1.14519.5.2.1.1239.1759.867649005895621554253879713549,CMMD,NO,https://doi.org/10.7937/tcia.eqde4b16,D1-1101,1.3.6.1.4.1.14519.5.2.1.1239.1759.276784255909006841935028333711,NA,07-18-2010,NA,NA,MG,Digital Mammography X-Ray Image Storage - For Presentation,1.2.840.10008.5.1.4.1.1.1.2,2,8.79 MB,./CMMD/D1-1101/1.3.6.1.4.1.14519.5.2.1.1239.1759.276784255909006841935028333711/1.3.6.1.4.1.14519.5.2.1.1239.1759.867649005895621554253879713549,2025-12-02T10:58:42.55777893
1.3.6.1.4.1.14519.5.2.1.1239.1759.282595001104054351960486707333,CMMD,NO,https://doi.org/10.7937/tcia.eqde4b16,D1-1106,1.3.6.1.4.1.14519.5.2.1.1239.1759.196591843763732503703933788111,NA,07-18-2010,NA,NA,MG,Digital Mammography X-Ray Image Storage - For Presentation,1.2.840.10008.5.1.4.1.1.1.2,2,8.79 MB,./CMMD/D1-1106/1.3.6.1.4.1.14519.5.2.1.1239.1759.196591843763732503703933788111/1.3.6.1.4.1.14519.5.2.1.1239.1759.282595001104054351960486707333,2025-12-02T10:58:44.335738633
1.3.6.1.4.1.14519.5.2.1.1239.1759.107636230920587413807129934202,CMMD,NO,https://doi.org/10.7937/tcia.eqde4b16,D1-1107,1.3.6.1.4.1.14519.5.2.1.1239.1759.114139743562749926521631437239,NA,07-18-2010,NA,NA,MG,Digital Mammography X-Ray Image Storage - For Presentation,1.2.840.10008.5.1.4.1.1.1.2,2,8.79 MB,./CMMD/D1-1107/1.3.6.1.4.1.14519.5.2.1.1239.1759.114139743562749926521631437239/1.3.6.1.4.1.14519.5.2.1.1239.1759.107636230920587413807129934202,2025-12-02T10:58:46.715074872
1.3.6.1.4.1.14519.5.2.1.1239.1759.198861994158329362675064602089,CMMD,NO,https://doi.org/10.7937/tcia.eqde4b16,D1-1111,1.3.6.1.4.1.14519.5.2.1.1239.1759.824923912467442945031120230333,NA,07-18-2010,NA,NA,MG,Digital Mammography X-Ray Image Storage - For Presentation,1.2.840.10008.5.1.4.1.1.1.2,2,8.79 MB,./CMMD/D1-1111/1.3.6.1.4.1.14519.5.2.1.1239.1759.824923912467442945031120230333/1.3.6.1.4.1.14519.5.2.1.1239.1759.198861994158329362675064602089,2025-12-02T10:58:53.946862176
1.3.6.1.4.1.14519.5.2.1.1239.1759.246685051132398700403723967626,CMMD,NO,https://doi.org/10.7937/tcia.eqde4b16,D1-1115,1.3.6.1.4.1.14519.5.2.1.1239.1759.302696095097084746868763577212,NA,07-18-2010,NA,NA,MG,Digital Mammography X-Ray Image Storage - For Presentation,1.2.840.10008.5.1.4.1.1.1.2,2,8.79 MB,./CMMD/D1-1115/1.3.6.1.4.1.14519.5.2.1.1239.1759.302696095097084746868763577212/1.3.6.1.4.1.14519.5.2.1.1239.1759.246685051132398700403723967626,2025-12-02T10:58:58.400601081
1.3.6.1.4.1.14519.5.2.1.1239.1759.337145731210345496886556663772,CMMD,NO,https://doi.org/10.7937/tcia.eqde4b16,D1-1118,1.3.6.1.4.1.14519.5.2.1.1239.1759.232699646351201799750929439190,NA,07-18-2010,NA,NA,MG,Digital Mammography X-Ray Image Storage - For Presentation,1.2.840.10008.5.1.4.1.1.1.2,2,8.79 MB,./CMMD/D1-1118/1.3.6.1.4.1.14519.5.2.1.1239.1759.232699646351201799750929439190/1.3.6.1.4.1.14519.5.2.1.1239.1759.337145731210345496886556663772,2025-12-02T10:59:00.555581957
1.3.6.1.4.1.14519.5.2.1.1239.1759.297968041056435453846980664558,CMMD,NO,https://doi.org/10.7937/tcia.eqde4b16,D1-1124,1.3.6.1.4.1.14519.5.2.1.1239.1759.520507237580193363409026094601,NA,07-18-2010,NA,NA,MG,Digital Mammography X-Ray Image Storage - For Presentation,1.2.840.10008.5.1.4.1.1.1.2,2,8.79 MB,./CMMD/D1-1124/1.3.6.1.4.1.14519.5.2.1.1239.1759.520507237580193363409026094601/1.3.6.1.4.1.14519.5.2.1.1239.1759.297968041056435453846980664558,2025-12-02T10:59:06.145334228
1.3.6.1.4.1.14519.5.2.1.1239.1759.219950138318828420256953037543,CMMD,NO,https://doi.org/10.7937/tcia.eqde4b16,D1-1120,1.3.6.1.4.1.14519.5.2.1.1239.1759.290152793662698191075586785117,NA,07-18-2010,NA,NA,MG,Digital Mammography X-Ray Image Storage - For Presentation,1.2.840.10008.5.1.4.1.1.1.2,2,8.79 MB,./CMMD/D1-1120/1.3.6.1.4.1.14519.5.2.1.1239.1759.290152793662698191075586785117/1.3.6.1.4.1.14519.5.2.1.1239.1759.219950138318828420256953037543,2025-12-02T10:59:08.910235063
1.3.6.1.4.1.14519.5.2.1.1239.1759.195702914481130094986190086824,CMMD,NO,https://doi.org/10.7937/tcia.eqde4b16,D1-1125,1.3.6.1.4.1.14519.5.2.1.1239.1759.165322604096718335621417692662,NA,07-18-2010,NA,NA,MG,Digital Mammography X-Ray Image Storage - For Presentation,1.2.840.10008.5.1.4.1.1.1.2,2,8.79 MB,./CMMD/D1-1125/1.3.6.1.4.1.14519.5.2.1.1239.1759.165322604096718335621417692662/1.3.6.1.4.1.14519.5.2.1.1239.1759.195702914481130094986190086824,2025-12-02T10:59:09.824975164
1.3.6.1.4.1.14519.5.2.1.1239.1759.233134718616905278726678131480,CMMD,NO,https://doi.org/10.7937/tcia.eqde4b16,D1-1129,1.3.6.1.4.1.14519.5.2.1.1239.1759.126218702575192890415627032408,NA,07-18-2010,NA,NA,MG,Digital Mammography X-Ray Image Storage - For Presentation,1.2.840.10008.5.1.4.1.1.1.2,2,8.79 MB,./CMMD/D1-1129/1.3.6.1.4.1.14519.5.2.1.1239.1759.126218702575192890415627032408/1.3.6.1.4.1.14519.5.2.1.1239.1759.233134718616905278726678131480,2025-12-02T10:59:17.92828766
1.3.6.1.4.1.14519.5.2.1.1239.1759.190014625297882416799591180548,CMMD,NO,https://doi.org/10.7937/tcia.eqde4b16,D1-1126,1.3.6.1.4.1.14519.5.2.1.1239.1759.235169848344762672388342904327,NA,07-18-2010,NA,NA,MG,Digital Mammography X-Ray Image Storage - For Presentation,1.2.840.10008.5.1.4.1.1.1.2,2,8.79 MB,./CMMD/D1-1126/1.3.6.1.4.1.14519.5.2.1.1239.1759.235169848344762672388342904327/1.3.6.1.4.1.14519.5.2.1.1239.1759.190014625297882416799591180548,2025-12-02T10:59:18.589354511
1.3.6.1.4.1.14519.5.2.1.1239.1759.270052430773140233347894541719,CMMD,NO,https://doi.org/10.7937/tcia.eqde4b16,D1-1133,1.3.6.1.4.1.14519.5.2.1.1239.1759.103408287468706059803684260821,NA,07-18-2010,NA,NA,MG,Digital Mammography X-Ray Image Storage - For Presentation,1.2.840.10008.5.1.4.1.1.1.2,2,8.79 MB,./CMMD/D1-1133/1.3.6.1.4.1.14519.5.2.1.1239.1759.103408287468706059803684260821/1.3.6.1.4.1.14519.5.2.1.1239.1759.270052430773140233347894541719,2025-12-02T10:59:19.293822431
1.3.6.1.4.1.14519.5.2.1.1239.1759.102689168249052108967407531949,CMMD,NO,https://doi.org/10.7937/tcia.eqde4b16,D1-1135,1.3.6.1.4.1.14519.5.2.1.1239.1759.812388385510120041261684830633,NA,07-18-2010,NA,NA,MG,Digital Mammography X-Ray Image Storage - For Presentation,1.2.840.10008.5.1.4.1.1.1.2,2,8.79 MB,./CMMD/D1-1135/1.3.6.1.4.1.14519.5.2.1.1239.1759.812388385510120041261684830633/1.3.6.1.4.1.14519.5.2.1.1239.1759.102689168249052108967407531949,2025-12-02T10:59:30.035982693
1.3.6.1.4.1.14519.5.2.1.1239.1759.247639502767488348755485803131,CMMD,NO,https://doi.org/10.7937/tcia.eqde4b16,D1-1139,1.3.6.1.4.1.14519.5.2.1.1239.1759.327269992971471602993170738237,NA,07-18-2010,NA,NA,MG,Digital Mammography X-Ray Image Storage - For Presentation,1.2.840.10008.5.1.4.1.1.1.2,2,8.79 MB,./CMMD/D1-1139/1.3.6.1.4.1.14519.5.2.1.1239.1759.327269992971471602993170738237/1.3.6.1.4.1.14519.5.2.1.1239.1759.247639502767488348755485803131,2025-12-02T10:59:31.576165883
1.3.6.1.4.1.14519.5.2.1.1239.1759.336466311728828389111562675969,CMMD,NO,https://doi.org/10.7937/tcia.eqde4b16,D1-1138,1.3.6.1.4.1.14519.5.2.1.1239.1759.201513712482433349602039587273,NA,07-18-2010,NA,NA,MG,Digital Mammography X-Ray Image Storage - For Presentation,1.2.840.10008.5.1.4.1.1.1.2,2,8.79 MB,./CMMD/D1-1138/1.3.6.1.4.1.14519.5.2.1.1239.1759.201513712482433349602039587273/1.3.6.1.4.1.14519.5.2.1.1239.1759.336466311728828389111562675969,2025-12-02T10:59:33.99004015
1.3.6.1.4.1.14519.5.2.1.1239.1759.161496772483070964454255088521,CMMD,NO,https://doi.org/10.7937/tcia.eqde4b16,D1-1140,1.3.6.1.4.1.14519.5.2.1.1239.1759.335253010359029233591315152856,NA,07-18-2010,NA,NA,MG,Digital Mammography X-Ray Image Storage - For Presentation,1.2.840.10008.5.1.4.1.1.1.2,2,8.79 MB,./CMMD/D1-1140/1.3.6.1.4.1.14519.5.2.1.1239.1759.335253010359029233591315152856/1.3.6.1.4.1.14519.5.2.1.1239.1759.161496772483070964454255088521,2025-12-02T10:59:39.766646116
1.3.6.1.4.1.14519.5.2.1.1239.1759.267696461387450775510628303699,CMMD,NO,https://doi.org/10.7937/tcia.eqde4b16,D1-1149,1.3.6.1.4.1.14519.5.2.1.1239.1759.297958000864951498618123615596,NA,07-18-2010,NA,NA,MG,Digital Mammography X-Ray Image Storage - For Presentation,1.2.840.10008.5.1.4.1.1.1.2,2,8.79 MB,./CMMD/D1-1149/1.3.6.1.4.1.14519.5.2.1.1239.1759.297958000864951498618123615596/1.3.6.1.4.1.14519.5.2.1.1239.1759.267696461387450775510628303699,2025-12-02T10:59:44.598898147
1.3.6.1.4.1.14519.5.2.1.1239.1759.260747180261902629370177760859,CMMD,NO,https://doi.org/10.7937/tcia.eqde4b16,D1-1150,1.3.6.1.4.1.14519.5.2.1.1239.1759.972346858577123155694912775448,NA,07-18-2010,NA,NA,MG,Digital Mammography X-Ray Image Storage - For Presentation,1.2.840.10008.5.1.4.1.1.1.2,2,8.79 MB,./CMMD/D1-1150/1.3.6.1.4.1.14519.5.2.1.1239.1759.972346858577123155694912775448/1.3.6.1.4.1.14519.5.2.1.1239.1759.260747180261902629370177760859,2025-12-02T10:59:46.579115308
1.3.6.1.4.1.14519.5.2.1.1239.1759.127524404333069620548547322739,CMMD,NO,https://doi.org/10.7937/tcia.eqde4b16,D1-1151,1.3.6.1.4.1.14519.5.2.1.1239.1759.806894839019475649067426760244,NA,07-18-2010,NA,NA,MG,Digital Mammography X-Ray Image Storage - For Presentation,1.2.840.10008.5.1.4.1.1.1.2,2,8.79 MB,./CMMD/D1-1151/1.3.6.1.4.1.14519.5.2.1.1239.1759.806894839019475649067426760244/1.3.6.1.4.1.14519.5.2.1.1239.1759.127524404333069620548547322739,2025-12-02T10:59:53.620260305
1.3.6.1.4.1.14519.5.2.1.1239.1759.159595833606608792911007203168,CMMD,NO,https://doi.org/10.7937/tcia.eqde4b16,D1-1154,1.3.6.1.4.1.14519.5.2.1.1239.1759.284210459123211935123116676660,NA,07-18-2010,NA,NA,MG,Digital Mammography X-Ray Image Storage - For Presentation,1.2.840.10008.5.1.4.1.1.1.2,2,8.79 MB,./CMMD/D1-1154/1.3.6.1.4.1.14519.5.2.1.1239.1759.284210459123211935123116676660/1.3.6.1.4.1.14519.5.2.1.1239.1759.159595833606608792911007203168,2025-12-02T10:59:53.791299914
1.3.6.1.4.1.14519.5.2.1.1239.1759.141139757931346621881669997331,CMMD,NO,https://doi.org/10.7937/tcia.eqde4b16,D1-1155,1.3.6.1.4.1.14519.5.2.1.1239.1759.954625030180155123357763500262,NA,07-18-2010,NA,NA,MG,Digital Mammography X-Ray Image Storage - For Presentation,1.2.840.10008.5.1.4.1.1.1.2,2,8.79 MB,./CMMD/D1-1155/1.3.6.1.4.1.14519.5.2.1.1239.1759.954625030180155123357763500262/1.3.6.1.4.1.14519.5.2.1.1239.1759.141139757931346621881669997331,2025-12-02T10:59:58.714861704
1.3.6.1.4.1.14519.5.2.1.1239.1759.115969949869666838483211402843,CMMD,NO,https://doi.org/10.7937/tcia.eqde4b16,D1-1156,1.3.6.1.4.1.14519.5.2.1.1239.1759.109407310464385885001344988063,NA,07-18-2010,NA,NA,MG,Digital Mammography X-Ray Image Storage - For Presentation,1.2.840.10008.5.1.4.1.1.1.2,2,8.79 MB,./CMMD/D1-1156/1.3.6.1.4.1.14519.5.2.1.1239.1759.109407310464385885001344988063/1.3.6.1.4.1.14519.5.2.1.1239.1759.115969949869666838483211402843,2025-12-02T11:00:05.891910115
1.3.6.1.4.1.14519.5.2.1.1239.1759.331324917694397481330183544690,CMMD,NO,https://doi.org/10.7937/tcia.eqde4b16,D1-1163,1.3.6.1.4.1.14519.5.2.1.1239.1759.636787591659344311877533779198,NA,07-18-2011,NA,NA,MG,Digital Mammography X-Ray Image Storage - For Presentation,1.2.840.10008.5.1.4.1.1.1.2,2,8.79 MB,./CMMD/D1-1163/1.3.6.1.4.1.14519.5.2.1.1239.1759.636787591659344311877533779198/1.3.6.1.4.1.14519.5.2.1.1239.1759.331324917694397481330183544690,2025-12-02T11:00:06.163210827
1.3.6.1.4.1.14519.5.2.1.1239.1759.126612964505908651302970381492,CMMD,NO,https://doi.org/10.7937/tcia.eqde4b16,D1-1166,1.3.6.1.4.1.14519.5.2.1.1239.1759.158628207011366724094212559542,NA,07-18-2010,NA,NA,MG,Digital Mammography X-Ray Image Storage - For Presentation,1.2.840.10008.5.1.4.1.1.1.2,2,8.79 MB,./CMMD/D1-1166/1.3.6.1.4.1.14519.5.2.1.1239.1759.158628207011366724094212559542/1.3.6.1.4.1.14519.5.2.1.1239.1759.126612964505908651302970381492,2025-12-02T11:00:10.557891175
1.3.6.1.4.1.14519.5.2.1.1239.1759.621102771344016688552673056442,CMMD,NO,https://doi.org/10.7937/tcia.eqde4b16,D1-1167,1.3.6.1.4.1.14519.5.2.1.1239.1759.167994000436282842830161489049,NA,07-18-2010,NA,NA,MG,Digital Mammography X-Ray Image Storage - For Presentation,1.2.840.10008.5.1.4.1.1.1.2,2,8.79 MB,./CMMD/D1-1167/1.3.6.1.4.1.14519.5.2.1.1239.1759.167994000436282842830161489049/1.3.6.1.4.1.14519.5.2.1.1239.1759.621102771344016688552673056442,2025-12-02T11:00:16.228050098
1.3.6.1.4.1.14519.5.2.1.1239.1759.123273469264296867370514834154,CMMD,NO,https://doi.org/10.7937/tcia.eqde4b16,D1-1168,1.3.6.1.4.1.14519.5.2.1.1239.1759.156326351394297592393908190207,NA,07-18-2010,NA,NA,MG,Digital Mammography X-Ray Image Storage - For Presentation,1.2.840.10008.5.1.4.1.1.1.2,2,8.79 MB,./CMMD/D1-1168/1.3.6.1.4.1.14519.5.2.1.1239.1759.156326351394297592393908190207/1.3.6.1.4.1.14519.5.2.1.1239.1759.123273469264296867370514834154,2025-12-02T11:00:20.636564244
1.3.6.1.4.1.14519.5.2.1.1239.1759.153641487019324689312359979396,CMMD,NO,https://doi.org/10.7937/tcia.eqde4b16,D1-1170,1.3.6.1.4.1.14519.5.2.1.1239.1759.450059277321648752387471374339,NA,07-18-2010,NA,NA,MG,Digital Mammography X-Ray Image Storage - For Presentation,1.2.840.10008.5.1.4.1.1.1.2,2,8.79 MB,./CMMD/D1-1170/1.3.6.1.4.1.14519.5.2.1.1239.1759.450059277321648752387471374339/1.3.6.1.4.1.14519.5.2.1.1239.1759.153641487019324689312359979396,2025-12-02T11:00:25.505307552
1.3.6.1.4.1.14519.5.2.1.1239.1759.153022124593596098053153045738,CMMD,NO,https://doi.org/10.7937/tcia.eqde4b16,D1-1169,1.3.6.1.4.1.14519.5.2.1.1239.1759.684741723498436818823979647410,NA,07-18-2010,NA,NA,MG,Digital Mammography X-Ray Image Storage - For Presentation,1.2.840.10008.5.1.4.1.1.1.2,2,8.79 MB,./CMMD/D1-1169/1.3.6.1.4.1.14519.5.2.1.1239.1759.684741723498436818823979647410/1.3.6.1.4.1.14519.5.2.1.1239.1759.153022124593596098053153045738,2025-12-02T11:00:27.907305642
1.3.6.1.4.1.14519.5.2.1.1239.1759.118307839322258594407522421409,CMMD,NO,https://doi.org/10.7937/tcia.eqde4b16,D1-1173,1.3.6.1.4.1.14519.5.2.1.1239.1759.219615421725389240061649360516,NA,07-18-2010,NA,NA,MG,Digital Mammography X-Ray Image Storage - For Presentation,1.2.840.10008.5.1.4.1.1.1.2,2,8.79 MB,./CMMD/D1-1173/1.3.6.1.4.1.14519.5.2.1.1239.1759.219615421725389240061649360516/1.3.6.1.4.1.14519.5.2.1.1239.1759.118307839322258594407522421409,2025-12-02T11:00:32.387323485
1.3.6.1.4.1.14519.5.2.1.1239.1759.217897339154953897303883808915,CMMD,NO,https://doi.org/10.7937/tcia.eqde4b16,D1-1174,1.3.6.1.4.1.14519.5.2.1.1239.1759.306545555318099721508254942907,NA,07-18-2010,NA,NA,MG,Digital Mammography X-Ray Image Storage - For Presentation,1.2.840.10008.5.1.4.1.1.1.2,2,8.79 MB,./CMMD/D1-1174/1.3.6.1.4.1.14519.5.2.1.1239.1759.306545555318099721508254942907/1.3.6.1.4.1.14519.5.2.1.1239.1759.217897339154953897303883808915,2025-12-02T11:00:38.016954965
1.3.6.1.4.1.14519.5.2.1.1239.1759.124487717844191021091683475121,CMMD,NO,https://doi.org/10.7937/tcia.eqde4b16,D1-1178,1.3.6.1.4.1.14519.5.2.1.1239.1759.155273203880898013580164011127,NA,07-18-2010,NA,NA,MG,Digital Mammography X-Ray Image Storage - For Presentation,1.2.840.10008.5.1.4.1.1.1.2,2,8.79 MB,./CMMD/D1-1178/1.3.6.1.4.1.14519.5.2.1.1239.1759.155273203880898013580164011127/1.3.6.1.4.1.14519.5.2.1.1239.1759.124487717844191021091683475121,2025-12-02T11:00:39.987866912
1.3.6.1.4.1.14519.5.2.1.1239.1759.114183855962332649998908323725,CMMD,NO,https://doi.org/10.7937/tcia.eqde4b16,D1-1180,1.3.6.1.4.1.14519.5.2.1.1239.1759.102085288898597819142679857022,NA,07-18-2010,NA,NA,MG,Digital Mammography X-Ray Image Storage - For Presentation,1.2.840.10008.5.1.4.1.1.1.2,2,8.79 MB,./CMMD/D1-1180/1.3.6.1.4.1.14519.5.2.1.1239.1759.102085288898597819142679857022/1.3.6.1.4.1.14519.5.2.1.1239.1759.114183855962332649998908323725,2025-12-02T11:00:44.432764059
1.3.6.1.4.1.14519.5.2.1.1239.1759.275630161344676916886949565450,CMMD,NO,https://doi.org/10.7937/tcia.eqde4b16,D1-1181,1.3.6.1.4.1.14519.5.2.1.1239.1759.267921346272119832553116592621,NA,07-18-2010,NA,NA,MG,Digital Mammography X-Ray Image Storage - For Presentation,1.2.840.10008.5.1.4.1.1.1.2,2,8.79 MB,./CMMD/D1-1181/1.3.6.1.4.1.14519.5.2.1.1239.1759.267921346272119832553116592621/1.3.6.1.4.1.14519.5.2.1.1239.1759.275630161344676916886949565450,2025-12-02T11:00:49.0962471
1.3.6.1.4.1.14519.5.2.1.1239.1759.165212254923775448635844298994,CMMD,NO,https://doi.org/10.7937/tcia.eqde4b16,D1-1183,1.3.6.1.4.1.14519.5.2.1.1239.1759.381484435789462537314130156257,NA,07-18-2010,NA,NA,MG,Digital Mammography X-Ray Image Storage - For Presentation,1.2.840.10008.5.1.4.1.1.1.2,2,8.79 MB,./CMMD/D1-1183/1.3.6.1.4.1.14519.5.2.1.1239.1759.381484435789462537314130156257/1.3.6.1.4.1.14519.5.2.1.1239.1759.165212254923775448635844298994,2025-12-02T11:00:53.417944814
1.3.6.1.4.1.14519.5.2.1.1239.1759.325635415150270038474804316962,CMMD,NO,https://doi.org/10.7937/tcia.eqde4b16,D1-1184,1.3.6.1.4.1.14519.5.2.1.1239.1759.206480508065971429496117699221,NA,07-18-2010,NA,NA,MG,Digital Mammography X-Ray Image Storage - For Presentation,1.2.840.10008.5.1.4.1.1.1.2,2,8.79 MB,./CMMD/D1-1184/1.3.6.1.4.1.14519.5.2.1.1239.1759.206480508065971429496117699221/1.3.6.1.4.1.14519.5.2.1.1239.1759.325635415150270038474804316962,2025-12-02T11:00:57.418252643
1.3.6.1.4.1.14519.5.2.1.1239.1759.193092831538824042446964249214,CMMD,NO,https://doi.org/10.7937/tcia.eqde4b16,D1-1185,1.3.6.1.4.1.14519.5.2.1.1239.1759.119697369525436391763900303449,NA,07-18-2010,NA,NA,MG,Digital Mammography X-Ray Image Storage - For Presentation,1.2.840.10008.5.1.4.1.1.1.2,2,8.79 MB,./CMMD/D1-1185/1.3.6.1.4.1.14519.5.2.1.1239.1759.119697369525436391763900303449/1.3.6.1.4.1.14519.5.2.1.1239.1759.193092831538824042446964249214,2025-12-02T11:01:01.339402544
1.3.6.1.4.1.14519.5.2.1.1239.1759.306718899016422497700933652501,CMMD,NO,https://doi.org/10.7937/tcia.eqde4b16,D1-1187,1.3.6.1.4.1.14519.5.2.1.1239.1759.235430992222130978964561950861,NA,07-18-2010,NA,NA,MG,Digital Mammography X-Ray Image Storage - For Presentation,1.2.840.10008.5.1.4.1.1.1.2,2,8.79 MB,./CMMD/D1-1187/1.3.6.1.4.1.14519.5.2.1.1239.1759.235430992222130978964561950861/1.3.6.1.4.1.14519.5.2.1.1239.1759.306718899016422497700933652501,2025-12-02T11:01:05.733194681
1.3.6.1.4.1.14519.5.2.1.1239.1759.411087814780234446106008729532,CMMD,NO,https://doi.org/10.7937/tcia.eqde4b16,D1-1189,1.3.6.1.4.1.14519.5.2.1.1239.1759.307752180941416547719412502636,NA,07-18-2010,NA,NA,MG,Digital Mammography X-Ray Image Storage - For Presentation,1.2.840.10008.5.1.4.1.1.1.2,2,8.79 MB,./CMMD/D1-1189/1.3.6.1.4.1.14519.5.2.1.1239.1759.307752180941416547719412502636/1.3.6.1.4.1.14519.5.2.1.1239.1759.411087814780234446106008729532,2025-12-02T11:01:06.711925521
1.3.6.1.4.1.14519.5.2.1.1239.1759.307666930158266043374865012212,CMMD,NO,https://doi.org/10.7937/tcia.eqde4b16,D1-1192,1.3.6.1.4.1.14519.5.2.1.1239.1759.312880685103718744629255049568,NA,07-18-2010,NA,NA,MG,Digital Mammography X-Ray Image Storage - For Presentation,1.2.840.10008.5.1.4.1.1.1.2,2,8.79 MB,./CMMD/D1-1192/1.3.6.1.4.1.14519.5.2.1.1239.1759.312880685103718744629255049568/1.3.6.1.4.1.14519.5.2.1.1239.1759.307666930158266043374865012212,2025-12-02T11:01:15.724626885
1.3.6.1.4.1.14519.5.2.1.1239.1759.123310191269041054056800952162,CMMD,NO,https://doi.org/10.7937/tcia.eqde4b16,D1-1196,1.3.6.1.4.1.14519.5.2.1.1239.1759.218236816004266739257580709707,NA,07-18-2010,NA,NA,MG,Digital Mammography X-Ray Image Storage - For Presentation,1.2.840.10008.5.1.4.1.1.1.2,2,8.79 MB,./CMMD/D1-1196/1.3.6.1.4.1.14519.5.2.1.1239.1759.218236816004266739257580709707/1.3.6.1.4.1.14519.5.2.1.1239.1759.123310191269041054056800952162,2025-12-02T11:01:21.798219293
1.3.6.1.4.1.14519.5.2.1.1239.1759.608385342636933212358390033995,CMMD,NO,https://doi.org/10.7937/tcia.eqde4b16,D1-1193,1.3.6.1.4.1.14519.5.2.1.1239.1759.225357770304474709672589607557,NA,07-18-2010,NA,NA,MG,Digital Mammography X-Ray Image Storage - For Presentation,1.2.840.10008.5.1.4.1.1.1.2,2,8.79 MB,./CMMD/D1-1193/1.3.6.1.4.1.14519.5.2.1.1239.1759.225357770304474709672589607557/1.3.6.1.4.1.14519.5.2.1.1239.1759.608385342636933212358390033995,2025-12-02T11:01:21.864886913
1.3.6.1.4.1.14519.5.2.1.1239.1759.633489201061415237560213294209,CMMD,NO,https://doi.org/10.7937/tcia.eqde4b16,D1-1197,1.3.6.1.4.1.14519.5.2.1.1239.1759.282156955678299368224885318892,NA,07-18-2010,NA,NA,MG,Digital Mammography X-Ray Image Storage - For Presentation,1.2.840.10008.5.1.4.1.1.1.2,2,8.79 MB,./CMMD/D1-1197/1.3.6.1.4.1.14519.5.2.1.1239.1759.282156955678299368224885318892/1.3.6.1.4.1.14519.5.2.1.1239.1759.633489201061415237560213294209,2025-12-02T11:01:26.014789747
1.3.6.1.4.1.14519.5.2.1.1239.1759.310326829675170348357195914544,CMMD,NO,https://doi.org/10.7937/tcia.eqde4b16,D1-1199,1.3.6.1.4.1.14519.5.2.1.1239.1759.137396562374366680509129877346,NA,07-18-2010,NA,NA,MG,Digital Mammography X-Ray Image Storage - For Presentation,1.2.840.10008.5.1.4.1.1.1.2,2,8.79 MB,./CMMD/D1-1199/1.3.6.1.4.1.14519.5.2.1.1239.1759.137396562374366680509129877346/1.3.6.1.4.1.14519.5.2.1.1239.1759.310326829675170348357195914544,2025-12-02T11:01:31.070127218
1.3.6.1.4.1.14519.5.2.1.1239.1759.110460721588404723397438098381,CMMD,NO,https://doi.org/10.7937/tcia.eqde4b16,D1-1200,1.3.6.1.4.1.14519.5.2.1.1239.1759.329609982969754912545456705772,NA,07-18-2010,NA,NA,MG,Digital Mammography X-Ray Image Storage - For Presentation,1.2.840.10008.5.1.4.1.1.1.2,2,8.79 MB,./CMMD/D1-1200/1.3.6.1.4.1.14519.5.2.1.1239.1759.329609982969754912545456705772/1.3.6.1.4.1.14519.5.2.1.1239.1759.110460721588404723397438098381,2025-12-02T11:01:34.389182722
1.3.6.1.4.1.14519.5.2.1.1239.1759.781408492620607537563657857723,CMMD,NO,https://doi.org/10.7937/tcia.eqde4b16,D1-1201,1.3.6.1.4.1.14519.5.2.1.1239.1759.455743756027870637592103484957,NA,07-18-2011,NA,NA,MG,Digital Mammography X-Ray Image Storage - For Presentation,1.2.840.10008.5.1.4.1.1.1.2,2,8.79 MB,./CMMD/D1-1201/1.3.6.1.4.1.14519.5.2.1.1239.1759.455743756027870637592103484957/1.3.6.1.4.1.14519.5.2.1.1239.1759.781408492620607537563657857723,2025-12-02T11:01:38.559537081
1.3.6.1.4.1.14519.5.2.1.1239.1759.146310154690911382037416882101,CMMD,NO,https://doi.org/10.7937/tcia.eqde4b16,D1-1203,1.3.6.1.4.1.14519.5.2.1.1239.1759.313046796221399568259383455354,NA,07-18-2010,NA,NA,MG,Digital Mammography X-Ray Image Storage - For Presentation,1.2.840.10008.5.1.4.1.1.1.2,2,8.79 MB,./CMMD/D1-1203/1.3.6.1.4.1.14519.5.2.1.1239.1759.313046796221399568259383455354/1.3.6.1.4.1.14519.5.2.1.1239.1759.146310154690911382037416882101,2025-12-02T11:01:43.351573464
1.3.6.1.4.1.14519.5.2.1.1239.1759.225193948266589721987900290564,CMMD,NO,https://doi.org/10.7937/tcia.eqde4b16,D1-1205,1.3.6.1.4.1.14519.5.2.1.1239.1759.241543857750301829082006935938,NA,07-18-2010,NA,NA,MG,Digital Mammography X-Ray Image Storage - For Presentation,1.2.840.10008.5.1.4.1.1.1.2,2,8.79 MB,./CMMD/D1-1205/1.3.6.1.4.1.14519.5.2.1.1239.1759.241543857750301829082006935938/1.3.6.1.4.1.14519.5.2.1.1239.1759.225193948266589721987900290564,2025-12-02T11:01:46.659693191
1.3.6.1.4.1.14519.5.2.1.1239.1759.157197184760535036107294261684,CMMD,NO,https://doi.org/10.7937/tcia.eqde4b16,D1-1206,1.3.6.1.4.1.14519.5.2.1.1239.1759.134823361755803470625687613334,NA,07-18-2010,NA,NA,MG,Digital Mammography X-Ray Image Storage - For Presentation,1.2.840.10008.5.1.4.1.1.1.2,2,8.79 MB,./CMMD/D1-1206/1.3.6.1.4.1.14519.5.2.1.1239.1759.134823361755803470625687613334/1.3.6.1.4.1.14519.5.2.1.1239.1759.157197184760535036107294261684,2025-12-02T11:01:51.939331116
1.3.6.1.4.1.14519.5.2.1.1239.1759.555713381400340626347198270197,CMMD,NO,https://doi.org/10.7937/tcia.eqde4b16,D1-1208,1.3.6.1.4.1.14519.5.2.1.1239.1759.981415631342598555682703942202,NA,07-18-2011,NA,NA,MG,Digital Mammography X-Ray Image Storage - For Presentation,1.2.840.10008.5.1.4.1.1.1.2,2,8.79 MB,./CMMD/D1-1208/1.3.6.1.4.1.14519.5.2.1.1239.1759.981415631342598555682703942202/1.3.6.1.4.1.14519.5.2.1.1239.1759.555713381400340626347198270197,2025-12-02T11:01:55.900164201
1.3.6.1.4.1.14519.5.2.1.1239.1759.932501911140976748619949059139,CMMD,NO,https://doi.org/10.7937/tcia.eqde4b16,D1-1211,1.3.6.1.4.1.14519.5.2.1.1239.1759.259219305989383152083900018584,NA,07-18-2010,NA,NA,MG,Digital Mammography X-Ray Image Storage - For Presentation,1.2.840.10008.5.1.4.1.1.1.2,2,8.79 MB,./CMMD/D1-1211/1.3.6.1.4.1.14519.5.2.1.1239.1759.259219305989383152083900018584/1.3.6.1.4.1.14519.5.2.1.1239.1759.932501911140976748619949059139,2025-12-02T11:02:00.081616018
1.3.6.1.4.1.14519.5.2.1.1239.1759.252549236314620163706482327391,CMMD,NO,https://doi.org/10.7937/tcia.eqde4b16,D1-1213,1.3.6.1.4.1.14519.5.2.1.1239.1759.144701985898320069673715804871,NA,07-18-2010,NA,NA,MG,Digital Mammography X-Ray Image Storage - For Presentation,1.2.840.10008.5.1.4.1.1.1.2,2,8.79 MB,./CMMD/D1-1213/1.3.6.1.4.1.14519.5.2.1.1239.1759.144701985898320069673715804871/1.3.6.1.4.1.14519.5.2.1.1239.1759.252549236314620163706482327391,2025-12-02T11:02:04.30828347
1.3.6.1.4.1.14519.5.2.1.1239.1759.252798331460075299485212079534,CMMD,NO,https://doi.org/10.7937/tcia.eqde4b16,D1-1218,1.3.6.1.4.1.14519.5.2.1.1239.1759.324929997428601495191998236623,NA,07-18-2010,NA,NA,MG,Digital Mammography X-Ray Image Storage - For Presentation,1.2.840.10008.5.1.4.1.1.1.2,2,8.79 MB,./CMMD/D1-1218/1.3.6.1.4.1.14519.5.2.1.1239.1759.324929997428601495191998236623/1.3.6.1.4.1.14519.5.2.1.1239.1759.252798331460075299485212079534,2025-12-02T11:02:08.300672821
1.3.6.1.4.1.14519.5.2.1.1239.1759.175038192670629839793730292366,CMMD,NO,https://doi.org/10.7937/tcia.eqde4b16,D1-1221,1.3.6.1.4.1.14519.5.2.1.1239.1759.317745356722920480552113460902,NA,07-18-2010,NA,NA,MG,Digital Mammography X-Ray Image Storage - For Presentation,1.2.840.10008.5.1.4.1.1.1.2,2,8.79 MB,./CMMD/D1-1221/1.3.6.1.4.1.14519.5.2.1.1239.1759.317745356722920480552113460902/1.3.6.1.4.1.14519.5.2.1.1239.1759.175038192670629839793730292366,2025-12-02T11:02:10.200295883
1.3.6.1.4.1.14519.5.2.1.1239.1759.142781229895866981663436518425,CMMD,NO,https://doi.org/10.7937/tcia.eqde4b16,D1-1220,1.3.6.1.4.1.14519.5.2.1.1239.1759.139572608849370990282390723096,NA,07-18-2010,NA,NA,MG,Digital Mammography X-Ray Image Storage - For Presentation,1.2.840.10008.5.1.4.1.1.1.2,4,17.57 MB,./CMMD/D1-1220/1.3.6.1.4.1.14519.5.2.1.1239.1759.139572608849370990282390723096/1.3.6.1.4.1.14519.5.2.1.1239.1759.142781229895866981663436518425,2025-12-02T11:02:15.919216671
1.3.6.1.4.1.14519.5.2.1.1239.1759.188478678207351035552910448957,CMMD,NO,https://doi.org/10.7937/tcia.eqde4b16,D1-1225,1.3.6.1.4.1.14519.5.2.1.1239.1759.165786608967192204259535886223,NA,07-18-2010,NA,NA,MG,Digital Mammography X-Ray Image Storage - For Presentation,1.2.840.10008.5.1.4.1.1.1.2,2,8.79 MB,./CMMD/D1-1225/1.3.6.1.4.1.14519.5.2.1.1239.1759.165786608967192204259535886223/1.3.6.1.4.1.14519.5.2.1.1239.1759.188478678207351035552910448957,2025-12-02T11:02:17.735682849
1.3.6.1.4.1.14519.5.2.1.1239.1759.929062687804046461853661887525,CMMD,NO,https://doi.org/10.7937/tcia.eqde4b16,D1-1231,1.3.6.1.4.1.14519.5.2.1.1239.1759.312328447218794181555031584659,NA,07-18-2010,NA,NA,MG,Digital Mammography X-Ray Image Storage - For Presentation,1.2.840.10008.5.1.4.1.1.1.2,2,8.79 MB,./CMMD/D1-1231/1.3.6.1.4.1.14519.5.2.1.1239.1759.312328447218794181555031584659/1.3.6.1.4.1.14519.5.2.1.1239.1759.929062687804046461853661887525,2025-12-02T11:02:24.280948925
1.3.6.1.4.1.14519.5.2.1.1239.1759.590824718250455364995368012216,CMMD,NO,https://doi.org/10.7937/tcia.eqde4b16,D1-1233,1.3.6.1.4.1.14519.5.2.1.1239.1759.150710286674707985852808226733,NA,07-18-2010,NA,NA,MG,Digital Mammography X-Ray Image Storage - For Presentation,1.2.840.10008.5.1.4.1.1.1.2,2,8.79 MB,./CMMD/D1-1233/1.3.6.1.4.1.14519.5.2.1.1239.1759.150710286674707985852808226733/1.3.6.1.4.1.14519.5.2.1.1239.1759.590824718250455364995368012216,2025-12-02T11:02:25.005635804
1.3.6.1.4.1.14519.5.2.1.1239.1759.164664109884611283935605550996,CMMD,NO,https://doi.org/10.7937/tcia.eqde4b16,D1-1235,1.3.6.1.4.1.14519.5.2.1.1239.1759.214455967215894482633714823775,NA,07-18-2010,NA,NA,MG,Digital Mammography X-Ray Image Storage - For Presentation,1.2.840.10008.5.1.4.1.1.1.2,2,8.79 MB,./CMMD/D1-1235/1.3.6.1.4.1.14519.5.2.1.1239.1759.214455967215894482633714823775/1.3.6.1.4.1.14519.5.2.1.1239.1759.164664109884611283935605550996,2025-12-02T11:02:30.480429288
1.3.6.1.4.1.14519.5.2.1.1239.1759.210481151931780962593641224643,CMMD,NO,https://doi.org/10.7937/tcia.eqde4b16,D1-1249,1.3.6.1.4.1.14519.5.2.1.1239.1759.985252331307517564076689538349,NA,07-18-2010,NA,NA,MG,Digital Mammography X-Ray Image Storage - For Presentation,1.2.840.10008.5.1.4.1.1.1.2,2,8.79 MB,./CMMD/D1-1249/1.3.6.1.4.1.14519.5.2.1.1239.1759.985252331307517564076689538349/1.3.6.1.4.1.14519.5.2.1.1239.1759.210481151931780962593641224643,2025-12-02T11:02:34.044718048
1.3.6.1.4.1.14519.5.2.1.1239.1759.109831078985937734589341638880,CMMD,NO,https://doi.org/10.7937/tcia.eqde4b16,D1-1239,1.3.6.1.4.1.14519.5.2.1.1239.1759.879627929777817209254744065747,NA,07-18-2010,NA,NA,MG,Digital Mammography X-Ray Image Storage - For Presentation,1.2.840.10008.5.1.4.1.1.1.2,2,8.79 MB,./CMMD/D1-1239/1.3.6.1.4.1.14519.5.2.1.1239.1759.879627929777817209254744065747/1.3.6.1.4.1.14519.5.2.1.1239.1759.109831078985937734589341638880,2025-12-02T11:02:38.128647143
1.3.6.1.4.1.14519.5.2.1.1239.1759.242613808344792253491100344180,CMMD,NO,https://doi.org/10.7937/tcia.eqde4b16,D1-1251,1.3.6.1.4.1.14519.5.2.1.1239.1759.173631964169985677239419238095,NA,07-18-2010,NA,NA,MG,Digital Mammography X-Ray Image Storage - For Presentation,1.2.840.10008.5.1.4.1.1.1.2,2,8.79 MB,./CMMD/D1-1251/1.3.6.1.4.1.14519.5.2.1.1239.1759.173631964169985677239419238095/1.3.6.1.4.1.14519.5.2.1.1239.1759.242613808344792253491100344180,2025-12-02T11:02:43.276135135
1.3.6.1.4.1.14519.5.2.1.1239.1759.297309862737016234011523717643,CMMD,NO,https://doi.org/10.7937/tcia.eqde4b16,D1-1252,1.3.6.1.4.1.14519.5.2.1.1239.1759.148184576950325394231805839006,NA,07-18-2010,NA,NA,MG,Digital Mammography X-Ray Image Storage - For Presentation,1.2.840.10008.5.1.4.1.1.1.2,2,8.79 MB,./CMMD/D1-1252/1.3.6.1.4.1.14519.5.2.1.1239.1759.148184576950325394231805839006/1.3.6.1.4.1.14519.5.2.1.1239.1759.297309862737016234011523717643,2025-12-02T11:02:43.709444361
1.3.6.1.4.1.14519.5.2.1.1239.1759.114087572015367311404896115870,CMMD,NO,https://doi.org/10.7937/tcia.eqde4b16,D1-1254,1.3.6.1.4.1.14519.5.2.1.1239.1759.232761630698560736772079047314,NA,07-18-2010,NA,NA,MG,Digital Mammography X-Ray Image Storage - For Presentation,1.2.840.10008.5.1.4.1.1.1.2,2,8.79 MB,./CMMD/D1-1254/1.3.6.1.4.1.14519.5.2.1.1239.1759.232761630698560736772079047314/1.3.6.1.4.1.14519.5.2.1.1239.1759.114087572015367311404896115870,2025-12-02T11:02:50.225424259
1.3.6.1.4.1.14519.5.2.1.1239.1759.183845493691857702743793138029,CMMD,NO,https://doi.org/10.7937/tcia.eqde4b16,D1-1257,1.3.6.1.4.1.14519.5.2.1.1239.1759.235734538054661244285999579521,NA,07-18-2010,NA,NA,MG,Digital Mammography X-Ray Image Storage - For Presentation,1.2.840.10008.5.1.4.1.1.1.2,2,8.79 MB,./CMMD/D1-1257/1.3.6.1.4.1.14519.5.2.1.1239.1759.235734538054661244285999579521/1.3.6.1.4.1.14519.5.2.1.1239.1759.183845493691857702743793138029,2025-12-02T11:02:55.584692486
1.3.6.1.4.1.14519.5.2.1.1239.1759.215633275251319527169130259402,CMMD,NO,https://doi.org/10.7937/tcia.eqde4b16,D1-1255,1.3.6.1.4.1.14519.5.2.1.1239.1759.910598489124621967879428871696,NA,07-18-2010,NA,NA,MG,Digital Mammography X-Ray Image Storage - For Presentation,1.2.840.10008.5.1.4.1.1.1.2,2,8.79 MB,./CMMD/D1-1255/1.3.6.1.4.1.14519.5.2.1.1239.1759.910598489124621967879428871696/1.3.6.1.4.1.14519.5.2.1.1239.1759.215633275251319527169130259402,2025-12-02T11:02:57.363023204
1.3.6.1.4.1.14519.5.2.1.1239.1759.202338443688145458130145968958,CMMD,NO,https://doi.org/10.7937/tcia.eqde4b16,D1-1260,1.3.6.1.4.1.14519.5.2.1.1239.1759.262612374703156486669053523277,NA,07-18-2010,NA,NA,MG,Digital Mammography X-Ray Image Storage - For Presentation,1.2.840.10008.5.1.4.1.1.1.2,2,8.79 MB,./CMMD/D1-1260/1.3.6.1.4.1.14519.5.2.1.1239.1759.262612374703156486669053523277/1.3.6.1.4.1.14519.5.2.1.1239.1759.202338443688145458130145968958,2025-12-02T11:03:01.720189721
1.3.6.1.4.1.14519.5.2.1.1239.1759.992409924437353487197054067458,CMMD,NO,https://doi.org/10.7937/tcia.eqde4b16,D1-1263,1.3.6.1.4.1.14519.5.2.1.1239.1759.287308961858919371493987852667,NA,07-18-2010,NA,NA,MG,Digital Mammography X-Ray Image Storage - For Presentation,1.2.840.10008.5.1.4.1.1.1.2,2,8.79 MB,./CMMD/D1-1263/1.3.6.1.4.1.14519.5.2.1.1239.1759.287308961858919371493987852667/1.3.6.1.4.1.14519.5.2.1.1239.1759.992409924437353487197054067458,2025-12-02T11:03:02.355567629
1.3.6.1.4.1.14519.5.2.1.1239.1759.114917498682947531387274521708,CMMD,NO,https://doi.org/10.7937/tcia.eqde4b16,D1-1264,1.3.6.1.4.1.14519.5.2.1.1239.1759.256116686980622438056084249880,NA,07-18-2010,NA,NA,MG,Digital Mammography X-Ray Image Storage - For Presentation,1.2.840.10008.5.1.4.1.1.1.2,2,8.79 MB,./CMMD/D1-1264/1.3.6.1.4.1.14519.5.2.1.1239.1759.256116686980622438056084249880/1.3.6.1.4.1.14519.5.2.1.1239.1759.114917498682947531387274521708,2025-12-02T11:03:09.673352175
1.3.6.1.4.1.14519.5.2.1.1239.1759.335544452312474422887169868614,CMMD,NO,https://doi.org/10.7937/tcia.eqde4b16,D1-1272,1.3.6.1.4.1.14519.5.2.1.1239.1759.216198208196812612787451753554,NA,07-18-2010,NA,NA,MG,Digital Mammography X-Ray Image Storage - For Presentation,1.2.840.10008.5.1.4.1.1.1.2,2,8.79 MB,./CMMD/D1-1272/1.3.6.1.4.1.14519.5.2.1.1239.1759.216198208196812612787451753554/1.3.6.1.4.1.14519.5.2.1.1239.1759.335544452312474422887169868614,2025-12-02T11:03:14.912702374
1.3.6.1.4.1.14519.5.2.1.1239.1759.467215390221436345127328722080,CMMD,NO,https://doi.org/10.7937/tcia.eqde4b16,D1-1271,1.3.6.1.4.1.14519.5.2.1.1239.1759.234276500901590866302427424166,NA,07-18-2010,NA,NA,MG,Digital Mammography X-Ray Image Storage - For Presentation,1.2.840.10008.5.1.4.1.1.1.2,2,8.79 MB,./CMMD/D1-1271/1.3.6.1.4.1.14519.5.2.1.1239.1759.234276500901590866302427424166/1.3.6.1.4.1.14519.5.2.1.1239.1759.467215390221436345127328722080,2025-12-02T11:03:15.580339545
1.3.6.1.4.1.14519.5.2.1.1239.1759.217774309783688974342348842420,CMMD,NO,https://doi.org/10.7937/tcia.eqde4b16,D1-1275,1.3.6.1.4.1.14519.5.2.1.1239.1759.274947622926111449771779702110,NA,07-18-2010,NA,NA,MG,Digital Mammography X-Ray Image Storage - For Presentation,1.2.840.10008.5.1.4.1.1.1.2,2,8.79 MB,./CMMD/D1-1275/1.3.6.1.4.1.14519.5.2.1.1239.1759.274947622926111449771779702110/1.3.6.1.4.1.14519.5.2.1.1239.1759.217774309783688974342348842420,2025-12-02T11:03:22.309877439
1.3.6.1.4.1.14519.5.2.1.1239.1759.174422631970826340181326700714,CMMD,NO,https://doi.org/10.7937/tcia.eqde4b16,D1-1277,1.3.6.1.4.1.14519.5.2.1.1239.1759.175314789980410745532907778454,NA,07-18-2010,NA,NA,MG,Digital Mammography X-Ray Image Storage - For Presentation,1.2.840.10008.5.1.4.1.1.1.2,2,8.79 MB,./CMMD/D1-1277/1.3.6.1.4.1.14519.5.2.1.1239.1759.175314789980410745532907778454/1.3.6.1.4.1.14519.5.2.1.1239.1759.174422631970826340181326700714,2025-12-02T11:03:27.442905863
1.3.6.1.4.1.14519.5.2.1.1239.1759.137629173583713463415206178444,CMMD,NO,https://doi.org/10.7937/tcia.eqde4b16,D1-1279,1.3.6.1.4.1.14519.5.2.1.1239.1759.203203373061311751440257139092,NA,07-18-2010,NA,NA,MG,Digital Mammography X-Ray Image Storage - For Presentation,1.2.840.10008.5.1.4.1.1.1.2,2,8.79 MB,./CMMD/D1-1279/1.3.6.1.4.1.14519.5.2.1.1239.1759.203203373061311751440257139092/1.3.6.1.4.1.14519.5.2.1.1239.1759.137629173583713463415206178444,2025-12-02T11:03:27.490974283
1.3.6.1.4.1.14519.5.2.1.1239.1759.248761343312906295216305242282,CMMD,NO,https://doi.org/10.7937/tcia.eqde4b16,D1-1281,1.3.6.1.4.1.14519.5.2.1.1239.1759.324531484253465765345107300546,NA,07-18-2010,NA,NA,MG,Digital Mammography X-Ray Image Storage - For Presentation,1.2.840.10008.5.1.4.1.1.1.2,2,8.79 MB,./CMMD/D1-1281/1.3.6.1.4.1.14519.5.2.1.1239.1759.324531484253465765345107300546/1.3.6.1.4.1.14519.5.2.1.1239.1759.248761343312906295216305242282,2025-12-02T11:03:34.26778698
1.3.6.1.4.1.14519.5.2.1.1239.1759.269939561264720143900086607991,CMMD,NO,https://doi.org/10.7937/tcia.eqde4b16,D1-1289,1.3.6.1.4.1.14519.5.2.1.1239.1759.335255864659843962774379100180,NA,07-18-2010,NA,NA,MG,Digital Mammography X-Ray Image Storage - For Presentation,1.2.840.10008.5.1.4.1.1.1.2,2,8.79 MB,./CMMD/D1-1289/1.3.6.1.4.1.14519.5.2.1.1239.1759.335255864659843962774379100180/1.3.6.1.4.1.14519.5.2.1.1239.1759.269939561264720143900086607991,2025-12-02T11:03:39.709406159
1.3.6.1.4.1.14519.5.2.1.1239.1759.105901246492451673547677894991,CMMD,NO,https://doi.org/10.7937/tcia.eqde4b16,D1-1286,1.3.6.1.4.1.14519.5.2.1.1239.1759.785482213035784750915597660911,NA,07-18-2010,NA,NA,MG,Digital Mammography X-Ray Image Storage - For Presentation,1.2.840.10008.5.1.4.1.1.1.2,2,8.79 MB,./CMMD/D1-1286/1.3.6.1.4.1.14519.5.2.1.1239.1759.785482213035784750915597660911/1.3.6.1.4.1.14519.5.2.1.1239.1759.105901246492451673547677894991,2025-12-02T11:03:41.325166932
1.3.6.1.4.1.14519.5.2.1.1239.1759.295520353264764088172533065585,CMMD,NO,https://doi.org/10.7937/tcia.eqde4b16,D1-1292,1.3.6.1.4.1.14519.5.2.1.1239.1759.338323687332379172060817851319,NA,07-18-2010,NA,NA,MG,Digital Mammography X-Ray Image Storage - For Presentation,1.2.840.10008.5.1.4.1.1.1.2,2,8.79 MB,./CMMD/D1-1292/1.3.6.1.4.1.14519.5.2.1.1239.1759.338323687332379172060817851319/1.3.6.1.4.1.14519.5.2.1.1239.1759.295520353264764088172533065585,2025-12-02T11:03:48.366702472
1.3.6.1.4.1.14519.5.2.1.1239.1759.325751524595425656877211520550,CMMD,NO,https://doi.org/10.7937/tcia.eqde4b16,D1-1293,1.3.6.1.4.1.14519.5.2.1.1239.1759.258871158632627067372651316914,NA,07-18-2010,NA,NA,MG,Digital Mammography X-Ray Image Storage - For Presentation,1.2.840.10008.5.1.4.1.1.1.2,2,8.79 MB,./CMMD/D1-1293/1.3.6.1.4.1.14519.5.2.1.1239.1759.258871158632627067372651316914/1.3.6.1.4.1.14519.5.2.1.1239.1759.325751524595425656877211520550,2025-12-02T11:03:52.026058368
1.3.6.1.4.1.14519.5.2.1.1239.1759.151295611195262795523960811155,CMMD,NO,https://doi.org/10.7937/tcia.eqde4b16,D1-1296,1.3.6.1.4.1.14519.5.2.1.1239.1759.215099273460828882346983935655,NA,07-18-2010,NA,NA,MG,Digital Mammography X-Ray Image Storage - For Presentation,1.2.840.10008.5.1.4.1.1.1.2,2,8.79 MB,./CMMD/D1-1296/1.3.6.1.4.1.14519.5.2.1.1239.1759.215099273460828882346983935655/1.3.6.1.4.1.14519.5.2.1.1239.1759.151295611195262795523960811155,2025-12-02T11:03:55.399706442
1.3.6.1.4.1.14519.5.2.1.1239.1759.212596660918047257485839003442,CMMD,NO,https://doi.org/10.7937/tcia.eqde4b16,D1-1299,1.3.6.1.4.1.14519.5.2.1.1239.1759.181503360047241882287207079032,NA,07-18-2010,NA,NA,MG,Digital Mammography X-Ray Image Storage - For Presentation,1.2.840.10008.5.1.4.1.1.1.2,2,8.79 MB,./CMMD/D1-1299/1.3.6.1.4.1.14519.5.2.1.1239.1759.181503360047241882287207079032/1.3.6.1.4.1.14519.5.2.1.1239.1759.212596660918047257485839003442,2025-12-02T11:04:01.274946673
1.3.6.1.4.1.14519.5.2.1.1239.1759.268801658287574425938343525115,CMMD,NO,https://doi.org/10.7937/tcia.eqde4b16,D1-1297,1.3.6.1.4.1.14519.5.2.1.1239.1759.229590098644030409520604333115,NA,07-18-2010,NA,NA,MG,Digital Mammography X-Ray Image Storage - For Presentation,1.2.840.10008.5.1.4.1.1.1.2,2,8.79 MB,./CMMD/D1-1297/1.3.6.1.4.1.14519.5.2.1.1239.1759.229590098644030409520604333115/1.3.6.1.4.1.14519.5.2.1.1239.1759.268801658287574425938343525115,2025-12-02T11:04:02.583491401
1.3.6.1.4.1.14519.5.2.1.1239.1759.387112140368415386985341704495,CMMD,NO,https://doi.org/10.7937/tcia.eqde4b16,D1-1304,1.3.6.1.4.1.14519.5.2.1.1239.1759.207839664667588070119648193422,NA,07-18-2010,NA,NA,MG,Digital Mammography X-Ray Image Storage - For Presentation,1.2.840.10008.5.1.4.1.1.1.2,2,8.79 MB,./CMMD/D1-1304/1.3.6.1.4.1.14519.5.2.1.1239.1759.207839664667588070119648193422/1.3.6.1.4.1.14519.5.2.1.1239.1759.387112140368415386985341704495,2025-12-02T11:04:07.871253806
1.3.6.1.4.1.14519.5.2.1.1239.1759.254777352342410439041872683985,CMMD,NO,https://doi.org/10.7937/tcia.eqde4b16,D1-1306,1.3.6.1.4.1.14519.5.2.1.1239.1759.258726777357297180657793647188,NA,07-18-2010,NA,NA,MG,Digital Mammography X-Ray Image Storage - For Presentation,1.2.840.10008.5.1.4.1.1.1.2,2,8.79 MB,./CMMD/D1-1306/1.3.6.1.4.1.14519.5.2.1.1239.1759.258726777357297180657793647188/1.3.6.1.4.1.14519.5.2.1.1239.1759.254777352342410439041872683985,2025-12-02T11:04:15.215712962
1.3.6.1.4.1.14519.5.2.1.1239.1759.175855700123085178777354147555,CMMD,NO,https://doi.org/10.7937/tcia.eqde4b16,D1-1305,1.3.6.1.4.1.14519.5.2.1.1239.1759.915400122951597025928975218613,NA,07-18-2011,NA,NA,MG,Digital Mammography X-Ray Image Storage - For Presentation,1.2.840.10008.5.1.4.1.1.1.2,2,8.79 MB,./CMMD/D1-1305/1.3.6.1.4.1.14519.5.2.1.1239.1759.915400122951597025928975218613/1.3.6.1.4.1.14519.5.2.1.1239.1759.175855700123085178777354147555,2025-12-02T11:04:15.392643316
1.3.6.1.4.1.14519.5.2.1.1239.1759.130370073999970527016660799020,CMMD,NO,https://doi.org/10.7937/tcia.eqde4b16,D1-1308,1.3.6.1.4.1.14519.5.2.1.1239.1759.281440607501284727145061097945,NA,07-18-2010,NA,NA,MG,Digital Mammography X-Ray Image Storage - For Presentation,1.2.840.10008.5.1.4.1.1.1.2,2,8.79 MB,./CMMD/D1-1308/1.3.6.1.4.1.14519.5.2.1.1239.1759.281440607501284727145061097945/1.3.6.1.4.1.14519.5.2.1.1239.1759.130370073999970527016660799020,2025-12-02T11:04:17.320617163
1.3.6.1.4.1.14519.5.2.1.1239.1759.212228760299361929991079816911,CMMD,NO,https://doi.org/10.7937/tcia.eqde4b16,D1-1312,1.3.6.1.4.1.14519.5.2.1.1239.1759.254471170876571237782043976976,NA,07-18-2010,NA,NA,MG,Digital Mammography X-Ray Image Storage - For Presentation,1.2.840.10008.5.1.4.1.1.1.2,2,8.79 MB,./CMMD/D1-1312/1.3.6.1.4.1.14519.5.2.1.1239.1759.254471170876571237782043976976/1.3.6.1.4.1.14519.5.2.1.1239.1759.212228760299361929991079816911,2025-12-02T11:04:26.373777942
1.3.6.1.4.1.14519.5.2.1.1239.1759.179411352796339942303535547832,CMMD,NO,https://doi.org/10.7937/tcia.eqde4b16,D1-1309,1.3.6.1.4.1.14519.5.2.1.1239.1759.213135096276034320011995525010,NA,07-18-2010,NA,NA,MG,Digital Mammography X-Ray Image Storage - For Presentation,1.2.840.10008.5.1.4.1.1.1.2,2,8.79 MB,./CMMD/D1-1309/1.3.6.1.4.1.14519.5.2.1.1239.1759.213135096276034320011995525010/1.3.6.1.4.1.14519.5.2.1.1239.1759.179411352796339942303535547832,2025-12-02T11:04:29.475414424
1.3.6.1.4.1.14519.5.2.1.1239.1759.169804119243458781118053291562,CMMD,NO,https://doi.org/10.7937/tcia.eqde4b16,D1-1311,1.3.6.1.4.1.14519.5.2.1.1239.1759.410621884672575892141321035634,NA,07-18-2010,NA,NA,MG,Digital Mammography X-Ray Image Storage - For Presentation,1.2.840.10008.5.1.4.1.1.1.2,2,8.79 MB,./CMMD/D1-1311/1.3.6.1.4.1.14519.5.2.1.1239.1759.410621884672575892141321035634/1.3.6.1.4.1.14519.5.2.1.1239.1759.169804119243458781118053291562,2025-12-02T11:04:29.955012939
1.3.6.1.4.1.14519.5.2.1.1239.1759.277770980941258665612321083872,CMMD,NO,https://doi.org/10.7937/tcia.eqde4b16,D1-1318,1.3.6.1.4.1.14519.5.2.1.1239.1759.241908603903836652014066456895,NA,07-18-2010,NA,NA,MG,Digital Mammography X-Ray Image Storage - For Presentation,1.2.840.10008.5.1.4.1.1.1.2,2,8.79 MB,./CMMD/D1-1318/1.3.6.1.4.1.14519.5.2.1.1239.1759.241908603903836652014066456895/1.3.6.1.4.1.14519.5.2.1.1239.1759.277770980941258665612321083872,2025-12-02T11:04:39.361801183
1.3.6.1.4.1.14519.5.2.1.1239.1759.625078833242450057348611046985,CMMD,NO,https://doi.org/10.7937/tcia.eqde4b16,D1-1315,1.3.6.1.4.1.14519.5.2.1.1239.1759.585932663145862044689648633099,NA,07-18-2010,NA,NA,MG,Digital Mammography X-Ray Image Storage - For Presentation,1.2.840.10008.5.1.4.1.1.1.2,2,8.79 MB,./CMMD/D1-1315/1.3.6.1.4.1.14519.5.2.1.1239.1759.585932663145862044689648633099/1.3.6.1.4.1.14519.5.2.1.1239.1759.625078833242450057348611046985,2025-12-02T11:04:40.480274181
1.3.6.1.4.1.14519.5.2.1.1239.1759.261839943253240625143477094820,CMMD,NO,https://doi.org/10.7937/tcia.eqde4b16,D1-1317,1.3.6.1.4.1.14519.5.2.1.1239.1759.197339052346635190396498268466,NA,07-18-2011,NA,NA,MG,Digital Mammography X-Ray Image Storage - For Presentation,1.2.840.10008.5.1.4.1.1.1.2,2,8.79 MB,./CMMD/D1-1317/1.3.6.1.4.1.14519.5.2.1.1239.1759.197339052346635190396498268466/1.3.6.1.4.1.14519.5.2.1.1239.1759.261839943253240625143477094820,2025-12-02T11:04:41.746216443
1.3.6.1.4.1.14519.5.2.1.1239.1759.785371188705621316813450757348,CMMD,NO,https://doi.org/10.7937/tcia.eqde4b16,D1-1328,1.3.6.1.4.1.14519.5.2.1.1239.1759.125181328395038972036962915552,NA,07-18-2010,NA,NA,MG,Digital Mammography X-Ray Image Storage - For Presentation,1.2.840.10008.5.1.4.1.1.1.2,2,8.79 MB,./CMMD/D1-1328/1.3.6.1.4.1.14519.5.2.1.1239.1759.125181328395038972036962915552/1.3.6.1.4.1.14519.5.2.1.1239.1759.785371188705621316813450757348,2025-12-02T11:04:50.976127309
1.3.6.1.4.1.14519.5.2.1.1239.1759.319660470592442228124143651722,CMMD,NO,https://doi.org/10.7937/tcia.eqde4b16,D1-1319,1.3.6.1.4.1.14519.5.2.1.1239.1759.323670465347393842085148756127,NA,07-18-2011,NA,NA,MG,Digital Mammography X-Ray Image Storage - For Presentation,1.2.840.10008.5.1.4.1.1.1.2,2,8.79 MB,./CMMD/D1-1319/1.3.6.1.4.1.14519.5.2.1.1239.1759.323670465347393842085148756127/1.3.6.1.4.1.14519.5.2.1.1239.1759.319660470592442228124143651722,2025-12-02T11:04:53.451564666
1.3.6.1.4.1.14519.5.2.1.1239.1759.119941246005069093445151091372,CMMD,NO,https://doi.org/10.7937/tcia.eqde4b16,D1-1326,1.3.6.1.4.1.14519.5.2.1.1239.1759.327028735977250867345655203459,NA,07-18-2010,NA,NA,MG,Digital Mammography X-Ray Image Storage - For Presentation,1.2.840.10008.5.1.4.1.1.1.2,2,8.79 MB,./CMMD/D1-1326/1.3.6.1.4.1.14519.5.2.1.1239.1759.327028735977250867345655203459/1.3.6.1.4.1.14519.5.2.1.1239.1759.119941246005069093445151091372,2025-12-02T11:04:54.71196468
1.3.6.1.4.1.14519.5.2.1.1239.1759.195599752903949884495237536090,CMMD,NO,https://doi.org/10.7937/tcia.eqde4b16,D1-1329,1.3.6.1.4.1.14519.5.2.1.1239.1759.251765983599678662486218275792,NA,07-18-2010,NA,NA,MG,Digital Mammography X-Ray Image Storage - For Presentation,1.2.840.10008.5.1.4.1.1.1.2,2,8.79 MB,./CMMD/D1-1329/1.3.6.1.4.1.14519.5.2.1.1239.1759.251765983599678662486218275792/1.3.6.1.4.1.14519.5.2.1.1239.1759.195599752903949884495237536090,2025-12-02T11:05:03.116655948
1.3.6.1.4.1.14519.5.2.1.1239.1759.149924003507033633547307336576,CMMD,NO,https://doi.org/10.7937/tcia.eqde4b16,D1-1332,1.3.6.1.4.1.14519.5.2.1.1239.1759.132323197806748802372613129908,NA,07-18-2010,NA,NA,MG,Digital Mammography X-Ray Image Storage - For Presentation,1.2.840.10008.5.1.4.1.1.1.2,2,8.79 MB,./CMMD/D1-1332/1.3.6.1.4.1.14519.5.2.1.1239.1759.132323197806748802372613129908/1.3.6.1.4.1.14519.5.2.1.1239.1759.149924003507033633547307336576,2025-12-02T11:05:06.201422848
1.3.6.1.4.1.14519.5.2.1.1239.1759.203835560984521057324513731461,CMMD,NO,https://doi.org/10.7937/tcia.eqde4b16,D1-1330,1.3.6.1.4.1.14519.5.2.1.1239.1759.550004578293953174852437093847,NA,07-18-2010,NA,NA,MG,Digital Mammography X-Ray Image Storage - For Presentation,1.2.840.10008.5.1.4.1.1.1.2,2,8.79 MB,./CMMD/D1-1330/1.3.6.1.4.1.14519.5.2.1.1239.1759.550004578293953174852437093847/1.3.6.1.4.1.14519.5.2.1.1239.1759.203835560984521057324513731461,2025-12-02T11:05:08.199300878
1.3.6.1.4.1.14519.5.2.1.1239.1759.208745015356439975249108546575,CMMD,NO,https://doi.org/10.7937/tcia.eqde4b16,D1-1337,1.3.6.1.4.1.14519.5.2.1.1239.1759.176028645384363493219483165095,NA,07-18-2010,NA,NA,MG,Digital Mammography X-Ray Image Storage - For Presentation,1.2.840.10008.5.1.4.1.1.1.2,2,8.79 MB,./CMMD/D1-1337/1.3.6.1.4.1.14519.5.2.1.1239.1759.176028645384363493219483165095/1.3.6.1.4.1.14519.5.2.1.1239.1759.208745015356439975249108546575,2025-12-02T11:05:16.122879194
1.3.6.1.4.1.14519.5.2.1.1239.1759.301405998439991640185930350742,CMMD,NO,https://doi.org/10.7937/tcia.eqde4b16,D1-1341,1.3.6.1.4.1.14519.5.2.1.1239.1759.157725789894631716670614964163,NA,07-18-2010,NA,NA,MG,Digital Mammography X-Ray Image Storage - For Presentation,1.2.840.10008.5.1.4.1.1.1.2,2,8.79 MB,./CMMD/D1-1341/1.3.6.1.4.1.14519.5.2.1.1239.1759.157725789894631716670614964163/1.3.6.1.4.1.14519.5.2.1.1239.1759.301405998439991640185930350742,2025-12-02T11:05:20.050822309
1.3.6.1.4.1.14519.5.2.1.1239.1759.228582147565343939542419756236,CMMD,NO,https://doi.org/10.7937/tcia.eqde4b16,D1-1340,1.3.6.1.4.1.14519.5.2.1.1239.1759.163202205933679633670020590118,NA,07-18-2010,NA,NA,MG,Digital Mammography X-Ray Image Storage - For Presentation,1.2.840.10008.5.1.4.1.1.1.2,4,17.57 MB,./CMMD/D1-1340/1.3.6.1.4.1.14519.5.2.1.1239.1759.163202205933679633670020590118/1.3.6.1.4.1.14519.5.2.1.1239.1759.228582147565343939542419756236,2025-12-02T11:05:22.034990544
1.3.6.1.4.1.14519.5.2.1.1239.1759.270316760252689193934157232780,CMMD,NO,https://doi.org/10.7937/tcia.eqde4b16,D1-1342,1.3.6.1.4.1.14519.5.2.1.1239.1759.270125634940024709883180957444,NA,07-18-2010,NA,NA,MG,Digital Mammography X-Ray Image Storage - For Presentation,1.2.840.10008.5.1.4.1.1.1.2,2,8.79 MB,./CMMD/D1-1342/1.3.6.1.4.1.14519.5.2.1.1239.1759.270125634940024709883180957444/1.3.6.1.4.1.14519.5.2.1.1239.1759.270316760252689193934157232780,2025-12-02T11:05:30.859534338
1.3.6.1.4.1.14519.5.2.1.1239.1759.589481745532180608258233475928,CMMD,NO,https://doi.org/10.7937/tcia.eqde4b16,D1-1344,1.3.6.1.4.1.14519.5.2.1.1239.1759.203352781745583952864712166331,NA,07-18-2010,NA,NA,MG,Digital Mammography X-Ray Image Storage - For Presentation,1.2.840.10008.5.1.4.1.1.1.2,2,8.79 MB,./CMMD/D1-1344/1.3.6.1.4.1.14519.5.2.1.1239.1759.203352781745583952864712166331/1.3.6.1.4.1.14519.5.2.1.1239.1759.589481745532180608258233475928,2025-12-02T11:05:34.743187106
1.3.6.1.4.1.14519.5.2.1.1239.1759.338921544064671779799433793481,CMMD,NO,https://doi.org/10.7937/tcia.eqde4b16,D1-1343,1.3.6.1.4.1.14519.5.2.1.1239.1759.195542464785425982618478565588,NA,07-18-2010,NA,NA,MG,Digital Mammography X-Ray Image Storage - For Presentation,1.2.840.10008.5.1.4.1.1.1.2,2,17.57 MB,./CMMD/D1-1343/1.3.6.1.4.1.14519.5.2.1.1239.1759.195542464785425982618478565588/1.3.6.1.4.1.14519.5.2.1.1239.1759.338921544064671779799433793481,2025-12-02T11:05:35.852989708
1.3.6.1.4.1.14519.5.2.1.1239.1759.772890058956814081782672357200,CMMD,NO,https://doi.org/10.7937/tcia.eqde4b16,D1-1346,1.3.6.1.4.1.14519.5.2.1.1239.1759.164767183052853812479937534138,NA,07-18-2010,NA,NA,MG,Digital Mammography X-Ray Image Storage - For Presentation,1.2.840.10008.5.1.4.1.1.1.2,2,8.79 MB,./CMMD/D1-1346/1.3.6.1.4.1.14519.5.2.1.1239.1759.164767183052853812479937534138/1.3.6.1.4.1.14519.5.2.1.1239.1759.772890058956814081782672357200,2025-12-02T11:05:47.330877861
1.3.6.1.4.1.14519.5.2.1.1239.1759.323012364137198034812151253485,CMMD,NO,https://doi.org/10.7937/tcia.eqde4b16,D1-1345,1.3.6.1.4.1.14519.5.2.1.1239.1759.236709839785275863281822351260,NA,07-18-2010,NA,NA,MG,Digital Mammography X-Ray Image Storage - For Presentation,1.2.840.10008.5.1.4.1.1.1.2,2,8.79 MB,./CMMD/D1-1345/1.3.6.1.4.1.14519.5.2.1.1239.1759.236709839785275863281822351260/1.3.6.1.4.1.14519.5.2.1.1239.1759.323012364137198034812151253485,2025-12-02T11:05:52.635828887
1.3.6.1.4.1.14519.5.2.1.1239.1759.884840118589430392967515629354,CMMD,NO,https://doi.org/10.7937/tcia.eqde4b16,D1-1347,1.3.6.1.4.1.14519.5.2.1.1239.1759.304089707396264885037244105183,NA,07-18-2010,NA,NA,MG,Digital Mammography X-Ray Image Storage - For Presentation,1.2.840.10008.5.1.4.1.1.1.2,2,8.79 MB,./CMMD/D1-1347/1.3.6.1.4.1.14519.5.2.1.1239.1759.304089707396264885037244105183/1.3.6.1.4.1.14519.5.2.1.1239.1759.884840118589430392967515629354,2025-12-02T11:05:55.644854394
1.3.6.1.4.1.14519.5.2.1.1239.1759.173675427539031537764690716354,CMMD,NO,https://doi.org/10.7937/tcia.eqde4b16,D1-1349,1.3.6.1.4.1.14519.5.2.1.1239.1759.652896955486749336773851290043,NA,07-18-2010,NA,NA,MG,Digital Mammography X-Ray Image Storage - For Presentation,1.2.840.10008.5.1.4.1.1.1.2,2,8.79 MB,./CMMD/D1-1349/1.3.6.1.4.1.14519.5.2.1.1239.1759.652896955486749336773851290043/1.3.6.1.4.1.14519.5.2.1.1239.1759.173675427539031537764690716354,2025-12-02T11:06:01.182127524
1.3.6.1.4.1.14519.5.2.1.1239.1759.323183884048051727402347676369,CMMD,NO,https://doi.org/10.7937/tcia.eqde4b16,D1-1351,1.3.6.1.4.1.14519.5.2.1.1239.1759.236590594480987191110742903978,NA,07-18-2010,NA,NA,MG,Digital Mammography X-Ray Image Storage - For Presentation,1.2.840.10008.5.1.4.1.1.1.2,2,8.79 MB,./CMMD/D1-1351/1.3.6.1.4.1.14519.5.2.1.1239.1759.236590594480987191110742903978/1.3.6.1.4.1.14519.5.2.1.1239.1759.323183884048051727402347676369,2025-12-02T11:06:06.517215556
1.3.6.1.4.1.14519.5.2.1.1239.1759.474585907745889090616009874533,CMMD,NO,https://doi.org/10.7937/tcia.eqde4b16,D1-1355,1.3.6.1.4.1.14519.5.2.1.1239.1759.102625050406826939227613733142,NA,07-18-2010,NA,NA,MG,Digital Mammography X-Ray Image Storage - For Presentation,1.2.840.10008.5.1.4.1.1.1.2,2,8.79 MB,./CMMD/D1-1355/1.3.6.1.4.1.14519.5.2.1.1239.1759.102625050406826939227613733142/1.3.6.1.4.1.14519.5.2.1.1239.1759.474585907745889090616009874533,2025-12-02T11:06:08.628551409
1.3.6.1.4.1.14519.5.2.1.1239.1759.132815180718566425871328392451,CMMD,NO,https://doi.org/10.7937/tcia.eqde4b16,D1-1357,1.3.6.1.4.1.14519.5.2.1.1239.1759.256266459765238151719179188122,NA,07-18-2010,NA,NA,MG,Digital Mammography X-Ray Image Storage - For Presentation,1.2.840.10008.5.1.4.1.1.1.2,2,8.79 MB,./CMMD/D1-1357/1.3.6.1.4.1.14519.5.2.1.1239.1759.256266459765238151719179188122/1.3.6.1.4.1.14519.5.2.1.1239.1759.132815180718566425871328392451,2025-12-02T11:06:15.526475736
1.3.6.1.4.1.14519.5.2.1.1239.1759.237773438056363395773593812823,CMMD,NO,https://doi.org/10.7937/tcia.eqde4b16,D1-1359,1.3.6.1.4.1.14519.5.2.1.1239.1759.134871393742748380754774024721,NA,07-18-2010,NA,NA,MG,Digital Mammography X-Ray Image Storage - For Presentation,1.2.840.10008.5.1.4.1.1.1.2,2,8.79 MB,./CMMD/D1-1359/1.3.6.1.4.1.14519.5.2.1.1239.1759.134871393742748380754774024721/1.3.6.1.4.1.14519.5.2.1.1239.1759.237773438056363395773593812823,2025-12-02T11:06:18.959120506
1.3.6.1.4.1.14519.5.2.1.1239.1759.429954388064814486293025170126,CMMD,NO,https://doi.org/10.7937/tcia.eqde4b16,D1-1364,1.3.6.1.4.1.14519.5.2.1.1239.1759.630492177312838714056010714322,NA,07-18-2010,NA,NA,MG,Digital Mammography X-Ray Image Storage - For Presentation,1.2.840.10008.5.1.4.1.1.1.2,2,8.79 MB,./CMMD/D1-1364/1.3.6.1.4.1.14519.5.2.1.1239.1759.630492177312838714056010714322/1.3.6.1.4.1.14519.5.2.1.1239.1759.429954388064814486293025170126,2025-12-02T11:06:29.59847414
1.3.6.1.4.1.14519.5.2.1.1239.1759.434534929399266040246946106643,CMMD,NO,https://doi.org/10.7937/tcia.eqde4b16,D1-1362,1.3.6.1.4.1.14519.5.2.1.1239.1759.239564465427934219178902417034,NA,07-18-2010,NA,NA,MG,Digital Mammography X-Ray Image Storage - For Presentation,1.2.840.10008.5.1.4.1.1.1.2,2,8.79 MB,./CMMD/D1-1362/1.3.6.1.4.1.14519.5.2.1.1239.1759.239564465427934219178902417034/1.3.6.1.4.1.14519.5.2.1.1239.1759.434534929399266040246946106643,2025-12-02T11:06:30.174867634
1.3.6.1.4.1.14519.5.2.1.1239.1759.215290593282045808449724219527,CMMD,NO,https://doi.org/10.7937/tcia.eqde4b16,D1-1366,1.3.6.1.4.1.14519.5.2.1.1239.1759.201763942923580121299882832440,NA,07-18-2010,NA,NA,MG,Digital Mammography X-Ray Image Storage - For Presentation,1.2.840.10008.5.1.4.1.1.1.2,2,8.79 MB,./CMMD/D1-1366/1.3.6.1.4.1.14519.5.2.1.1239.1759.201763942923580121299882832440/1.3.6.1.4.1.14519.5.2.1.1239.1759.215290593282045808449724219527,2025-12-02T11:06:33.548095063
1.3.6.1.4.1.14519.5.2.1.1239.1759.287285382848437624028117623899,CMMD,NO,https://doi.org/10.7937/tcia.eqde4b16,D1-1367,1.3.6.1.4.1.14519.5.2.1.1239.1759.272458853314189243331409660941,NA,07-18-2010,NA,NA,MG,Digital Mammography X-Ray Image Storage - For Presentation,1.2.840.10008.5.1.4.1.1.1.2,2,8.79 MB,./CMMD/D1-1367/1.3.6.1.4.1.14519.5.2.1.1239.1759.272458853314189243331409660941/1.3.6.1.4.1.14519.5.2.1.1239.1759.287285382848437624028117623899,2025-12-02T11:06:41.18343227
1.3.6.1.4.1.14519.5.2.1.1239.1759.393550651797887601113939185403,CMMD,NO,https://doi.org/10.7937/tcia.eqde4b16,D1-1375,1.3.6.1.4.1.14519.5.2.1.1239.1759.212963185667166192728209323886,NA,07-18-2010,NA,NA,MG,Digital Mammography X-Ray Image Storage - For Presentation,1.2.840.10008.5.1.4.1.1.1.2,2,8.79 MB,./CMMD/D1-1375/1.3.6.1.4.1.14519.5.2.1.1239.1759.212963185667166192728209323886/1.3.6.1.4.1.14519.5.2.1.1239.1759.393550651797887601113939185403,2025-12-02T11:06:42.373885777
1.3.6.1.4.1.14519.5.2.1.1239.1759.193231979376857388994518590959,CMMD,NO,https://doi.org/10.7937/tcia.eqde4b16,D1-1373,1.3.6.1.4.1.14519.5.2.1.1239.1759.773542098721305750401306348152,NA,07-18-2010,NA,NA,MG,Digital Mammography X-Ray Image Storage - For Presentation,1.2.840.10008.5.1.4.1.1.1.2,2,8.79 MB,./CMMD/D1-1373/1.3.6.1.4.1.14519.5.2.1.1239.1759.773542098721305750401306348152/1.3.6.1.4.1.14519.5.2.1.1239.1759.193231979376857388994518590959,2025-12-02T11:06:45.132986006
1.3.6.1.4.1.14519.5.2.1.1239.1759.798300500680030480021006414850,CMMD,NO,https://doi.org/10.7937/tcia.eqde4b16,D1-1377,1.3.6.1.4.1.14519.5.2.1.1239.1759.306913851786992227198577597584,NA,07-18-2010,NA,NA,MG,Digital Mammography X-Ray Image Storage - For Presentation,1.2.840.10008.5.1.4.1.1.1.2,2,8.79 MB,./CMMD/D1-1377/1.3.6.1.4.1.14519.5.2.1.1239.1759.306913851786992227198577597584/1.3.6.1.4.1.14519.5.2.1.1239.1759.798300500680030480021006414850,2025-12-02T11:06:51.835098536
1.3.6.1.4.1.14519.5.2.1.1239.1759.194338921218993694813840830072,CMMD,NO,https://doi.org/10.7937/tcia.eqde4b16,D1-1376,1.3.6.1.4.1.14519.5.2.1.1239.1759.254041673364518083780213657660,NA,07-18-2010,NA,NA,MG,Digital Mammography X-Ray Image Storage - For Presentation,1.2.840.10008.5.1.4.1.1.1.2,2,8.79 MB,./CMMD/D1-1376/1.3.6.1.4.1.14519.5.2.1.1239.1759.254041673364518083780213657660/1.3.6.1.4.1.14519.5.2.1.1239.1759.194338921218993694813840830072,2025-12-02T11:06:53.709622613
1.3.6.1.4.1.14519.5.2.1.1239.1759.647393658785491616204055287227,CMMD,NO,https://doi.org/10.7937/tcia.eqde4b16,D1-1379,1.3.6.1.4.1.14519.5.2.1.1239.1759.238952434990059068894416304248,NA,07-18-2010,NA,NA,MG,Digital Mammography X-Ray Image Storage - For Presentation,1.2.840.10008.5.1.4.1.1.1.2,2,8.79 MB,./CMMD/D1-1379/1.3.6.1.4.1.14519.5.2.1.1239.1759.238952434990059068894416304248/1.3.6.1.4.1.14519.5.2.1.1239.1759.647393658785491616204055287227,2025-12-02T11:06:58.998596933
1.3.6.1.4.1.14519.5.2.1.1239.1759.244523650088455438252818099386,CMMD,NO,https://doi.org/10.7937/tcia.eqde4b16,D1-1380,1.3.6.1.4.1.14519.5.2.1.1239.1759.262562407956613269324760565591,NA,07-18-2010,NA,NA,MG,Digital Mammography X-Ray Image Storage - For Presentation,1.2.840.10008.5.1.4.1.1.1.2,2,8.79 MB,./CMMD/D1-1380/1.3.6.1.4.1.14519.5.2.1.1239.1759.262562407956613269324760565591/1.3.6.1.4.1.14519.5.2.1.1239.1759.244523650088455438252818099386,2025-12-02T11:07:02.799677779
1.3.6.1.4.1.14519.5.2.1.1239.1759.200361488899818371658831944358,CMMD,NO,https://doi.org/10.7937/tcia.eqde4b16,D1-1381,1.3.6.1.4.1.14519.5.2.1.1239.1759.158781907972464218831956204009,NA,07-18-2011,NA,NA,MG,Digital Mammography X-Ray Image Storage - For Presentation,1.2.840.10008.5.1.4.1.1.1.2,2,8.79 MB,./CMMD/D1-1381/1.3.6.1.4.1.14519.5.2.1.1239.1759.158781907972464218831956204009/1.3.6.1.4.1.14519.5.2.1.1239.1759.200361488899818371658831944358,2025-12-02T11:07:05.415982512
1.3.6.1.4.1.14519.5.2.1.1239.1759.249582247313039765668375253646,CMMD,NO,https://doi.org/10.7937/tcia.eqde4b16,D1-1384,1.3.6.1.4.1.14519.5.2.1.1239.1759.220119283774488951994909273864,NA,07-18-2010,NA,NA,MG,Digital Mammography X-Ray Image Storage - For Presentation,1.2.840.10008.5.1.4.1.1.1.2,2,8.79 MB,./CMMD/D1-1384/1.3.6.1.4.1.14519.5.2.1.1239.1759.220119283774488951994909273864/1.3.6.1.4.1.14519.5.2.1.1239.1759.249582247313039765668375253646,2025-12-02T11:07:11.361920433
1.3.6.1.4.1.14519.5.2.1.1239.1759.131767969302255798558243906745,CMMD,NO,https://doi.org/10.7937/tcia.eqde4b16,D1-1392,1.3.6.1.4.1.14519.5.2.1.1239.1759.108866359360291647010662599940,NA,07-18-2010,NA,NA,MG,Digital Mammography X-Ray Image Storage - For Presentation,1.2.840.10008.5.1.4.1.1.1.2,2,8.79 MB,./CMMD/D1-1392/1.3.6.1.4.1.14519.5.2.1.1239.1759.108866359360291647010662599940/1.3.6.1.4.1.14519.5.2.1.1239.1759.131767969302255798558243906745,2025-12-02T11:07:15.929160469
1.3.6.1.4.1.14519.5.2.1.1239.1759.155234905660502370210594287622,CMMD,NO,https://doi.org/10.7937/tcia.eqde4b16,D1-1393,1.3.6.1.4.1.14519.5.2.1.1239.1759.197152960051743988766162912526,NA,07-18-2010,NA,NA,MG,Digital Mammography X-Ray Image Storage - For Presentation,1.2.840.10008.5.1.4.1.1.1.2,2,8.79 MB,./CMMD/D1-1393/1.3.6.1.4.1.14519.5.2.1.1239.1759.197152960051743988766162912526/1.3.6.1.4.1.14519.5.2.1.1239.1759.155234905660502370210594287622,2025-12-02T11:07:19.295998926
1.3.6.1.4.1.14519.5.2.1.1239.1759.231430964418693875007019754968,CMMD,NO,https://doi.org/10.7937/tcia.eqde4b16,D1-1395,1.3.6.1.4.1.14519.5.2.1.1239.1759.590412500113368382832344795860,NA,07-18-2010,NA,NA,MG,Digital Mammography X-Ray Image Storage - For Presentation,1.2.840.10008.5.1.4.1.1.1.2,2,8.79 MB,./CMMD/D1-1395/1.3.6.1.4.1.14519.5.2.1.1239.1759.590412500113368382832344795860/1.3.6.1.4.1.14519.5.2.1.1239.1759.231430964418693875007019754968,2025-12-02T11:07:22.14381551
1.3.6.1.4.1.14519.5.2.1.1239.1759.247884445503190869625888505437,CMMD,NO,https://doi.org/10.7937/tcia.eqde4b16,D1-1397,1.3.6.1.4.1.14519.5.2.1.1239.1759.338654428153244559344276867333,NA,07-18-2010,NA,NA,MG,Digital Mammography X-Ray Image Storage - For Presentation,1.2.840.10008.5.1.4.1.1.1.2,2,8.79 MB,./CMMD/D1-1397/1.3.6.1.4.1.14519.5.2.1.1239.1759.338654428153244559344276867333/1.3.6.1.4.1.14519.5.2.1.1239.1759.247884445503190869625888505437,2025-12-02T11:07:25.653163679
1.3.6.1.4.1.14519.5.2.1.1239.1759.327485750206967853042598260344,CMMD,NO,https://doi.org/10.7937/tcia.eqde4b16,D1-1399,1.3.6.1.4.1.14519.5.2.1.1239.1759.326974469688607035909467803533,NA,07-18-2010,NA,NA,MG,Digital Mammography X-Ray Image Storage - For Presentation,1.2.840.10008.5.1.4.1.1.1.2,2,8.79 MB,./CMMD/D1-1399/1.3.6.1.4.1.14519.5.2.1.1239.1759.326974469688607035909467803533/1.3.6.1.4.1.14519.5.2.1.1239.1759.327485750206967853042598260344,2025-12-02T11:07:33.35922074
1.3.6.1.4.1.14519.5.2.1.1239.1759.315395251304341362744875251014,CMMD,NO,https://doi.org/10.7937/tcia.eqde4b16,D1-1403,1.3.6.1.4.1.14519.5.2.1.1239.1759.214651101500604280815212707564,NA,07-18-2010,NA,NA,MG,Digital Mammography X-Ray Image Storage - For Presentation,1.2.840.10008.5.1.4.1.1.1.2,2,8.79 MB,./CMMD/D1-1403/1.3.6.1.4.1.14519.5.2.1.1239.1759.214651101500604280815212707564/1.3.6.1.4.1.14519.5.2.1.1239.1759.315395251304341362744875251014,2025-12-02T11:07:39.689344525
1.3.6.1.4.1.14519.5.2.1.1239.1759.362674485287180748087728499055,CMMD,NO,https://doi.org/10.7937/tcia.eqde4b16,D1-1402,1.3.6.1.4.1.14519.5.2.1.1239.1759.231123283081222614665026554114,NA,07-18-2010,NA,NA,MG,Digital Mammography X-Ray Image Storage - For Presentation,1.2.840.10008.5.1.4.1.1.1.2,2,8.79 MB,./CMMD/D1-1402/1.3.6.1.4.1.14519.5.2.1.1239.1759.231123283081222614665026554114/1.3.6.1.4.1.14519.5.2.1.1239.1759.362674485287180748087728499055,2025-12-02T11:07:41.058086342
1.3.6.1.4.1.14519.5.2.1.1239.1759.635817281601903543062784395002,CMMD,NO,https://doi.org/10.7937/tcia.eqde4b16,D1-1405,1.3.6.1.4.1.14519.5.2.1.1239.1759.353977948329319125521988007047,NA,07-18-2011,NA,NA,MG,Digital Mammography X-Ray Image Storage - For Presentation,1.2.840.10008.5.1.4.1.1.1.2,2,8.79 MB,./CMMD/D1-1405/1.3.6.1.4.1.14519.5.2.1.1239.1759.353977948329319125521988007047/1.3.6.1.4.1.14519.5.2.1.1239.1759.635817281601903543062784395002,2025-12-02T11:07:47.228043934
1.3.6.1.4.1.14519.5.2.1.1239.1759.214077322282501526425811069311,CMMD,NO,https://doi.org/10.7937/tcia.eqde4b16,D1-1406,1.3.6.1.4.1.14519.5.2.1.1239.1759.220446912920695081626781233653,NA,07-18-2010,NA,NA,MG,Digital Mammography X-Ray Image Storage - For Presentation,1.2.840.10008.5.1.4.1.1.1.2,2,8.79 MB,./CMMD/D1-1406/1.3.6.1.4.1.14519.5.2.1.1239.1759.220446912920695081626781233653/1.3.6.1.4.1.14519.5.2.1.1239.1759.214077322282501526425811069311,2025-12-02T11:07:52.72971682
1.3.6.1.4.1.14519.5.2.1.1239.1759.796467384483540581267725438888,CMMD,NO,https://doi.org/10.7937/tcia.eqde4b16,D1-1411,1.3.6.1.4.1.14519.5.2.1.1239.1759.999184546589458375859531607191,NA,07-18-2010,NA,NA,MG,Digital Mammography X-Ray Image Storage - For Presentation,1.2.840.10008.5.1.4.1.1.1.2,2,8.79 MB,./CMMD/D1-1411/1.3.6.1.4.1.14519.5.2.1.1239.1759.999184546589458375859531607191/1.3.6.1.4.1.14519.5.2.1.1239.1759.796467384483540581267725438888,2025-12-02T11:07:53.386548536
1.3.6.1.4.1.14519.5.2.1.1239.1759.291793245297234939317331489405,CMMD,NO,https://doi.org/10.7937/tcia.eqde4b16,D1-1413,1.3.6.1.4.1.14519.5.2.1.1239.1759.947817246710422417722101502460,NA,07-18-2010,NA,NA,MG,Digital Mammography X-Ray Image Storage - For Presentation,1.2.840.10008.5.1.4.1.1.1.2,2,8.79 MB,./CMMD/D1-1413/1.3.6.1.4.1.14519.5.2.1.1239.1759.947817246710422417722101502460/1.3.6.1.4.1.14519.5.2.1.1239.1759.291793245297234939317331489405,2025-12-02T11:07:59.712122295
1.3.6.1.4.1.14519.5.2.1.1239.1759.295161510444316590210736878888,CMMD,NO,https://doi.org/10.7937/tcia.eqde4b16,D1-1421,1.3.6.1.4.1.14519.5.2.1.1239.1759.373738599031835596276764007302,NA,07-18-2010,NA,NA,MG,Digital Mammography X-Ray Image Storage - For Presentation,1.2.840.10008.5.1.4.1.1.1.2,2,8.79 MB,./CMMD/D1-1421/1.3.6.1.4.1.14519.5.2.1.1239.1759.373738599031835596276764007302/1.3.6.1.4.1.14519.5.2.1.1239.1759.295161510444316590210736878888,2025-12-02T11:08:06.130385887
1.3.6.1.4.1.14519.5.2.1.1239.1759.305371801182754343314886530607,CMMD,NO,https://doi.org/10.7937/tcia.eqde4b16,D1-1417,1.3.6.1.4.1.14519.5.2.1.1239.1759.118935935994605240515380259797,NA,07-18-2010,NA,NA,MG,Digital Mammography X-Ray Image Storage - For Presentation,1.2.840.10008.5.1.4.1.1.1.2,2,8.79 MB,./CMMD/D1-1417/1.3.6.1.4.1.14519.5.2.1.1239.1759.118935935994605240515380259797/1.3.6.1.4.1.14519.5.2.1.1239.1759.305371801182754343314886530607,2025-12-02T11:08:09.231173591
1.3.6.1.4.1.14519.5.2.1.1239.1759.312319757029037502624471440915,CMMD,NO,https://doi.org/10.7937/tcia.eqde4b16,D1-1418,1.3.6.1.4.1.14519.5.2.1.1239.1759.233935927707686690701618372616,NA,07-18-2010,NA,NA,MG,Digital Mammography X-Ray Image Storage - For Presentation,1.2.840.10008.5.1.4.1.1.1.2,2,8.79 MB,./CMMD/D1-1418/1.3.6.1.4.1.14519.5.2.1.1239.1759.233935927707686690701618372616/1.3.6.1.4.1.14519.5.2.1.1239.1759.312319757029037502624471440915,2025-12-02T11:08:11.153304196
1.3.6.1.4.1.14519.5.2.1.1239.1759.465986970787191380636517655929,CMMD,NO,https://doi.org/10.7937/tcia.eqde4b16,D1-1427,1.3.6.1.4.1.14519.5.2.1.1239.1759.141408304072163088558836901704,NA,07-18-2010,NA,NA,MG,Digital Mammography X-Ray Image Storage - For Presentation,1.2.840.10008.5.1.4.1.1.1.2,2,8.79 MB,./CMMD/D1-1427/1.3.6.1.4.1.14519.5.2.1.1239.1759.141408304072163088558836901704/1.3.6.1.4.1.14519.5.2.1.1239.1759.465986970787191380636517655929,2025-12-02T11:08:15.99007393
1.3.6.1.4.1.14519.5.2.1.1239.1759.910465886720531023076877224947,CMMD,NO,https://doi.org/10.7937/tcia.eqde4b16,D1-1426,1.3.6.1.4.1.14519.5.2.1.1239.1759.270852150186092857562475956882,NA,07-18-2010,NA,NA,MG,Digital Mammography X-Ray Image Storage - For Presentation,1.2.840.10008.5.1.4.1.1.1.2,2,8.79 MB,./CMMD/D1-1426/1.3.6.1.4.1.14519.5.2.1.1239.1759.270852150186092857562475956882/1.3.6.1.4.1.14519.5.2.1.1239.1759.910465886720531023076877224947,2025-12-02T11:08:20.163936696
1.3.6.1.4.1.14519.5.2.1.1239.1759.303790588717009551639598878260,CMMD,NO,https://doi.org/10.7937/tcia.eqde4b16,D1-1433,1.3.6.1.4.1.14519.5.2.1.1239.1759.475573740130921554710612464787,NA,07-18-2010,NA,NA,MG,Digital Mammography X-Ray Image Storage - For Presentation,1.2.840.10008.5.1.4.1.1.1.2,2,8.79 MB,./CMMD/D1-1433/1.3.6.1.4.1.14519.5.2.1.1239.1759.475573740130921554710612464787/1.3.6.1.4.1.14519.5.2.1.1239.1759.303790588717009551639598878260,2025-12-02T11:08:27.722349931
1.3.6.1.4.1.14519.5.2.1.1239.1759.918047024174065596170003650358,CMMD,NO,https://doi.org/10.7937/tcia.eqde4b16,D1-1431,1.3.6.1.4.1.14519.5.2.1.1239.1759.442266153508631111999848871596,NA,07-18-2010,NA,NA,MG,Digital Mammography X-Ray Image Storage - For Presentation,1.2.840.10008.5.1.4.1.1.1.2,2,8.79 MB,./CMMD/D1-1431/1.3.6.1.4.1.14519.5.2.1.1239.1759.442266153508631111999848871596/1.3.6.1.4.1.14519.5.2.1.1239.1759.918047024174065596170003650358,2025-12-02T11:08:30.809859867
1.3.6.1.4.1.14519.5.2.1.1239.1759.823738368335935158066603409098,CMMD,NO,https://doi.org/10.7937/tcia.eqde4b16,D1-1432,1.3.6.1.4.1.14519.5.2.1.1239.1759.244996678037445646979485650462,NA,07-18-2010,NA,NA,MG,Digital Mammography X-Ray Image Storage - For Presentation,1.2.840.10008.5.1.4.1.1.1.2,2,8.79 MB,./CMMD/D1-1432/1.3.6.1.4.1.14519.5.2.1.1239.1759.244996678037445646979485650462/1.3.6.1.4.1.14519.5.2.1.1239.1759.823738368335935158066603409098,2025-12-02T11:08:31.219996637
1.3.6.1.4.1.14519.5.2.1.1239.1759.157905975956656630771824781395,CMMD,NO,https://doi.org/10.7937/tcia.eqde4b16,D1-1434,1.3.6.1.4.1.14519.5.2.1.1239.1759.854388113883780529272108179167,NA,07-18-2010,NA,NA,MG,Digital Mammography X-Ray Image Storage - For Presentation,1.2.840.10008.5.1.4.1.1.1.2,2,8.79 MB,./CMMD/D1-1434/1.3.6.1.4.1.14519.5.2.1.1239.1759.854388113883780529272108179167/1.3.6.1.4.1.14519.5.2.1.1239.1759.157905975956656630771824781395,2025-12-02T11:08:41.583735704
1.3.6.1.4.1.14519.5.2.1.1239.1759.109239764716385837031572488927,CMMD,NO,https://doi.org/10.7937/tcia.eqde4b16,D1-1435,1.3.6.1.4.1.14519.5.2.1.1239.1759.294990771648303773257340207024,NA,07-18-2010,NA,NA,MG,Digital Mammography X-Ray Image Storage - For Presentation,1.2.840.10008.5.1.4.1.1.1.2,2,8.79 MB,./CMMD/D1-1435/1.3.6.1.4.1.14519.5.2.1.1239.1759.294990771648303773257340207024/1.3.6.1.4.1.14519.5.2.1.1239.1759.109239764716385837031572488927,2025-12-02T11:08:42.684573393
1.3.6.1.4.1.14519.5.2.1.1239.1759.216998685824391279882274287794,CMMD,NO,https://doi.org/10.7937/tcia.eqde4b16,D1-1437,1.3.6.1.4.1.14519.5.2.1.1239.1759.306250870157260511463897266242,NA,07-18-2010,NA,NA,MG,Digital Mammography X-Ray Image Storage - For Presentation,1.2.840.10008.5.1.4.1.1.1.2,2,8.79 MB,./CMMD/D1-1437/1.3.6.1.4.1.14519.5.2.1.1239.1759.306250870157260511463897266242/1.3.6.1.4.1.14519.5.2.1.1239.1759.216998685824391279882274287794,2025-12-02T11:08:44.584465406
1.3.6.1.4.1.14519.5.2.1.1239.1759.222155101273909365440305317561,CMMD,NO,https://doi.org/10.7937/tcia.eqde4b16,D1-1444,1.3.6.1.4.1.14519.5.2.1.1239.1759.203035881396339571308050575688,NA,07-18-2011,NA,NA,MG,Digital Mammography X-Ray Image Storage - For Presentation,1.2.840.10008.5.1.4.1.1.1.2,2,8.79 MB,./CMMD/D1-1444/1.3.6.1.4.1.14519.5.2.1.1239.1759.203035881396339571308050575688/1.3.6.1.4.1.14519.5.2.1.1239.1759.222155101273909365440305317561,2025-12-02T11:08:54.108688468
1.3.6.1.4.1.14519.5.2.1.1239.1759.137053119298593076149711497979,CMMD,NO,https://doi.org/10.7937/tcia.eqde4b16,D1-1438,1.3.6.1.4.1.14519.5.2.1.1239.1759.254360278661547707235508410509,NA,07-18-2010,NA,NA,MG,Digital Mammography X-Ray Image Storage - For Presentation,1.2.840.10008.5.1.4.1.1.1.2,2,8.79 MB,./CMMD/D1-1438/1.3.6.1.4.1.14519.5.2.1.1239.1759.254360278661547707235508410509/1.3.6.1.4.1.14519.5.2.1.1239.1759.137053119298593076149711497979,2025-12-02T11:08:54.26028925
1.3.6.1.4.1.14519.5.2.1.1239.1759.212428762239902559222684897869,CMMD,NO,https://doi.org/10.7937/tcia.eqde4b16,D1-1442,1.3.6.1.4.1.14519.5.2.1.1239.1759.249428398554136790390731383561,NA,07-18-2011,NA,NA,MG,Digital Mammography X-Ray Image Storage - For Presentation,1.2.840.10008.5.1.4.1.1.1.2,2,8.79 MB,./CMMD/D1-1442/1.3.6.1.4.1.14519.5.2.1.1239.1759.249428398554136790390731383561/1.3.6.1.4.1.14519.5.2.1.1239.1759.212428762239902559222684897869,2025-12-02T11:08:55.619049633
1.3.6.1.4.1.14519.5.2.1.1239.1759.143344592034909094364608856961,CMMD,NO,https://doi.org/10.7937/tcia.eqde4b16,D1-1452,1.3.6.1.4.1.14519.5.2.1.1239.1759.813505363598118385119658253778,NA,07-18-2011,NA,NA,MG,Digital Mammography X-Ray Image Storage - For Presentation,1.2.840.10008.5.1.4.1.1.1.2,2,8.79 MB,./CMMD/D1-1452/1.3.6.1.4.1.14519.5.2.1.1239.1759.813505363598118385119658253778/1.3.6.1.4.1.14519.5.2.1.1239.1759.143344592034909094364608856961,2025-12-02T11:09:03.525688961
1.3.6.1.4.1.14519.5.2.1.1239.1759.117251577720737996465967762641,CMMD,NO,https://doi.org/10.7937/tcia.eqde4b16,D1-1457,1.3.6.1.4.1.14519.5.2.1.1239.1759.164107529494022788604662878261,NA,07-18-2011,NA,NA,MG,Digital Mammography X-Ray Image Storage - For Presentation,1.2.840.10008.5.1.4.1.1.1.2,2,8.79 MB,./CMMD/D1-1457/1.3.6.1.4.1.14519.5.2.1.1239.1759.164107529494022788604662878261/1.3.6.1.4.1.14519.5.2.1.1239.1759.117251577720737996465967762641,2025-12-02T11:09:09.72724045
1.3.6.1.4.1.14519.5.2.1.1239.1759.107891563798388098798798267484,CMMD,NO,https://doi.org/10.7937/tcia.eqde4b16,D1-1445,1.3.6.1.4.1.14519.5.2.1.1239.1759.321539498502116750154657229330,NA,07-18-2010,NA,NA,MG,Digital Mammography X-Ray Image Storage - For Presentation,1.2.840.10008.5.1.4.1.1.1.2,2,8.79 MB,./CMMD/D1-1445/1.3.6.1.4.1.14519.5.2.1.1239.1759.321539498502116750154657229330/1.3.6.1.4.1.14519.5.2.1.1239.1759.107891563798388098798798267484,2025-12-02T11:09:10.982129726
1.3.6.1.4.1.14519.5.2.1.1239.1759.212689764868841136012342355855,CMMD,NO,https://doi.org/10.7937/tcia.eqde4b16,D1-1469,1.3.6.1.4.1.14519.5.2.1.1239.1759.278681798272557957347476464586,NA,07-18-2011,NA,NA,MG,Digital Mammography X-Ray Image Storage - For Presentation,1.2.840.10008.5.1.4.1.1.1.2,2,8.79 MB,./CMMD/D1-1469/1.3.6.1.4.1.14519.5.2.1.1239.1759.278681798272557957347476464586/1.3.6.1.4.1.14519.5.2.1.1239.1759.212689764868841136012342355855,2025-12-02T11:09:15.881644165
1.3.6.1.4.1.14519.5.2.1.1239.1759.223080479378568621668729270178,CMMD,NO,https://doi.org/10.7937/tcia.eqde4b16,D1-1470,1.3.6.1.4.1.14519.5.2.1.1239.1759.134113844353177610563160796965,NA,07-18-2011,NA,NA,MG,Digital Mammography X-Ray Image Storage - For Presentation,1.2.840.10008.5.1.4.1.1.1.2,2,8.79 MB,./CMMD/D1-1470/1.3.6.1.4.1.14519.5.2.1.1239.1759.134113844353177610563160796965/1.3.6.1.4.1.14519.5.2.1.1239.1759.223080479378568621668729270178,2025-12-02T11:09:21.977819299
1.3.6.1.4.1.14519.5.2.1.1239.1759.243258518567779576155122869772,CMMD,NO,https://doi.org/10.7937/tcia.eqde4b16,D1-1478,1.3.6.1.4.1.14519.5.2.1.1239.1759.304400263214508547613823856501,NA,07-18-2011,NA,NA,MG,Digital Mammography X-Ray Image Storage - For Presentation,1.2.840.10008.5.1.4.1.1.1.2,2,8.79 MB,./CMMD/D1-1478/1.3.6.1.4.1.14519.5.2.1.1239.1759.304400263214508547613823856501/1.3.6.1.4.1.14519.5.2.1.1239.1759.243258518567779576155122869772,2025-12-02T11:09:22.69687649
1.3.6.1.4.1.14519.5.2.1.1239.1759.698035164011301657407551059260,CMMD,NO,https://doi.org/10.7937/tcia.eqde4b16,D1-1480,1.3.6.1.4.1.14519.5.2.1.1239.1759.189730310906816079416195509506,NA,07-18-2011,NA,NA,MG,Digital Mammography X-Ray Image Storage - For Presentation,1.2.840.10008.5.1.4.1.1.1.2,2,8.79 MB,./CMMD/D1-1480/1.3.6.1.4.1.14519.5.2.1.1239.1759.189730310906816079416195509506/1.3.6.1.4.1.14519.5.2.1.1239.1759.698035164011301657407551059260,2025-12-02T11:09:25.305391035
1.3.6.1.4.1.14519.5.2.1.1239.1759.387876043041865729030123471857,CMMD,NO,https://doi.org/10.7937/tcia.eqde4b16,D1-1483,1.3.6.1.4.1.14519.5.2.1.1239.1759.145297244135721553134358443623,NA,07-18-2011,NA,NA,MG,Digital Mammography X-Ray Image Storage - For Presentation,1.2.840.10008.5.1.4.1.1.1.2,2,8.79 MB,./CMMD/D1-1483/1.3.6.1.4.1.14519.5.2.1.1239.1759.145297244135721553134358443623/1.3.6.1.4.1.14519.5.2.1.1239.1759.387876043041865729030123471857,2025-12-02T11:09:32.363128536
1.3.6.1.4.1.14519.5.2.1.1239.1759.179261906629681713796101540970,CMMD,NO,https://doi.org/10.7937/tcia.eqde4b16,D1-1488,1.3.6.1.4.1.14519.5.2.1.1239.1759.172886127471086636837632308983,NA,07-18-2011,NA,NA,MG,Digital Mammography X-Ray Image Storage - For Presentation,1.2.840.10008.5.1.4.1.1.1.2,2,8.79 MB,./CMMD/D1-1488/1.3.6.1.4.1.14519.5.2.1.1239.1759.172886127471086636837632308983/1.3.6.1.4.1.14519.5.2.1.1239.1759.179261906629681713796101540970,2025-12-02T11:09:38.698437179
1.3.6.1.4.1.14519.5.2.1.1239.1759.179143850153924820839672298435,CMMD,NO,https://doi.org/10.7937/tcia.eqde4b16,D1-1484,1.3.6.1.4.1.14519.5.2.1.1239.1759.139595262704611865997853149988,NA,07-18-2011,NA,NA,MG,Digital Mammography X-Ray Image Storage - For Presentation,1.2.840.10008.5.1.4.1.1.1.2,2,8.79 MB,./CMMD/D1-1484/1.3.6.1.4.1.14519.5.2.1.1239.1759.139595262704611865997853149988/1.3.6.1.4.1.14519.5.2.1.1239.1759.179143850153924820839672298435,2025-12-02T11:09:42.887141356
1.3.6.1.4.1.14519.5.2.1.1239.1759.231940383717268678238569871303,CMMD,NO,https://doi.org/10.7937/tcia.eqde4b16,D1-1481,1.3.6.1.4.1.14519.5.2.1.1239.1759.272597536589055815466732216249,NA,07-18-2011,NA,NA,MG,Digital Mammography X-Ray Image Storage - For Presentation,1.2.840.10008.5.1.4.1.1.1.2,2,8.79 MB,./CMMD/D1-1481/1.3.6.1.4.1.14519.5.2.1.1239.1759.272597536589055815466732216249/1.3.6.1.4.1.14519.5.2.1.1239.1759.231940383717268678238569871303,2025-12-02T11:09:45.524858456
1.3.6.1.4.1.14519.5.2.1.1239.1759.905125660343068702403187003934,CMMD,NO,https://doi.org/10.7937/tcia.eqde4b16,D1-1490,1.3.6.1.4.1.14519.5.2.1.1239.1759.335392594837428620685635315882,NA,07-18-2011,NA,NA,MG,Digital Mammography X-Ray Image Storage - For Presentation,1.2.840.10008.5.1.4.1.1.1.2,2,8.79 MB,./CMMD/D1-1490/1.3.6.1.4.1.14519.5.2.1.1239.1759.335392594837428620685635315882/1.3.6.1.4.1.14519.5.2.1.1239.1759.905125660343068702403187003934,2025-12-02T11:09:52.647535596
1.3.6.1.4.1.14519.5.2.1.1239.1759.185104044692588571267164066206,CMMD,NO,https://doi.org/10.7937/tcia.eqde4b16,D1-1492,1.3.6.1.4.1.14519.5.2.1.1239.1759.122163430554658396494885846054,NA,07-18-2011,NA,NA,MG,Digital Mammography X-Ray Image Storage - For Presentation,1.2.840.10008.5.1.4.1.1.1.2,2,8.79 MB,./CMMD/D1-1492/1.3.6.1.4.1.14519.5.2.1.1239.1759.122163430554658396494885846054/1.3.6.1.4.1.14519.5.2.1.1239.1759.185104044692588571267164066206,2025-12-02T11:09:58.138884504
1.3.6.1.4.1.14519.5.2.1.1239.1759.328677270784700787538209936975,CMMD,NO,https://doi.org/10.7937/tcia.eqde4b16,D1-1494,1.3.6.1.4.1.14519.5.2.1.1239.1759.568674722867534775496682749863,NA,07-18-2011,NA,NA,MG,Digital Mammography X-Ray Image Storage - For Presentation,1.2.840.10008.5.1.4.1.1.1.2,2,8.79 MB,./CMMD/D1-1494/1.3.6.1.4.1.14519.5.2.1.1239.1759.568674722867534775496682749863/1.3.6.1.4.1.14519.5.2.1.1239.1759.328677270784700787538209936975,2025-12-02T11:10:06.485006837
1.3.6.1.4.1.14519.5.2.1.1239.1759.328477704188474780580405802173,CMMD,NO,https://doi.org/10.7937/tcia.eqde4b16,D1-1493,1.3.6.1.4.1.14519.5.2.1.1239.1759.895120077857097531942371319891,NA,07-18-2011,NA,NA,MG,Digital Mammography X-Ray Image Storage - For Presentation,1.2.840.10008.5.1.4.1.1.1.2,2,8.79 MB,./CMMD/D1-1493/1.3.6.1.4.1.14519.5.2.1.1239.1759.895120077857097531942371319891/1.3.6.1.4.1.14519.5.2.1.1239.1759.328477704188474780580405802173,2025-12-02T11:10:09.37621048
1.3.6.1.4.1.14519.5.2.1.1239.1759.154701707932229185605363819149,CMMD,NO,https://doi.org/10.7937/tcia.eqde4b16,D1-1498,1.3.6.1.4.1.14519.5.2.1.1239.1759.182346741588794819294885481853,NA,07-18-2011,NA,NA,MG,Digital Mammography X-Ray Image Storage - For Presentation,1.2.840.10008.5.1.4.1.1.1.2,2,8.79 MB,./CMMD/D1-1498/1.3.6.1.4.1.14519.5.2.1.1239.1759.182346741588794819294885481853/1.3.6.1.4.1.14519.5.2.1.1239.1759.154701707932229185605363819149,2025-12-02T11:10:12.449432799
1.3.6.1.4.1.14519.5.2.1.1239.1759.323337205881694337672575695161,CMMD,NO,https://doi.org/10.7937/tcia.eqde4b16,D1-1509,1.3.6.1.4.1.14519.5.2.1.1239.1759.160974889351355305218124204623,NA,07-18-2011,NA,NA,MG,Digital Mammography X-Ray Image Storage - For Presentation,1.2.840.10008.5.1.4.1.1.1.2,2,8.79 MB,./CMMD/D1-1509/1.3.6.1.4.1.14519.5.2.1.1239.1759.160974889351355305218124204623/1.3.6.1.4.1.14519.5.2.1.1239.1759.323337205881694337672575695161,2025-12-02T11:10:24.018471931
1.3.6.1.4.1.14519.5.2.1.1239.1759.138554010485264165789483153464,CMMD,NO,https://doi.org/10.7937/tcia.eqde4b16,D1-1510,1.3.6.1.4.1.14519.5.2.1.1239.1759.255670128190858936267218260981,NA,07-18-2011,NA,NA,MG,Digital Mammography X-Ray Image Storage - For Presentation,1.2.840.10008.5.1.4.1.1.1.2,2,8.79 MB,./CMMD/D1-1510/1.3.6.1.4.1.14519.5.2.1.1239.1759.255670128190858936267218260981/1.3.6.1.4.1.14519.5.2.1.1239.1759.138554010485264165789483153464,2025-12-02T11:10:33.259351864
1.3.6.1.4.1.14519.5.2.1.1239.1759.222185606131787043022568063984,CMMD,NO,https://doi.org/10.7937/tcia.eqde4b16,D1-1506,1.3.6.1.4.1.14519.5.2.1.1239.1759.313759213765156181653067572127,NA,07-18-2011,NA,NA,MG,Digital Mammography X-Ray Image Storage - For Presentation,1.2.840.10008.5.1.4.1.1.1.2,2,8.79 MB,./CMMD/D1-1506/1.3.6.1.4.1.14519.5.2.1.1239.1759.313759213765156181653067572127/1.3.6.1.4.1.14519.5.2.1.1239.1759.222185606131787043022568063984,2025-12-02T11:10:34.001420725
1.3.6.1.4.1.14519.5.2.1.1239.1759.103138238464221105171739485717,CMMD,NO,https://doi.org/10.7937/tcia.eqde4b16,D1-1517,1.3.6.1.4.1.14519.5.2.1.1239.1759.288095866564825448678207637672,NA,07-18-2011,NA,NA,MG,Digital Mammography X-Ray Image Storage - For Presentation,1.2.840.10008.5.1.4.1.1.1.2,2,8.79 MB,./CMMD/D1-1517/1.3.6.1.4.1.14519.5.2.1.1239.1759.288095866564825448678207637672/1.3.6.1.4.1.14519.5.2.1.1239.1759.103138238464221105171739485717,2025-12-02T11:10:38.334065218
1.3.6.1.4.1.14519.5.2.1.1239.1759.322466587224771476897518019442,CMMD,NO,https://doi.org/10.7937/tcia.eqde4b16,D1-1518,1.3.6.1.4.1.14519.5.2.1.1239.1759.297574736553649123296955536976,NA,07-18-2011,NA,NA,MG,Digital Mammography X-Ray Image Storage - For Presentation,1.2.840.10008.5.1.4.1.1.1.2,2,8.79 MB,./CMMD/D1-1518/1.3.6.1.4.1.14519.5.2.1.1239.1759.297574736553649123296955536976/1.3.6.1.4.1.14519.5.2.1.1239.1759.322466587224771476897518019442,2025-12-02T11:10:45.673921305
1.3.6.1.4.1.14519.5.2.1.1239.1759.306258362347266277630742453867,CMMD,NO,https://doi.org/10.7937/tcia.eqde4b16,D1-1519,1.3.6.1.4.1.14519.5.2.1.1239.1759.307749446955962010193772397996,NA,07-18-2011,NA,NA,MG,Digital Mammography X-Ray Image Storage - For Presentation,1.2.840.10008.5.1.4.1.1.1.2,2,8.79 MB,./CMMD/D1-1519/1.3.6.1.4.1.14519.5.2.1.1239.1759.307749446955962010193772397996/1.3.6.1.4.1.14519.5.2.1.1239.1759.306258362347266277630742453867,2025-12-02T11:10:50.491809071
1.3.6.1.4.1.14519.5.2.1.1239.1759.439211626057494564694590677508,CMMD,NO,https://doi.org/10.7937/tcia.eqde4b16,D1-1523,1.3.6.1.4.1.14519.5.2.1.1239.1759.173476294904205683337328919886,NA,07-18-2010,NA,NA,MG,Digital Mammography X-Ray Image Storage - For Presentation,1.2.840.10008.5.1.4.1.1.1.2,2,8.79 MB,./CMMD/D1-1523/1.3.6.1.4.1.14519.5.2.1.1239.1759.173476294904205683337328919886/1.3.6.1.4.1.14519.5.2.1.1239.1759.439211626057494564694590677508,2025-12-02T11:10:58.20586762
1.3.6.1.4.1.14519.5.2.1.1239.1759.318006850568522151803875121424,CMMD,NO,https://doi.org/10.7937/tcia.eqde4b16,D1-1525,1.3.6.1.4.1.14519.5.2.1.1239.1759.270330345122342352097186263765,NA,07-18-2011,NA,NA,MG,Digital Mammography X-Ray Image Storage - For Presentation,1.2.840.10008.5.1.4.1.1.1.2,2,8.79 MB,./CMMD/D1-1525/1.3.6.1.4.1.14519.5.2.1.1239.1759.270330345122342352097186263765/1.3.6.1.4.1.14519.5.2.1.1239.1759.318006850568522151803875121424,2025-12-02T11:10:59.705258438
1.3.6.1.4.1.14519.5.2.1.1239.1759.252680453989978107864576899365,CMMD,NO,https://doi.org/10.7937/tcia.eqde4b16,D1-1526,1.3.6.1.4.1.14519.5.2.1.1239.1759.336697759116696362208696413326,NA,07-18-2011,NA,NA,MG,Digital Mammography X-Ray Image Storage - For Presentation,1.2.840.10008.5.1.4.1.1.1.2,2,8.79 MB,./CMMD/D1-1526/1.3.6.1.4.1.14519.5.2.1.1239.1759.336697759116696362208696413326/1.3.6.1.4.1.14519.5.2.1.1239.1759.252680453989978107864576899365,2025-12-02T11:11:04.49133651
1.3.6.1.4.1.14519.5.2.1.1239.1759.150373260125769487395515265790,CMMD,NO,https://doi.org/10.7937/tcia.eqde4b16,D1-1527,1.3.6.1.4.1.14519.5.2.1.1239.1759.129560633586103612621845271822,NA,07-18-2011,NA,NA,MG,Digital Mammography X-Ray Image Storage - For Presentation,1.2.840.10008.5.1.4.1.1.1.2,2,8.79 MB,./CMMD/D1-1527/1.3.6.1.4.1.14519.5.2.1.1239.1759.129560633586103612621845271822/1.3.6.1.4.1.14519.5.2.1.1239.1759.150373260125769487395515265790,2025-12-02T11:11:12.249780758
1.3.6.1.4.1.14519.5.2.1.1239.1759.134054970982288072400581222266,CMMD,NO,https://doi.org/10.7937/tcia.eqde4b16,D1-1528,1.3.6.1.4.1.14519.5.2.1.1239.1759.159551638580600338237151847786,NA,07-18-2011,NA,NA,MG,Digital Mammography X-Ray Image Storage - For Presentation,1.2.840.10008.5.1.4.1.1.1.2,2,8.79 MB,./CMMD/D1-1528/1.3.6.1.4.1.14519.5.2.1.1239.1759.159551638580600338237151847786/1.3.6.1.4.1.14519.5.2.1.1239.1759.134054970982288072400581222266,2025-12-02T11:11:15.9310742
1.3.6.1.4.1.14519.5.2.1.1239.1759.936105654436939061151723972361,CMMD,NO,https://doi.org/10.7937/tcia.eqde4b16,D1-1530,1.3.6.1.4.1.14519.5.2.1.1239.1759.198521714756713948371162020681,NA,07-18-2011,NA,NA,MG,Digital Mammography X-Ray Image Storage - For Presentation,1.2.840.10008.5.1.4.1.1.1.2,2,8.79 MB,./CMMD/D1-1530/1.3.6.1.4.1.14519.5.2.1.1239.1759.198521714756713948371162020681/1.3.6.1.4.1.14519.5.2.1.1239.1759.936105654436939061151723972361,2025-12-02T11:11:24.741213035
1.3.6.1.4.1.14519.5.2.1.1239.1759.713613520669467114679732860674,CMMD,NO,https://doi.org/10.7937/tcia.eqde4b16,D1-1529,1.3.6.1.4.1.14519.5.2.1.1239.1759.220194939506054418231918874535,NA,07-18-2011,NA,NA,MG,Digital Mammography X-Ray Image Storage - For Presentation,1.2.840.10008.5.1.4.1.1.1.2,2,8.79 MB,./CMMD/D1-1529/1.3.6.1.4.1.14519.5.2.1.1239.1759.220194939506054418231918874535/1.3.6.1.4.1.14519.5.2.1.1239.1759.713613520669467114679732860674,2025-12-02T11:11:25.611896334
1.3.6.1.4.1.14519.5.2.1.1239.1759.320143542146705463687492031786,CMMD,NO,https://doi.org/10.7937/tcia.eqde4b16,D1-1532,1.3.6.1.4.1.14519.5.2.1.1239.1759.307365425397227773384483812237,NA,07-18-2011,NA,NA,MG,Digital Mammography X-Ray Image Storage - For Presentation,1.2.840.10008.5.1.4.1.1.1.2,2,8.79 MB,./CMMD/D1-1532/1.3.6.1.4.1.14519.5.2.1.1239.1759.307365425397227773384483812237/1.3.6.1.4.1.14519.5.2.1.1239.1759.320143542146705463687492031786,2025-12-02T11:11:25.67416377
1.3.6.1.4.1.14519.5.2.1.1239.1759.131275144424721801215249855404,CMMD,NO,https://doi.org/10.7937/tcia.eqde4b16,D1-1533,1.3.6.1.4.1.14519.5.2.1.1239.1759.272392766201795027457167487436,NA,07-18-2011,NA,NA,MG,Digital Mammography X-Ray Image Storage - For Presentation,1.2.840.10008.5.1.4.1.1.1.2,2,8.79 MB,./CMMD/D1-1533/1.3.6.1.4.1.14519.5.2.1.1239.1759.272392766201795027457167487436/1.3.6.1.4.1.14519.5.2.1.1239.1759.131275144424721801215249855404,2025-12-02T11:11:38.849267309
1.3.6.1.4.1.14519.5.2.1.1239.1759.313891558217556724810513798181,CMMD,NO,https://doi.org/10.7937/tcia.eqde4b16,D1-1536,1.3.6.1.4.1.14519.5.2.1.1239.1759.190728766142742943782520992407,NA,07-18-2011,NA,NA,MG,Digital Mammography X-Ray Image Storage - For Presentation,1.2.840.10008.5.1.4.1.1.1.2,2,8.79 MB,./CMMD/D1-1536/1.3.6.1.4.1.14519.5.2.1.1239.1759.190728766142742943782520992407/1.3.6.1.4.1.14519.5.2.1.1239.1759.313891558217556724810513798181,2025-12-02T11:11:39.483300299
1.3.6.1.4.1.14519.5.2.1.1239.1759.328818202694424480268726104981,CMMD,NO,https://doi.org/10.7937/tcia.eqde4b16,D1-1534,1.3.6.1.4.1.14519.5.2.1.1239.1759.145955540572079066798992699216,NA,07-18-2011,NA,NA,MG,Digital Mammography X-Ray Image Storage - For Presentation,1.2.840.10008.5.1.4.1.1.1.2,2,8.79 MB,./CMMD/D1-1534/1.3.6.1.4.1.14519.5.2.1.1239.1759.145955540572079066798992699216/1.3.6.1.4.1.14519.5.2.1.1239.1759.328818202694424480268726104981,2025-12-02T11:11:39.743067088
1.3.6.1.4.1.14519.5.2.1.1239.1759.312022662058844671652566288915,CMMD,NO,https://doi.org/10.7937/tcia.eqde4b16,D1-1544,1.3.6.1.4.1.14519.5.2.1.1239.1759.126896962486319654452117922172,NA,07-18-2011,NA,NA,MG,Digital Mammography X-Ray Image Storage - For Presentation,1.2.840.10008.5.1.4.1.1.1.2,2,8.79 MB,./CMMD/D1-1544/1.3.6.1.4.1.14519.5.2.1.1239.1759.126896962486319654452117922172/1.3.6.1.4.1.14519.5.2.1.1239.1759.312022662058844671652566288915,2025-12-02T11:11:45.629245752
1.3.6.1.4.1.14519.5.2.1.1239.1759.133754175600670616816844233479,CMMD,NO,https://doi.org/10.7937/tcia.eqde4b16,D1-1539,1.3.6.1.4.1.14519.5.2.1.1239.1759.224208342787048137045955150291,NA,07-18-2011,NA,NA,MG,Digital Mammography X-Ray Image Storage - For Presentation,1.2.840.10008.5.1.4.1.1.1.2,2,8.79 MB,./CMMD/D1-1539/1.3.6.1.4.1.14519.5.2.1.1239.1759.224208342787048137045955150291/1.3.6.1.4.1.14519.5.2.1.1239.1759.133754175600670616816844233479,2025-12-02T11:11:51.4419642
1.3.6.1.4.1.14519.5.2.1.1239.1759.304230015010029528432860114138,CMMD,NO,https://doi.org/10.7937/tcia.eqde4b16,D1-1545,1.3.6.1.4.1.14519.5.2.1.1239.1759.466168794152708461309265336244,NA,07-18-2011,NA,NA,MG,Digital Mammography X-Ray Image Storage - For Presentation,1.2.840.10008.5.1.4.1.1.1.2,2,8.79 MB,./CMMD/D1-1545/1.3.6.1.4.1.14519.5.2.1.1239.1759.466168794152708461309265336244/1.3.6.1.4.1.14519.5.2.1.1239.1759.304230015010029528432860114138,2025-12-02T11:11:53.768378754
1.3.6.1.4.1.14519.5.2.1.1239.1759.835453900785667527112896301137,CMMD,NO,https://doi.org/10.7937/tcia.eqde4b16,D1-1548,1.3.6.1.4.1.14519.5.2.1.1239.1759.166279804141373749313093069544,NA,07-18-2011,NA,NA,MG,Digital Mammography X-Ray Image Storage - For Presentation,1.2.840.10008.5.1.4.1.1.1.2,2,8.79 MB,./CMMD/D1-1548/1.3.6.1.4.1.14519.5.2.1.1239.1759.166279804141373749313093069544/1.3.6.1.4.1.14519.5.2.1.1239.1759.835453900785667527112896301137,2025-12-02T11:11:59.300880878
1.3.6.1.4.1.14519.5.2.1.1239.1759.898582999425263395907716828821,CMMD,NO,https://doi.org/10.7937/tcia.eqde4b16,D1-1551,1.3.6.1.4.1.14519.5.2.1.1239.1759.271300012106873755769034251870,NA,07-18-2011,NA,NA,MG,Digital Mammography X-Ray Image Storage - For Presentation,1.2.840.10008.5.1.4.1.1.1.2,2,8.79 MB,./CMMD/D1-1551/1.3.6.1.4.1.14519.5.2.1.1239.1759.271300012106873755769034251870/1.3.6.1.4.1.14519.5.2.1.1239.1759.898582999425263395907716828821,2025-12-02T11:12:07.028068429
1.3.6.1.4.1.14519.5.2.1.1239.1759.130615127197689312256822009955,CMMD,NO,https://doi.org/10.7937/tcia.eqde4b16,D1-1550,1.3.6.1.4.1.14519.5.2.1.1239.1759.173669175560040716717051314490,NA,07-18-2011,NA,NA,MG,Digital Mammography X-Ray Image Storage - For Presentation,1.2.840.10008.5.1.4.1.1.1.2,2,8.79 MB,./CMMD/D1-1550/1.3.6.1.4.1.14519.5.2.1.1239.1759.173669175560040716717051314490/1.3.6.1.4.1.14519.5.2.1.1239.1759.130615127197689312256822009955,2025-12-02T11:12:07.185863214
1.3.6.1.4.1.14519.5.2.1.1239.1759.252026527073062225407291029097,CMMD,NO,https://doi.org/10.7937/tcia.eqde4b16,D1-1553,1.3.6.1.4.1.14519.5.2.1.1239.1759.155206632443756608161047771288,NA,07-18-2011,NA,NA,MG,Digital Mammography X-Ray Image Storage - For Presentation,1.2.840.10008.5.1.4.1.1.1.2,2,8.79 MB,./CMMD/D1-1553/1.3.6.1.4.1.14519.5.2.1.1239.1759.155206632443756608161047771288/1.3.6.1.4.1.14519.5.2.1.1239.1759.252026527073062225407291029097,2025-12-02T11:12:10.275484984
1.3.6.1.4.1.14519.5.2.1.1239.1759.278452646743313848658514808316,CMMD,NO,https://doi.org/10.7937/tcia.eqde4b16,D1-1555,1.3.6.1.4.1.14519.5.2.1.1239.1759.182730087072403712435998967784,NA,07-18-2011,NA,NA,MG,Digital Mammography X-Ray Image Storage - For Presentation,1.2.840.10008.5.1.4.1.1.1.2,2,8.79 MB,./CMMD/D1-1555/1.3.6.1.4.1.14519.5.2.1.1239.1759.182730087072403712435998967784/1.3.6.1.4.1.14519.5.2.1.1239.1759.278452646743313848658514808316,2025-12-02T11:12:21.364548687
1.3.6.1.4.1.14519.5.2.1.1239.1759.281439529995041599899097543351,CMMD,NO,https://doi.org/10.7937/tcia.eqde4b16,D1-1554,1.3.6.1.4.1.14519.5.2.1.1239.1759.483408946994130993819901299028,NA,07-18-2011,NA,NA,MG,Digital Mammography X-Ray Image Storage - For Presentation,1.2.840.10008.5.1.4.1.1.1.2,2,8.79 MB,./CMMD/D1-1554/1.3.6.1.4.1.14519.5.2.1.1239.1759.483408946994130993819901299028/1.3.6.1.4.1.14519.5.2.1.1239.1759.281439529995041599899097543351,2025-12-02T11:12:23.722647782
1.3.6.1.4.1.14519.5.2.1.1239.1759.289980145975052795362461197335,CMMD,NO,https://doi.org/10.7937/tcia.eqde4b16,D1-1558,1.3.6.1.4.1.14519.5.2.1.1239.1759.267745677864854557464132430673,NA,07-18-2011,NA,NA,MG,Digital Mammography X-Ray Image Storage - For Presentation,1.2.840.10008.5.1.4.1.1.1.2,2,8.79 MB,./CMMD/D1-1558/1.3.6.1.4.1.14519.5.2.1.1239.1759.267745677864854557464132430673/1.3.6.1.4.1.14519.5.2.1.1239.1759.289980145975052795362461197335,2025-12-02T11:12:25.071945144
1.3.6.1.4.1.14519.5.2.1.1239.1759.571979394141924389743981846703,CMMD,NO,https://doi.org/10.7937/tcia.eqde4b16,D1-1559,1.3.6.1.4.1.14519.5.2.1.1239.1759.249478833099090540000004692933,NA,07-18-2011,NA,NA,MG,Digital Mammography X-Ray Image Storage - For Presentation,1.2.840.10008.5.1.4.1.1.1.2,2,8.79 MB,./CMMD/D1-1559/1.3.6.1.4.1.14519.5.2.1.1239.1759.249478833099090540000004692933/1.3.6.1.4.1.14519.5.2.1.1239.1759.571979394141924389743981846703,2025-12-02T11:12:32.998743602
1.3.6.1.4.1.14519.5.2.1.1239.1759.113120558145686910300006747679,CMMD,NO,https://doi.org/10.7937/tcia.eqde4b16,D1-1561,1.3.6.1.4.1.14519.5.2.1.1239.1759.193989447024531019283708181867,NA,07-18-2011,NA,NA,MG,Digital Mammography X-Ray Image Storage - For Presentation,1.2.840.10008.5.1.4.1.1.1.2,2,8.79 MB,./CMMD/D1-1561/1.3.6.1.4.1.14519.5.2.1.1239.1759.193989447024531019283708181867/1.3.6.1.4.1.14519.5.2.1.1239.1759.113120558145686910300006747679,2025-12-02T11:12:35.784968905
1.3.6.1.4.1.14519.5.2.1.1239.1759.156122892158354464717859999492,CMMD,NO,https://doi.org/10.7937/tcia.eqde4b16,D1-1562,1.3.6.1.4.1.14519.5.2.1.1239.1759.338907381709387061347352341459,NA,07-18-2011,NA,NA,MG,Digital Mammography X-Ray Image Storage - For Presentation,1.2.840.10008.5.1.4.1.1.1.2,2,8.79 MB,./CMMD/D1-1562/1.3.6.1.4.1.14519.5.2.1.1239.1759.338907381709387061347352341459/1.3.6.1.4.1.14519.5.2.1.1239.1759.156122892158354464717859999492,2025-12-02T11:12:39.313731039
1.3.6.1.4.1.14519.5.2.1.1239.1759.276134485464804611566448228911,CMMD,NO,https://doi.org/10.7937/tcia.eqde4b16,D1-1563,1.3.6.1.4.1.14519.5.2.1.1239.1759.804166383823307007347408370128,NA,07-18-2011,NA,NA,MG,Digital Mammography X-Ray Image Storage - For Presentation,1.2.840.10008.5.1.4.1.1.1.2,2,8.79 MB,./CMMD/D1-1563/1.3.6.1.4.1.14519.5.2.1.1239.1759.804166383823307007347408370128/1.3.6.1.4.1.14519.5.2.1.1239.1759.276134485464804611566448228911,2025-12-02T11:12:43.13647503
1.3.6.1.4.1.14519.5.2.1.1239.1759.154243600668691071116695317348,CMMD,NO,https://doi.org/10.7937/tcia.eqde4b16,D1-1565,1.3.6.1.4.1.14519.5.2.1.1239.1759.301003010153156139137662188739,NA,07-18-2011,NA,NA,MG,Digital Mammography X-Ray Image Storage - For Presentation,1.2.840.10008.5.1.4.1.1.1.2,2,8.79 MB,./CMMD/D1-1565/1.3.6.1.4.1.14519.5.2.1.1239.1759.301003010153156139137662188739/1.3.6.1.4.1.14519.5.2.1.1239.1759.154243600668691071116695317348,2025-12-02T11:12:49.686605513
1.3.6.1.4.1.14519.5.2.1.1239.1759.100211495463522392688935344597,CMMD,NO,https://doi.org/10.7937/tcia.eqde4b16,D1-1569,1.3.6.1.4.1.14519.5.2.1.1239.1759.181963265053082474148411725731,NA,07-18-2011,NA,NA,MG,Digital Mammography X-Ray Image Storage - For Presentation,1.2.840.10008.5.1.4.1.1.1.2,2,8.79 MB,./CMMD/D1-1569/1.3.6.1.4.1.14519.5.2.1.1239.1759.181963265053082474148411725731/1.3.6.1.4.1.14519.5.2.1.1239.1759.100211495463522392688935344597,2025-12-02T11:12:50.742747079
1.3.6.1.4.1.14519.5.2.1.1239.1759.765077426336853208192368912597,CMMD,NO,https://doi.org/10.7937/tcia.eqde4b16,D1-1572,1.3.6.1.4.1.14519.5.2.1.1239.1759.439119394972290597623242158865,NA,07-18-2011,NA,NA,MG,Digital Mammography X-Ray Image Storage - For Presentation,1.2.840.10008.5.1.4.1.1.1.2,2,8.79 MB,./CMMD/D1-1572/1.3.6.1.4.1.14519.5.2.1.1239.1759.439119394972290597623242158865/1.3.6.1.4.1.14519.5.2.1.1239.1759.765077426336853208192368912597,2025-12-02T11:12:56.712546044
1.3.6.1.4.1.14519.5.2.1.1239.1759.152792789033517525878236211417,CMMD,NO,https://doi.org/10.7937/tcia.eqde4b16,D1-1575,1.3.6.1.4.1.14519.5.2.1.1239.1759.265835823462960656565342730219,NA,07-18-2011,NA,NA,MG,Digital Mammography X-Ray Image Storage - For Presentation,1.2.840.10008.5.1.4.1.1.1.2,2,8.79 MB,./CMMD/D1-1575/1.3.6.1.4.1.14519.5.2.1.1239.1759.265835823462960656565342730219/1.3.6.1.4.1.14519.5.2.1.1239.1759.152792789033517525878236211417,2025-12-02T11:13:03.069664373
1.3.6.1.4.1.14519.5.2.1.1239.1759.254326941890550251686857219791,CMMD,NO,https://doi.org/10.7937/tcia.eqde4b16,D1-1576,1.3.6.1.4.1.14519.5.2.1.1239.1759.243036413839346495765956113864,NA,07-18-2011,NA,NA,MG,Digital Mammography X-Ray Image Storage - For Presentation,1.2.840.10008.5.1.4.1.1.1.2,2,8.79 MB,./CMMD/D1-1576/1.3.6.1.4.1.14519.5.2.1.1239.1759.243036413839346495765956113864/1.3.6.1.4.1.14519.5.2.1.1239.1759.254326941890550251686857219791,2025-12-02T11:13:03.331815504
1.3.6.1.4.1.14519.5.2.1.1239.1759.326873860001456267137313193376,CMMD,NO,https://doi.org/10.7937/tcia.eqde4b16,D1-1577,1.3.6.1.4.1.14519.5.2.1.1239.1759.115900518538539940778698729325,NA,07-18-2011,NA,NA,MG,Digital Mammography X-Ray Image Storage - For Presentation,1.2.840.10008.5.1.4.1.1.1.2,2,8.79 MB,./CMMD/D1-1577/1.3.6.1.4.1.14519.5.2.1.1239.1759.115900518538539940778698729325/1.3.6.1.4.1.14519.5.2.1.1239.1759.326873860001456267137313193376,2025-12-02T11:13:10.107498492
1.3.6.1.4.1.14519.5.2.1.1239.1759.199774263904112357023336953025,CMMD,NO,https://doi.org/10.7937/tcia.eqde4b16,D1-1578,1.3.6.1.4.1.14519.5.2.1.1239.1759.133116273654981762108774497482,NA,07-18-2011,NA,NA,MG,Digital Mammography X-Ray Image Storage - For Presentation,1.2.840.10008.5.1.4.1.1.1.2,2,8.79 MB,./CMMD/D1-1578/1.3.6.1.4.1.14519.5.2.1.1239.1759.133116273654981762108774497482/1.3.6.1.4.1.14519.5.2.1.1239.1759.199774263904112357023336953025,2025-12-02T11:13:12.332218179
1.3.6.1.4.1.14519.5.2.1.1239.1759.117747231707635019666620626758,CMMD,NO,https://doi.org/10.7937/tcia.eqde4b16,D1-1580,1.3.6.1.4.1.14519.5.2.1.1239.1759.264129466273974149129060558092,NA,07-18-2011,NA,NA,MG,Digital Mammography X-Ray Image Storage - For Presentation,1.2.840.10008.5.1.4.1.1.1.2,2,8.79 MB,./CMMD/D1-1580/1.3.6.1.4.1.14519.5.2.1.1239.1759.264129466273974149129060558092/1.3.6.1.4.1.14519.5.2.1.1239.1759.117747231707635019666620626758,2025-12-02T11:13:15.831914994
1.3.6.1.4.1.14519.5.2.1.1239.1759.150114502475767220825657777520,CMMD,NO,https://doi.org/10.7937/tcia.eqde4b16,D1-1586,1.3.6.1.4.1.14519.5.2.1.1239.1759.221822237725569284661524541486,NA,07-18-2011,NA,NA,MG,Digital Mammography X-Ray Image Storage - For Presentation,1.2.840.10008.5.1.4.1.1.1.2,2,8.79 MB,./CMMD/D1-1586/1.3.6.1.4.1.14519.5.2.1.1239.1759.221822237725569284661524541486/1.3.6.1.4.1.14519.5.2.1.1239.1759.150114502475767220825657777520,2025-12-02T11:13:22.671453549
1.3.6.1.4.1.14519.5.2.1.1239.1759.193093852319637353462553575487,CMMD,NO,https://doi.org/10.7937/tcia.eqde4b16,D1-1588,1.3.6.1.4.1.14519.5.2.1.1239.1759.172090305982573412887781498683,NA,07-18-2011,NA,NA,MG,Digital Mammography X-Ray Image Storage - For Presentation,1.2.840.10008.5.1.4.1.1.1.2,2,8.79 MB,./CMMD/D1-1588/1.3.6.1.4.1.14519.5.2.1.1239.1759.172090305982573412887781498683/1.3.6.1.4.1.14519.5.2.1.1239.1759.193093852319637353462553575487,2025-12-02T11:13:25.114125066
1.3.6.1.4.1.14519.5.2.1.1239.1759.689867394367673240385746169896,CMMD,NO,https://doi.org/10.7937/tcia.eqde4b16,D1-1590,1.3.6.1.4.1.14519.5.2.1.1239.1759.491920581282297947968027219060,NA,07-18-2011,NA,NA,MG,Digital Mammography X-Ray Image Storage - For Presentation,1.2.840.10008.5.1.4.1.1.1.2,4,17.57 MB,./CMMD/D1-1590/1.3.6.1.4.1.14519.5.2.1.1239.1759.491920581282297947968027219060/1.3.6.1.4.1.14519.5.2.1.1239.1759.689867394367673240385746169896,2025-12-02T11:13:30.568744039
1.3.6.1.4.1.14519.5.2.1.1239.1759.332455142760487418494249849670,CMMD,NO,https://doi.org/10.7937/tcia.eqde4b16,D1-1594,1.3.6.1.4.1.14519.5.2.1.1239.1759.207477392281171724949635360410,NA,07-18-2011,NA,NA,MG,Digital Mammography X-Ray Image Storage - For Presentation,1.2.840.10008.5.1.4.1.1.1.2,2,8.79 MB,./CMMD/D1-1594/1.3.6.1.4.1.14519.5.2.1.1239.1759.207477392281171724949635360410/1.3.6.1.4.1.14519.5.2.1.1239.1759.332455142760487418494249849670,2025-12-02T11:13:37.177328376
1.3.6.1.4.1.14519.5.2.1.1239.1759.158843769370267882203794682074,CMMD,NO,https://doi.org/10.7937/tcia.eqde4b16,D1-1598,1.3.6.1.4.1.14519.5.2.1.1239.1759.244741983076942198603728342865,NA,07-18-2011,NA,NA,MG,Digital Mammography X-Ray Image Storage - For Presentation,1.2.840.10008.5.1.4.1.1.1.2,2,8.79 MB,./CMMD/D1-1598/1.3.6.1.4.1.14519.5.2.1.1239.1759.244741983076942198603728342865/1.3.6.1.4.1.14519.5.2.1.1239.1759.158843769370267882203794682074,2025-12-02T11:13:38.054343439
1.3.6.1.4.1.14519.5.2.1.1239.1759.299996958743995422124324302483,CMMD,NO,https://doi.org/10.7937/tcia.eqde4b16,D1-1605,1.3.6.1.4.1.14519.5.2.1.1239.1759.674805160097702269101009422672,NA,07-18-2011,NA,NA,MG,Digital Mammography X-Ray Image Storage - For Presentation,1.2.840.10008.5.1.4.1.1.1.2,2,8.79 MB,./CMMD/D1-1605/1.3.6.1.4.1.14519.5.2.1.1239.1759.674805160097702269101009422672/1.3.6.1.4.1.14519.5.2.1.1239.1759.299996958743995422124324302483,2025-12-02T11:13:50.622147339
1.3.6.1.4.1.14519.5.2.1.1239.1759.135665456553387540427344306139,CMMD,NO,https://doi.org/10.7937/tcia.eqde4b16,D1-1599,1.3.6.1.4.1.14519.5.2.1.1239.1759.272542318313326752770986143896,NA,07-18-2011,NA,NA,MG,Digital Mammography X-Ray Image Storage - For Presentation,1.2.840.10008.5.1.4.1.1.1.2,2,8.79 MB,./CMMD/D1-1599/1.3.6.1.4.1.14519.5.2.1.1239.1759.272542318313326752770986143896/1.3.6.1.4.1.14519.5.2.1.1239.1759.135665456553387540427344306139,2025-12-02T11:13:50.820205593
1.3.6.1.4.1.14519.5.2.1.1239.1759.217249699223337462678281644179,CMMD,NO,https://doi.org/10.7937/tcia.eqde4b16,D1-1601,1.3.6.1.4.1.14519.5.2.1.1239.1759.149305873010525776390530709062,NA,07-18-2011,NA,NA,MG,Digital Mammography X-Ray Image Storage - For Presentation,1.2.840.10008.5.1.4.1.1.1.2,2,8.79 MB,./CMMD/D1-1601/1.3.6.1.4.1.14519.5.2.1.1239.1759.149305873010525776390530709062/1.3.6.1.4.1.14519.5.2.1.1239.1759.217249699223337462678281644179,2025-12-02T11:13:50.891764321
1.3.6.1.4.1.14519.5.2.1.1239.1759.101579142172019074214549304438,CMMD,NO,https://doi.org/10.7937/tcia.eqde4b16,D1-1607,1.3.6.1.4.1.14519.5.2.1.1239.1759.174804997594927218441920392802,NA,07-18-2011,NA,NA,MG,Digital Mammography X-Ray Image Storage - For Presentation,1.2.840.10008.5.1.4.1.1.1.2,2,8.79 MB,./CMMD/D1-1607/1.3.6.1.4.1.14519.5.2.1.1239.1759.174804997594927218441920392802/1.3.6.1.4.1.14519.5.2.1.1239.1759.101579142172019074214549304438,2025-12-02T11:14:00.272005926
1.3.6.1.4.1.14519.5.2.1.1239.1759.239813945177885727179082007678,CMMD,NO,https://doi.org/10.7937/tcia.eqde4b16,D1-1609,1.3.6.1.4.1.14519.5.2.1.1239.1759.227059100238465032500663393378,NA,07-18-2011,NA,NA,MG,Digital Mammography X-Ray Image Storage - For Presentation,1.2.840.10008.5.1.4.1.1.1.2,2,8.79 MB,./CMMD/D1-1609/1.3.6.1.4.1.14519.5.2.1.1239.1759.227059100238465032500663393378/1.3.6.1.4.1.14519.5.2.1.1239.1759.239813945177885727179082007678,2025-12-02T11:14:04.224042326
1.3.6.1.4.1.14519.5.2.1.1239.1759.225991370118671549672466354784,CMMD,NO,https://doi.org/10.7937/tcia.eqde4b16,D1-1608,1.3.6.1.4.1.14519.5.2.1.1239.1759.705775698784311074177596567353,NA,07-18-2011,NA,NA,MG,Digital Mammography X-Ray Image Storage - For Presentation,1.2.840.10008.5.1.4.1.1.1.2,2,8.79 MB,./CMMD/D1-1608/1.3.6.1.4.1.14519.5.2.1.1239.1759.705775698784311074177596567353/1.3.6.1.4.1.14519.5.2.1.1239.1759.225991370118671549672466354784,2025-12-02T11:14:04.743507567
1.3.6.1.4.1.14519.5.2.1.1239.1759.277614573674356425019185171052,CMMD,NO,https://doi.org/10.7937/tcia.eqde4b16,D1-1613,1.3.6.1.4.1.14519.5.2.1.1239.1759.928124587842260102118280201432,NA,07-18-2011,NA,NA,MG,Digital Mammography X-Ray Image Storage - For Presentation,1.2.840.10008.5.1.4.1.1.1.2,2,8.79 MB,./CMMD/D1-1613/1.3.6.1.4.1.14519.5.2.1.1239.1759.928124587842260102118280201432/1.3.6.1.4.1.14519.5.2.1.1239.1759.277614573674356425019185171052,2025-12-02T11:14:17.672965217
1.3.6.1.4.1.14519.5.2.1.1239.1759.229041282445385504815085146097,CMMD,NO,https://doi.org/10.7937/tcia.eqde4b16,D1-1614,1.3.6.1.4.1.14519.5.2.1.1239.1759.169926689798340343038421297978,NA,07-18-2011,NA,NA,MG,Digital Mammography X-Ray Image Storage - For Presentation,1.2.840.10008.5.1.4.1.1.1.2,2,8.79 MB,./CMMD/D1-1614/1.3.6.1.4.1.14519.5.2.1.1239.1759.169926689798340343038421297978/1.3.6.1.4.1.14519.5.2.1.1239.1759.229041282445385504815085146097,2025-12-02T11:14:18.089341194
1.3.6.1.4.1.14519.5.2.1.1239.1759.376829159678052492462886654248,CMMD,NO,https://doi.org/10.7937/tcia.eqde4b16,D1-1616,1.3.6.1.4.1.14519.5.2.1.1239.1759.467819764139587897160440627687,NA,07-18-2011,NA,NA,MG,Digital Mammography X-Ray Image Storage - For Presentation,1.2.840.10008.5.1.4.1.1.1.2,2,8.79 MB,./CMMD/D1-1616/1.3.6.1.4.1.14519.5.2.1.1239.1759.467819764139587897160440627687/1.3.6.1.4.1.14519.5.2.1.1239.1759.376829159678052492462886654248,2025-12-02T11:14:19.842097536
1.3.6.1.4.1.14519.5.2.1.1239.1759.410524696369058215593432840170,CMMD,NO,https://doi.org/10.7937/tcia.eqde4b16,D1-1627,1.3.6.1.4.1.14519.5.2.1.1239.1759.625326748032996047690220584126,NA,07-18-2011,NA,NA,MG,Digital Mammography X-Ray Image Storage - For Presentation,1.2.840.10008.5.1.4.1.1.1.2,2,8.79 MB,./CMMD/D1-1627/1.3.6.1.4.1.14519.5.2.1.1239.1759.625326748032996047690220584126/1.3.6.1.4.1.14519.5.2.1.1239.1759.410524696369058215593432840170,2025-12-02T11:14:29.334634271
1.3.6.1.4.1.14519.5.2.1.1239.1759.176301893647154222944707515040,CMMD,NO,https://doi.org/10.7937/tcia.eqde4b16,D1-1617,1.3.6.1.4.1.14519.5.2.1.1239.1759.105597623764791850713405812363,NA,07-18-2011,NA,NA,MG,Digital Mammography X-Ray Image Storage - For Presentation,1.2.840.10008.5.1.4.1.1.1.2,2,8.79 MB,./CMMD/D1-1617/1.3.6.1.4.1.14519.5.2.1.1239.1759.105597623764791850713405812363/1.3.6.1.4.1.14519.5.2.1.1239.1759.176301893647154222944707515040,2025-12-02T11:14:31.945805751
1.3.6.1.4.1.14519.5.2.1.1239.1759.208271384514163822860006462994,CMMD,NO,https://doi.org/10.7937/tcia.eqde4b16,D1-1623,1.3.6.1.4.1.14519.5.2.1.1239.1759.523132352575384595354508379808,NA,07-18-2011,NA,NA,MG,Digital Mammography X-Ray Image Storage - For Presentation,1.2.840.10008.5.1.4.1.1.1.2,2,8.79 MB,./CMMD/D1-1623/1.3.6.1.4.1.14519.5.2.1.1239.1759.523132352575384595354508379808/1.3.6.1.4.1.14519.5.2.1.1239.1759.208271384514163822860006462994,2025-12-02T11:14:33.525154059
1.3.6.1.4.1.14519.5.2.1.1239.1759.142729820643626128312351520674,CMMD,NO,https://doi.org/10.7937/tcia.eqde4b16,D1-1634,1.3.6.1.4.1.14519.5.2.1.1239.1759.132357477285680059152242772458,NA,07-18-2011,NA,NA,MG,Digital Mammography X-Ray Image Storage - For Presentation,1.2.840.10008.5.1.4.1.1.1.2,2,8.79 MB,./CMMD/D1-1634/1.3.6.1.4.1.14519.5.2.1.1239.1759.132357477285680059152242772458/1.3.6.1.4.1.14519.5.2.1.1239.1759.142729820643626128312351520674,2025-12-02T11:14:41.249578923
1.3.6.1.4.1.14519.5.2.1.1239.1759.248747513261815543905215449675,CMMD,NO,https://doi.org/10.7937/tcia.eqde4b16,D1-1633,1.3.6.1.4.1.14519.5.2.1.1239.1759.250807464153896947060481357719,NA,07-18-2011,NA,NA,MG,Digital Mammography X-Ray Image Storage - For Presentation,1.2.840.10008.5.1.4.1.1.1.2,2,8.79 MB,./CMMD/D1-1633/1.3.6.1.4.1.14519.5.2.1.1239.1759.250807464153896947060481357719/1.3.6.1.4.1.14519.5.2.1.1239.1759.248747513261815543905215449675,2025-12-02T11:14:42.133507505
1.3.6.1.4.1.14519.5.2.1.1239.1759.320142543131460676318288241505,CMMD,NO,https://doi.org/10.7937/tcia.eqde4b16,D1-1635,1.3.6.1.4.1.14519.5.2.1.1239.1759.233565234978423835806893721216,NA,07-18-2011,NA,NA,MG,Digital Mammography X-Ray Image Storage - For Presentation,1.2.840.10008.5.1.4.1.1.1.2,2,8.79 MB,./CMMD/D1-1635/1.3.6.1.4.1.14519.5.2.1.1239.1759.233565234978423835806893721216/1.3.6.1.4.1.14519.5.2.1.1239.1759.320142543131460676318288241505,2025-12-02T11:14:47.589782148
1.3.6.1.4.1.14519.5.2.1.1239.1759.174185191906642942900573681972,CMMD,NO,https://doi.org/10.7937/tcia.eqde4b16,D1-1636,1.3.6.1.4.1.14519.5.2.1.1239.1759.167616427446621200524962182752,NA,07-18-2011,NA,NA,MG,Digital Mammography X-Ray Image Storage - For Presentation,1.2.840.10008.5.1.4.1.1.1.2,2,8.79 MB,./CMMD/D1-1636/1.3.6.1.4.1.14519.5.2.1.1239.1759.167616427446621200524962182752/1.3.6.1.4.1.14519.5.2.1.1239.1759.174185191906642942900573681972,2025-12-02T11:14:50.864140192
1.3.6.1.4.1.14519.5.2.1.1239.1759.200876875136169084719798625378,CMMD,NO,https://doi.org/10.7937/tcia.eqde4b16,D1-1637,1.3.6.1.4.1.14519.5.2.1.1239.1759.252089024763653731933905772745,NA,07-18-2011,NA,NA,MG,Digital Mammography X-Ray Image Storage - For Presentation,1.2.840.10008.5.1.4.1.1.1.2,2,8.79 MB,./CMMD/D1-1637/1.3.6.1.4.1.14519.5.2.1.1239.1759.252089024763653731933905772745/1.3.6.1.4.1.14519.5.2.1.1239.1759.200876875136169084719798625378,2025-12-02T11:14:54.608033075
1.3.6.1.4.1.14519.5.2.1.1239.1759.417028915472285139626904604274,CMMD,NO,https://doi.org/10.7937/tcia.eqde4b16,D1-1639,1.3.6.1.4.1.14519.5.2.1.1239.1759.284350798212887991595008220048,NA,07-18-2011,NA,NA,MG,Digital Mammography X-Ray Image Storage - For Presentation,1.2.840.10008.5.1.4.1.1.1.2,2,8.79 MB,./CMMD/D1-1639/1.3.6.1.4.1.14519.5.2.1.1239.1759.284350798212887991595008220048/1.3.6.1.4.1.14519.5.2.1.1239.1759.417028915472285139626904604274,2025-12-02T11:15:00.392161958
1.3.6.1.4.1.14519.5.2.1.1239.1759.153446479429724527563911006019,CMMD,NO,https://doi.org/10.7937/tcia.eqde4b16,D1-1640,1.3.6.1.4.1.14519.5.2.1.1239.1759.259479794700630868007821222886,NA,07-18-2011,NA,NA,MG,Digital Mammography X-Ray Image Storage - For Presentation,1.2.840.10008.5.1.4.1.1.1.2,2,8.79 MB,./CMMD/D1-1640/1.3.6.1.4.1.14519.5.2.1.1239.1759.259479794700630868007821222886/1.3.6.1.4.1.14519.5.2.1.1239.1759.153446479429724527563911006019,2025-12-02T11:15:04.144216604
1.3.6.1.4.1.14519.5.2.1.1239.1759.493495227599290659917647104164,CMMD,NO,https://doi.org/10.7937/tcia.eqde4b16,D1-1641,1.3.6.1.4.1.14519.5.2.1.1239.1759.192226678692028312337070213431,NA,07-18-2011,NA,NA,MG,Digital Mammography X-Ray Image Storage - For Presentation,1.2.840.10008.5.1.4.1.1.1.2,2,8.79 MB,./CMMD/D1-1641/1.3.6.1.4.1.14519.5.2.1.1239.1759.192226678692028312337070213431/1.3.6.1.4.1.14519.5.2.1.1239.1759.493495227599290659917647104164,2025-12-02T11:15:07.194370701
1.3.6.1.4.1.14519.5.2.1.1239.1759.280318155268608321369701829317,CMMD,NO,https://doi.org/10.7937/tcia.eqde4b16,D1-1643,1.3.6.1.4.1.14519.5.2.1.1239.1759.149884898667022098307527391724,NA,07-18-2011,NA,NA,MG,Digital Mammography X-Ray Image Storage - For Presentation,1.2.840.10008.5.1.4.1.1.1.2,2,8.79 MB,./CMMD/D1-1643/1.3.6.1.4.1.14519.5.2.1.1239.1759.149884898667022098307527391724/1.3.6.1.4.1.14519.5.2.1.1239.1759.280318155268608321369701829317,2025-12-02T11:15:13.12469518
1.3.6.1.4.1.14519.5.2.1.1239.1759.317338083668851310663003323081,CMMD,NO,https://doi.org/10.7937/tcia.eqde4b16,D1-1644,1.3.6.1.4.1.14519.5.2.1.1239.1759.218839996215541476596062011228,NA,07-18-2011,NA,NA,MG,Digital Mammography X-Ray Image Storage - For Presentation,1.2.840.10008.5.1.4.1.1.1.2,2,8.79 MB,./CMMD/D1-1644/1.3.6.1.4.1.14519.5.2.1.1239.1759.218839996215541476596062011228/1.3.6.1.4.1.14519.5.2.1.1239.1759.317338083668851310663003323081,2025-12-02T11:15:16.218932878
1.3.6.1.4.1.14519.5.2.1.1239.1759.221524751755501246913651351500,CMMD,NO,https://doi.org/10.7937/tcia.eqde4b16,D1-1651,1.3.6.1.4.1.14519.5.2.1.1239.1759.820898573434491628417524736040,NA,07-18-2011,NA,NA,MG,Digital Mammography X-Ray Image Storage - For Presentation,1.2.840.10008.5.1.4.1.1.1.2,2,8.79 MB,./CMMD/D1-1651/1.3.6.1.4.1.14519.5.2.1.1239.1759.820898573434491628417524736040/1.3.6.1.4.1.14519.5.2.1.1239.1759.221524751755501246913651351500,2025-12-02T11:15:25.239980545
1.3.6.1.4.1.14519.5.2.1.1239.1759.308489946018941773607269766989,CMMD,NO,https://doi.org/10.7937/tcia.eqde4b16,D1-1650,1.3.6.1.4.1.14519.5.2.1.1239.1759.149346482116622013757230360342,NA,07-18-2011,NA,NA,MG,Digital Mammography X-Ray Image Storage - For Presentation,1.2.840.10008.5.1.4.1.1.1.2,2,8.79 MB,./CMMD/D1-1650/1.3.6.1.4.1.14519.5.2.1.1239.1759.149346482116622013757230360342/1.3.6.1.4.1.14519.5.2.1.1239.1759.308489946018941773607269766989,2025-12-02T11:15:28.744764617
1.3.6.1.4.1.14519.5.2.1.1239.1759.262359629330125167667311762417,CMMD,NO,https://doi.org/10.7937/tcia.eqde4b16,D1-1648,1.3.6.1.4.1.14519.5.2.1.1239.1759.166132425952712301764296764982,NA,07-18-2011,NA,NA,MG,Digital Mammography X-Ray Image Storage - For Presentation,1.2.840.10008.5.1.4.1.1.1.2,2,8.79 MB,./CMMD/D1-1648/1.3.6.1.4.1.14519.5.2.1.1239.1759.166132425952712301764296764982/1.3.6.1.4.1.14519.5.2.1.1239.1759.262359629330125167667311762417,2025-12-02T11:15:33.143005727
1.3.6.1.4.1.14519.5.2.1.1239.1759.166135509557202620932136190658,CMMD,NO,https://doi.org/10.7937/tcia.eqde4b16,D1-1652,1.3.6.1.4.1.14519.5.2.1.1239.1759.314266910663927543236766875171,NA,07-18-2011,NA,NA,MG,Digital Mammography X-Ray Image Storage - For Presentation,1.2.840.10008.5.1.4.1.1.1.2,2,8.79 MB,./CMMD/D1-1652/1.3.6.1.4.1.14519.5.2.1.1239.1759.314266910663927543236766875171/1.3.6.1.4.1.14519.5.2.1.1239.1759.166135509557202620932136190658,2025-12-02T11:15:39.531973654
1.3.6.1.4.1.14519.5.2.1.1239.1759.149787315593414270160457534786,CMMD,NO,https://doi.org/10.7937/tcia.eqde4b16,D1-1661,1.3.6.1.4.1.14519.5.2.1.1239.1759.279131988594448208808604509052,NA,07-18-2011,NA,NA,MG,Digital Mammography X-Ray Image Storage - For Presentation,1.2.840.10008.5.1.4.1.1.1.2,2,8.79 MB,./CMMD/D1-1661/1.3.6.1.4.1.14519.5.2.1.1239.1759.279131988594448208808604509052/1.3.6.1.4.1.14519.5.2.1.1239.1759.149787315593414270160457534786,2025-12-02T11:15:44.917734473
1.3.6.1.4.1.14519.5.2.1.1239.1759.242955858836251312310709083286,CMMD,NO,https://doi.org/10.7937/tcia.eqde4b16,D1-1660,1.3.6.1.4.1.14519.5.2.1.1239.1759.292401236409190536309907119732,NA,07-18-2011,NA,NA,MG,Digital Mammography X-Ray Image Storage - For Presentation,1.2.840.10008.5.1.4.1.1.1.2,2,8.79 MB,./CMMD/D1-1660/1.3.6.1.4.1.14519.5.2.1.1239.1759.292401236409190536309907119732/1.3.6.1.4.1.14519.5.2.1.1239.1759.242955858836251312310709083286,2025-12-02T11:15:45.909026812
1.3.6.1.4.1.14519.5.2.1.1239.1759.196574242070257839113737130677,CMMD,NO,https://doi.org/10.7937/tcia.eqde4b16,D1-1653,1.3.6.1.4.1.14519.5.2.1.1239.1759.278602707089068153803698479488,NA,07-18-2011,NA,NA,MG,Digital Mammography X-Ray Image Storage - For Presentation,1.2.840.10008.5.1.4.1.1.1.2,2,8.79 MB,./CMMD/D1-1653/1.3.6.1.4.1.14519.5.2.1.1239.1759.278602707089068153803698479488/1.3.6.1.4.1.14519.5.2.1.1239.1759.196574242070257839113737130677,2025-12-02T11:15:49.78628816
1.3.6.1.4.1.14519.5.2.1.1239.1759.371648229844105834811796179687,CMMD,NO,https://doi.org/10.7937/tcia.eqde4b16,D1-1672,1.3.6.1.4.1.14519.5.2.1.1239.1759.307323862495783976509195907465,NA,07-18-2011,NA,NA,MG,Digital Mammography X-Ray Image Storage - For Presentation,1.2.840.10008.5.1.4.1.1.1.2,2,8.79 MB,./CMMD/D1-1672/1.3.6.1.4.1.14519.5.2.1.1239.1759.307323862495783976509195907465/1.3.6.1.4.1.14519.5.2.1.1239.1759.371648229844105834811796179687,2025-12-02T11:15:50.596161141
1.3.6.1.4.1.14519.5.2.1.1239.1759.256967896543985075249645286319,CMMD,NO,https://doi.org/10.7937/tcia.eqde4b16,D1-1674,1.3.6.1.4.1.14519.5.2.1.1239.1759.454784456036619124960000968237,NA,07-18-2011,NA,NA,MG,Digital Mammography X-Ray Image Storage - For Presentation,1.2.840.10008.5.1.4.1.1.1.2,2,8.79 MB,./CMMD/D1-1674/1.3.6.1.4.1.14519.5.2.1.1239.1759.454784456036619124960000968237/1.3.6.1.4.1.14519.5.2.1.1239.1759.256967896543985075249645286319,2025-12-02T11:15:55.255823976
1.3.6.1.4.1.14519.5.2.1.1239.1759.121476567743883724503021424788,CMMD,NO,https://doi.org/10.7937/tcia.eqde4b16,D1-1677,1.3.6.1.4.1.14519.5.2.1.1239.1759.109071526958592715300110639018,NA,07-18-2011,NA,NA,MG,Digital Mammography X-Ray Image Storage - For Presentation,1.2.840.10008.5.1.4.1.1.1.2,2,8.79 MB,./CMMD/D1-1677/1.3.6.1.4.1.14519.5.2.1.1239.1759.109071526958592715300110639018/1.3.6.1.4.1.14519.5.2.1.1239.1759.121476567743883724503021424788,2025-12-02T11:16:00.797787951
1.3.6.1.4.1.14519.5.2.1.1239.1759.531924232050726357845476461125,CMMD,NO,https://doi.org/10.7937/tcia.eqde4b16,D1-1666,1.3.6.1.4.1.14519.5.2.1.1239.1759.657402702138723236715422542560,NA,07-18-2011,NA,NA,MG,Digital Mammography X-Ray Image Storage - For Presentation,1.2.840.10008.5.1.4.1.1.1.2,2,8.79 MB,./CMMD/D1-1666/1.3.6.1.4.1.14519.5.2.1.1239.1759.657402702138723236715422542560/1.3.6.1.4.1.14519.5.2.1.1239.1759.531924232050726357845476461125,2025-12-02T11:16:01.978197534
1.3.6.1.4.1.14519.5.2.1.1239.1759.336190090443811828623112878095,CMMD,NO,https://doi.org/10.7937/tcia.eqde4b16,D1-1673,1.3.6.1.4.1.14519.5.2.1.1239.1759.314308462236617343126036921611,NA,07-18-2011,NA,NA,MG,Digital Mammography X-Ray Image Storage - For Presentation,1.2.840.10008.5.1.4.1.1.1.2,4,17.57 MB,./CMMD/D1-1673/1.3.6.1.4.1.14519.5.2.1.1239.1759.314308462236617343126036921611/1.3.6.1.4.1.14519.5.2.1.1239.1759.336190090443811828623112878095,2025-12-02T11:16:05.460116558
1.3.6.1.4.1.14519.5.2.1.1239.1759.162531608235518071192267906048,CMMD,NO,https://doi.org/10.7937/tcia.eqde4b16,D1-1689,1.3.6.1.4.1.14519.5.2.1.1239.1759.186600386945677985754926437012,NA,07-18-2011,NA,NA,MG,Digital Mammography X-Ray Image Storage - For Presentation,1.2.840.10008.5.1.4.1.1.1.2,2,8.79 MB,./CMMD/D1-1689/1.3.6.1.4.1.14519.5.2.1.1239.1759.186600386945677985754926437012/1.3.6.1.4.1.14519.5.2.1.1239.1759.162531608235518071192267906048,2025-12-02T11:16:11.025744099
1.3.6.1.4.1.14519.5.2.1.1239.1759.312672699535491714162069018487,CMMD,NO,https://doi.org/10.7937/tcia.eqde4b16,D1-1687,1.3.6.1.4.1.14519.5.2.1.1239.1759.323951454844351603362161769303,NA,07-18-2011,NA,NA,MG,Digital Mammography X-Ray Image Storage - For Presentation,1.2.840.10008.5.1.4.1.1.1.2,2,8.79 MB,./CMMD/D1-1687/1.3.6.1.4.1.14519.5.2.1.1239.1759.323951454844351603362161769303/1.3.6.1.4.1.14519.5.2.1.1239.1759.312672699535491714162069018487,2025-12-02T11:16:13.004573492
1.3.6.1.4.1.14519.5.2.1.1239.1759.239634803812759096703129154623,CMMD,NO,https://doi.org/10.7937/tcia.eqde4b16,D1-1690,1.3.6.1.4.1.14519.5.2.1.1239.1759.654114331644562847941411210465,NA,07-18-2011,NA,NA,MG,Digital Mammography X-Ray Image Storage - For Presentation,1.2.840.10008.5.1.4.1.1.1.2,2,8.79 MB,./CMMD/D1-1690/1.3.6.1.4.1.14519.5.2.1.1239.1759.654114331644562847941411210465/1.3.6.1.4.1.14519.5.2.1.1239.1759.239634803812759096703129154623,2025-12-02T11:16:18.198510061
1.3.6.1.4.1.14519.5.2.1.1239.1759.984115364179319035079198248113,CMMD,NO,https://doi.org/10.7937/tcia.eqde4b16,D1-1691,1.3.6.1.4.1.14519.5.2.1.1239.1759.208931177277936307267183019314,NA,07-18-2011,NA,NA,MG,Digital Mammography X-Ray Image Storage - For Presentation,1.2.840.10008.5.1.4.1.1.1.2,2,8.79 MB,./CMMD/D1-1691/1.3.6.1.4.1.14519.5.2.1.1239.1759.208931177277936307267183019314/1.3.6.1.4.1.14519.5.2.1.1239.1759.984115364179319035079198248113,2025-12-02T11:16:18.942494661
1.3.6.1.4.1.14519.5.2.1.1239.1759.179941285356771853583522131863,CMMD,NO,https://doi.org/10.7937/tcia.eqde4b16,D1-1685,1.3.6.1.4.1.14519.5.2.1.1239.1759.122337124197078427671312123167,NA,07-18-2011,NA,NA,MG,Digital Mammography X-Ray Image Storage - For Presentation,1.2.840.10008.5.1.4.1.1.1.2,2,8.79 MB,./CMMD/D1-1685/1.3.6.1.4.1.14519.5.2.1.1239.1759.122337124197078427671312123167/1.3.6.1.4.1.14519.5.2.1.1239.1759.179941285356771853583522131863,2025-12-02T11:16:27.300034048
1.3.6.1.4.1.14519.5.2.1.1239.1759.291303038835900032468507155343,CMMD,NO,https://doi.org/10.7937/tcia.eqde4b16,D1-1694,1.3.6.1.4.1.14519.5.2.1.1239.1759.669377796952975773469483908311,NA,07-18-2011,NA,NA,MG,Digital Mammography X-Ray Image Storage - For Presentation,1.2.840.10008.5.1.4.1.1.1.2,2,8.79 MB,./CMMD/D1-1694/1.3.6.1.4.1.14519.5.2.1.1239.1759.669377796952975773469483908311/1.3.6.1.4.1.14519.5.2.1.1239.1759.291303038835900032468507155343,2025-12-02T11:16:29.298061797
1.3.6.1.4.1.14519.5.2.1.1239.1759.214652964004005872189421901897,CMMD,NO,https://doi.org/10.7937/tcia.eqde4b16,D1-1693,1.3.6.1.4.1.14519.5.2.1.1239.1759.903825850882326026448837758060,NA,07-18-2011,NA,NA,MG,Digital Mammography X-Ray Image Storage - For Presentation,1.2.840.10008.5.1.4.1.1.1.2,2,8.79 MB,./CMMD/D1-1693/1.3.6.1.4.1.14519.5.2.1.1239.1759.903825850882326026448837758060/1.3.6.1.4.1.14519.5.2.1.1239.1759.214652964004005872189421901897,2025-12-02T11:16:30.212279758
1.3.6.1.4.1.14519.5.2.1.1239.1759.105237533013488244026322666770,CMMD,NO,https://doi.org/10.7937/tcia.eqde4b16,D1-1704,1.3.6.1.4.1.14519.5.2.1.1239.1759.121773631117149578904629985248,NA,07-18-2011,NA,NA,MG,Digital Mammography X-Ray Image Storage - For Presentation,1.2.840.10008.5.1.4.1.1.1.2,2,8.79 MB,./CMMD/D1-1704/1.3.6.1.4.1.14519.5.2.1.1239.1759.121773631117149578904629985248/1.3.6.1.4.1.14519.5.2.1.1239.1759.105237533013488244026322666770,2025-12-02T11:16:38.640332613
1.3.6.1.4.1.14519.5.2.1.1239.1759.372942104433335504222460776625,CMMD,NO,https://doi.org/10.7937/tcia.eqde4b16,D1-1698,1.3.6.1.4.1.14519.5.2.1.1239.1759.302848932150664192185817455560,NA,07-18-2011,NA,NA,MG,Digital Mammography X-Ray Image Storage - For Presentation,1.2.840.10008.5.1.4.1.1.1.2,2,8.79 MB,./CMMD/D1-1698/1.3.6.1.4.1.14519.5.2.1.1239.1759.302848932150664192185817455560/1.3.6.1.4.1.14519.5.2.1.1239.1759.372942104433335504222460776625,2025-12-02T11:16:46.058661477
1.3.6.1.4.1.14519.5.2.1.1239.1759.610853650053989754973378668956,CMMD,NO,https://doi.org/10.7937/tcia.eqde4b16,D1-1696,1.3.6.1.4.1.14519.5.2.1.1239.1759.324723954941323219436976863095,NA,07-18-2011,NA,NA,MG,Digital Mammography X-Ray Image Storage - For Presentation,1.2.840.10008.5.1.4.1.1.1.2,2,8.79 MB,./CMMD/D1-1696/1.3.6.1.4.1.14519.5.2.1.1239.1759.324723954941323219436976863095/1.3.6.1.4.1.14519.5.2.1.1239.1759.610853650053989754973378668956,2025-12-02T11:16:48.703806389
1.3.6.1.4.1.14519.5.2.1.1239.1759.183869772904721644011568065543,CMMD,NO,https://doi.org/10.7937/tcia.eqde4b16,D1-1708,1.3.6.1.4.1.14519.5.2.1.1239.1759.148552051273548554939308004523,NA,07-18-2011,NA,NA,MG,Digital Mammography X-Ray Image Storage - For Presentation,1.2.840.10008.5.1.4.1.1.1.2,2,8.79 MB,./CMMD/D1-1708/1.3.6.1.4.1.14519.5.2.1.1239.1759.148552051273548554939308004523/1.3.6.1.4.1.14519.5.2.1.1239.1759.183869772904721644011568065543,2025-12-02T11:16:52.140027865
1.3.6.1.4.1.14519.5.2.1.1239.1759.862748325122233047839741701180,CMMD,NO,https://doi.org/10.7937/tcia.eqde4b16,D1-1710,1.3.6.1.4.1.14519.5.2.1.1239.1759.310606706417897831334596388352,NA,07-18-2011,NA,NA,MG,Digital Mammography X-Ray Image Storage - For Presentation,1.2.840.10008.5.1.4.1.1.1.2,2,8.79 MB,./CMMD/D1-1710/1.3.6.1.4.1.14519.5.2.1.1239.1759.310606706417897831334596388352/1.3.6.1.4.1.14519.5.2.1.1239.1759.862748325122233047839741701180,2025-12-02T11:16:52.376818075
1.3.6.1.4.1.14519.5.2.1.1239.1759.203147753102872088956876911449,CMMD,NO,https://doi.org/10.7937/tcia.eqde4b16,D1-1714,1.3.6.1.4.1.14519.5.2.1.1239.1759.279955506768421658867140823218,NA,07-18-2011,NA,NA,MG,Digital Mammography X-Ray Image Storage - For Presentation,1.2.840.10008.5.1.4.1.1.1.2,2,8.79 MB,./CMMD/D1-1714/1.3.6.1.4.1.14519.5.2.1.1239.1759.279955506768421658867140823218/1.3.6.1.4.1.14519.5.2.1.1239.1759.203147753102872088956876911449,2025-12-02T11:16:57.630380418
1.3.6.1.4.1.14519.5.2.1.1239.1759.146499702926988092304012146697,CMMD,NO,https://doi.org/10.7937/tcia.eqde4b16,D1-1715,1.3.6.1.4.1.14519.5.2.1.1239.1759.203077910937169724697640724822,NA,07-18-2011,NA,NA,MG,Digital Mammography X-Ray Image Storage - For Presentation,1.2.840.10008.5.1.4.1.1.1.2,2,8.79 MB,./CMMD/D1-1715/1.3.6.1.4.1.14519.5.2.1.1239.1759.203077910937169724697640724822/1.3.6.1.4.1.14519.5.2.1.1239.1759.146499702926988092304012146697,2025-12-02T11:17:01.66147664
1.3.6.1.4.1.14519.5.2.1.1239.1759.474709011016760241056568619005,CMMD,NO,https://doi.org/10.7937/tcia.eqde4b16,D1-1717,1.3.6.1.4.1.14519.5.2.1.1239.1759.285836576538181451765617656464,NA,07-18-2011,NA,NA,MG,Digital Mammography X-Ray Image Storage - For Presentation,1.2.840.10008.5.1.4.1.1.1.2,2,8.79 MB,./CMMD/D1-1717/1.3.6.1.4.1.14519.5.2.1.1239.1759.285836576538181451765617656464/1.3.6.1.4.1.14519.5.2.1.1239.1759.474709011016760241056568619005,2025-12-02T11:17:07.130886402
1.3.6.1.4.1.14519.5.2.1.1239.1759.172679014284099888344381349657,CMMD,NO,https://doi.org/10.7937/tcia.eqde4b16,D1-1713,1.3.6.1.4.1.14519.5.2.1.1239.1759.734499888867693314860418440919,NA,07-18-2011,NA,NA,MG,Digital Mammography X-Ray Image Storage - For Presentation,1.2.840.10008.5.1.4.1.1.1.2,2,8.79 MB,./CMMD/D1-1713/1.3.6.1.4.1.14519.5.2.1.1239.1759.734499888867693314860418440919/1.3.6.1.4.1.14519.5.2.1.1239.1759.172679014284099888344381349657,2025-12-02T11:17:09.507839951
1.3.6.1.4.1.14519.5.2.1.1239.1759.459229665303038778235354705737,CMMD,NO,https://doi.org/10.7937/tcia.eqde4b16,D1-1716,1.3.6.1.4.1.14519.5.2.1.1239.1759.332335198323953561948629626749,NA,07-18-2011,NA,NA,MG,Digital Mammography X-Ray Image Storage - For Presentation,1.2.840.10008.5.1.4.1.1.1.2,2,8.79 MB,./CMMD/D1-1716/1.3.6.1.4.1.14519.5.2.1.1239.1759.332335198323953561948629626749/1.3.6.1.4.1.14519.5.2.1.1239.1759.459229665303038778235354705737,2025-12-02T11:17:11.181681078
1.3.6.1.4.1.14519.5.2.1.1239.1759.286104110565478962922934589510,CMMD,NO,https://doi.org/10.7937/tcia.eqde4b16,D1-1718,1.3.6.1.4.1.14519.5.2.1.1239.1759.195390521395580233972744484177,NA,07-18-2011,NA,NA,MG,Digital Mammography X-Ray Image Storage - For Presentation,1.2.840.10008.5.1.4.1.1.1.2,2,8.79 MB,./CMMD/D1-1718/1.3.6.1.4.1.14519.5.2.1.1239.1759.195390521395580233972744484177/1.3.6.1.4.1.14519.5.2.1.1239.1759.286104110565478962922934589510,2025-12-02T11:17:12.042736918
1.3.6.1.4.1.14519.5.2.1.1239.1759.568023870564356760491504841100,CMMD,NO,https://doi.org/10.7937/tcia.eqde4b16,D1-1723,1.3.6.1.4.1.14519.5.2.1.1239.1759.491437989641240838281663251549,NA,07-18-2011,NA,NA,MG,Digital Mammography X-Ray Image Storage - For Presentation,1.2.840.10008.5.1.4.1.1.1.2,2,8.79 MB,./CMMD/D1-1723/1.3.6.1.4.1.14519.5.2.1.1239.1759.491437989641240838281663251549/1.3.6.1.4.1.14519.5.2.1.1239.1759.568023870564356760491504841100,2025-12-02T11:17:22.563958421
1.3.6.1.4.1.14519.5.2.1.1239.1759.322905495733677790366072670708,CMMD,NO,https://doi.org/10.7937/tcia.eqde4b16,D1-1719,1.3.6.1.4.1.14519.5.2.1.1239.1759.213801654245808745350755522063,NA,07-18-2011,NA,NA,MG,Digital Mammography X-Ray Image Storage - For Presentation,1.2.840.10008.5.1.4.1.1.1.2,2,8.79 MB,./CMMD/D1-1719/1.3.6.1.4.1.14519.5.2.1.1239.1759.213801654245808745350755522063/1.3.6.1.4.1.14519.5.2.1.1239.1759.322905495733677790366072670708,2025-12-02T11:17:23.293595406
1.3.6.1.4.1.14519.5.2.1.1239.1759.325055588951242471319351303456,CMMD,NO,https://doi.org/10.7937/tcia.eqde4b16,D1-1721,1.3.6.1.4.1.14519.5.2.1.1239.1759.110851443007479554355640468178,NA,07-18-2011,NA,NA,MG,Digital Mammography X-Ray Image Storage - For Presentation,1.2.840.10008.5.1.4.1.1.1.2,2,8.79 MB,./CMMD/D1-1721/1.3.6.1.4.1.14519.5.2.1.1239.1759.110851443007479554355640468178/1.3.6.1.4.1.14519.5.2.1.1239.1759.325055588951242471319351303456,2025-12-02T11:17:24.760100339
1.3.6.1.4.1.14519.5.2.1.1239.1759.147585178049300803197955345072,CMMD,NO,https://doi.org/10.7937/tcia.eqde4b16,D1-1730,1.3.6.1.4.1.14519.5.2.1.1239.1759.994075406997398680725284198293,NA,07-18-2011,NA,NA,MG,Digital Mammography X-Ray Image Storage - For Presentation,1.2.840.10008.5.1.4.1.1.1.2,2,8.79 MB,./CMMD/D1-1730/1.3.6.1.4.1.14519.5.2.1.1239.1759.994075406997398680725284198293/1.3.6.1.4.1.14519.5.2.1.1239.1759.147585178049300803197955345072,2025-12-02T11:17:30.386736795
1.3.6.1.4.1.14519.5.2.1.1239.1759.217323683472500201928103680906,CMMD,NO,https://doi.org/10.7937/tcia.eqde4b16,D1-1726,1.3.6.1.4.1.14519.5.2.1.1239.1759.296035497339267974179384107276,NA,07-18-2011,NA,NA,MG,Digital Mammography X-Ray Image Storage - For Presentation,1.2.840.10008.5.1.4.1.1.1.2,2,8.79 MB,./CMMD/D1-1726/1.3.6.1.4.1.14519.5.2.1.1239.1759.296035497339267974179384107276/1.3.6.1.4.1.14519.5.2.1.1239.1759.217323683472500201928103680906,2025-12-02T11:17:32.613811609
1.3.6.1.4.1.14519.5.2.1.1239.1759.303790626455128954594740671522,CMMD,NO,https://doi.org/10.7937/tcia.eqde4b16,D1-1727,1.3.6.1.4.1.14519.5.2.1.1239.1759.244765513291604134931067592061,NA,07-18-2011,NA,NA,MG,Digital Mammography X-Ray Image Storage - For Presentation,1.2.840.10008.5.1.4.1.1.1.2,2,8.79 MB,./CMMD/D1-1727/1.3.6.1.4.1.14519.5.2.1.1239.1759.244765513291604134931067592061/1.3.6.1.4.1.14519.5.2.1.1239.1759.303790626455128954594740671522,2025-12-02T11:17:36.464415422
1.3.6.1.4.1.14519.5.2.1.1239.1759.244814106029392280020382128826,CMMD,NO,https://doi.org/10.7937/tcia.eqde4b16,D1-1731,1.3.6.1.4.1.14519.5.2.1.1239.1759.235600957150584349367771090269,NA,07-18-2011,NA,NA,MG,Digital Mammography X-Ray Image Storage - For Presentation,1.2.840.10008.5.1.4.1.1.1.2,2,8.79 MB,./CMMD/D1-1731/1.3.6.1.4.1.14519.5.2.1.1239.1759.235600957150584349367771090269/1.3.6.1.4.1.14519.5.2.1.1239.1759.244814106029392280020382128826,2025-12-02T11:17:37.903504894
1.3.6.1.4.1.14519.5.2.1.1239.1759.324581571910422619657927187644,CMMD,NO,https://doi.org/10.7937/tcia.eqde4b16,D1-1734,1.3.6.1.4.1.14519.5.2.1.1239.1759.336292477373752403719808053029,NA,07-18-2011,NA,NA,MG,Digital Mammography X-Ray Image Storage - For Presentation,1.2.840.10008.5.1.4.1.1.1.2,2,8.79 MB,./CMMD/D1-1734/1.3.6.1.4.1.14519.5.2.1.1239.1759.336292477373752403719808053029/1.3.6.1.4.1.14519.5.2.1.1239.1759.324581571910422619657927187644,2025-12-02T11:17:45.209480348
1.3.6.1.4.1.14519.5.2.1.1239.1759.103524663410507820761662604177,CMMD,NO,https://doi.org/10.7937/tcia.eqde4b16,D1-1732,1.3.6.1.4.1.14519.5.2.1.1239.1759.268442627787110751543356817547,NA,07-18-2011,NA,NA,MG,Digital Mammography X-Ray Image Storage - For Presentation,1.2.840.10008.5.1.4.1.1.1.2,2,8.79 MB,./CMMD/D1-1732/1.3.6.1.4.1.14519.5.2.1.1239.1759.268442627787110751543356817547/1.3.6.1.4.1.14519.5.2.1.1239.1759.103524663410507820761662604177,2025-12-02T11:17:45.818154155
1.3.6.1.4.1.14519.5.2.1.1239.1759.319920487739154993248108570779,CMMD,NO,https://doi.org/10.7937/tcia.eqde4b16,D1-1737,1.3.6.1.4.1.14519.5.2.1.1239.1759.234740539246359568673255367623,NA,07-18-2011,NA,NA,MG,Digital Mammography X-Ray Image Storage - For Presentation,1.2.840.10008.5.1.4.1.1.1.2,2,8.79 MB,./CMMD/D1-1737/1.3.6.1.4.1.14519.5.2.1.1239.1759.234740539246359568673255367623/1.3.6.1.4.1.14519.5.2.1.1239.1759.319920487739154993248108570779,2025-12-02T11:17:50.825120507
1.3.6.1.4.1.14519.5.2.1.1239.1759.265929113827779787546079623720,CMMD,NO,https://doi.org/10.7937/tcia.eqde4b16,D1-1740,1.3.6.1.4.1.14519.5.2.1.1239.1759.300264063084607279767825868973,NA,07-18-2011,NA,NA,MG,Digital Mammography X-Ray Image Storage - For Presentation,1.2.840.10008.5.1.4.1.1.1.2,2,8.79 MB,./CMMD/D1-1740/1.3.6.1.4.1.14519.5.2.1.1239.1759.300264063084607279767825868973/1.3.6.1.4.1.14519.5.2.1.1239.1759.265929113827779787546079623720,2025-12-02T11:17:53.533086839
1.3.6.1.4.1.14519.5.2.1.1239.1759.275273836885477298056604405153,CMMD,NO,https://doi.org/10.7937/tcia.eqde4b16,D1-1746,1.3.6.1.4.1.14519.5.2.1.1239.1759.216853658524775665629592491475,NA,07-18-2011,NA,NA,MG,Digital Mammography X-Ray Image Storage - For Presentation,1.2.840.10008.5.1.4.1.1.1.2,2,8.79 MB,./CMMD/D1-1746/1.3.6.1.4.1.14519.5.2.1.1239.1759.216853658524775665629592491475/1.3.6.1.4.1.14519.5.2.1.1239.1759.275273836885477298056604405153,2025-12-02T11:17:56.159177745
1.3.6.1.4.1.14519.5.2.1.1239.1759.364278253098398666382684007089,CMMD,NO,https://doi.org/10.7937/tcia.eqde4b16,D1-1743,1.3.6.1.4.1.14519.5.2.1.1239.1759.276564554600295917765855563979,NA,07-18-2011,NA,NA,MG,Digital Mammography X-Ray Image Storage - For Presentation,1.2.840.10008.5.1.4.1.1.1.2,2,8.79 MB,./CMMD/D1-1743/1.3.6.1.4.1.14519.5.2.1.1239.1759.276564554600295917765855563979/1.3.6.1.4.1.14519.5.2.1.1239.1759.364278253098398666382684007089,2025-12-02T11:17:59.720305668
1.3.6.1.4.1.14519.5.2.1.1239.1759.221261576806696106907819299309,CMMD,NO,https://doi.org/10.7937/tcia.eqde4b16,D1-1749,1.3.6.1.4.1.14519.5.2.1.1239.1759.326428945920049731508773245002,NA,07-18-2011,NA,NA,MG,Digital Mammography X-Ray Image Storage - For Presentation,1.2.840.10008.5.1.4.1.1.1.2,2,8.79 MB,./CMMD/D1-1749/1.3.6.1.4.1.14519.5.2.1.1239.1759.326428945920049731508773245002/1.3.6.1.4.1.14519.5.2.1.1239.1759.221261576806696106907819299309,2025-12-02T11:18:00.76656419
1.3.6.1.4.1.14519.5.2.1.1239.1759.376328830654320716759607007611,CMMD,NO,https://doi.org/10.7937/tcia.eqde4b16,D1-1752,1.3.6.1.4.1.14519.5.2.1.1239.1759.114955021931613204312655533105,NA,07-18-2011,NA,NA,MG,Digital Mammography X-Ray Image Storage - For Presentation,1.2.840.10008.5.1.4.1.1.1.2,2,8.79 MB,./CMMD/D1-1752/1.3.6.1.4.1.14519.5.2.1.1239.1759.114955021931613204312655533105/1.3.6.1.4.1.14519.5.2.1.1239.1759.376328830654320716759607007611,2025-12-02T11:18:05.893236559
1.3.6.1.4.1.14519.5.2.1.1239.1759.292670363842853545781376104753,CMMD,NO,https://doi.org/10.7937/tcia.eqde4b16,D1-1751,1.3.6.1.4.1.14519.5.2.1.1239.1759.286986800950544905371756342625,NA,07-18-2011,NA,NA,MG,Digital Mammography X-Ray Image Storage - For Presentation,1.2.840.10008.5.1.4.1.1.1.2,2,8.79 MB,./CMMD/D1-1751/1.3.6.1.4.1.14519.5.2.1.1239.1759.286986800950544905371756342625/1.3.6.1.4.1.14519.5.2.1.1239.1759.292670363842853545781376104753,2025-12-02T11:18:07.522023003
1.3.6.1.4.1.14519.5.2.1.1239.1759.133182896591340005753722371954,CMMD,NO,https://doi.org/10.7937/tcia.eqde4b16,D1-1756,1.3.6.1.4.1.14519.5.2.1.1239.1759.226843994616043644700263884364,NA,07-18-2011,NA,NA,MG,Digital Mammography X-Ray Image Storage - For Presentation,1.2.840.10008.5.1.4.1.1.1.2,2,8.79 MB,./CMMD/D1-1756/1.3.6.1.4.1.14519.5.2.1.1239.1759.226843994616043644700263884364/1.3.6.1.4.1.14519.5.2.1.1239.1759.133182896591340005753722371954,2025-12-02T11:18:13.509692543
1.3.6.1.4.1.14519.5.2.1.1239.1759.230331131373611963804088757254,CMMD,NO,https://doi.org/10.7937/tcia.eqde4b16,D1-1750,1.3.6.1.4.1.14519.5.2.1.1239.1759.332013618530987003519567447906,NA,07-18-2011,NA,NA,MG,Digital Mammography X-Ray Image Storage - For Presentation,1.2.840.10008.5.1.4.1.1.1.2,2,8.79 MB,./CMMD/D1-1750/1.3.6.1.4.1.14519.5.2.1.1239.1759.332013618530987003519567447906/1.3.6.1.4.1.14519.5.2.1.1239.1759.230331131373611963804088757254,2025-12-02T11:18:14.662125021
1.3.6.1.4.1.14519.5.2.1.1239.1759.934993469852303845377800879890,CMMD,NO,https://doi.org/10.7937/tcia.eqde4b16,D1-1757,1.3.6.1.4.1.14519.5.2.1.1239.1759.220262921031188408600330563556,NA,07-18-2011,NA,NA,MG,Digital Mammography X-Ray Image Storage - For Presentation,1.2.840.10008.5.1.4.1.1.1.2,2,8.79 MB,./CMMD/D1-1757/1.3.6.1.4.1.14519.5.2.1.1239.1759.220262921031188408600330563556/1.3.6.1.4.1.14519.5.2.1.1239.1759.934993469852303845377800879890,2025-12-02T11:18:19.638792701
1.3.6.1.4.1.14519.5.2.1.1239.1759.169077496744720962409738511992,CMMD,NO,https://doi.org/10.7937/tcia.eqde4b16,D1-1753,1.3.6.1.4.1.14519.5.2.1.1239.1759.286441147715684960463501334932,NA,07-18-2011,NA,NA,MG,Digital Mammography X-Ray Image Storage - For Presentation,1.2.840.10008.5.1.4.1.1.1.2,2,8.79 MB,./CMMD/D1-1753/1.3.6.1.4.1.14519.5.2.1.1239.1759.286441147715684960463501334932/1.3.6.1.4.1.14519.5.2.1.1239.1759.169077496744720962409738511992,2025-12-02T11:18:21.03008754
1.3.6.1.4.1.14519.5.2.1.1239.1759.228213125576181680331805365444,CMMD,NO,https://doi.org/10.7937/tcia.eqde4b16,D1-1765,1.3.6.1.4.1.14519.5.2.1.1239.1759.212760176306907989291134576500,NA,07-18-2011,NA,NA,MG,Digital Mammography X-Ray Image Storage - For Presentation,1.2.840.10008.5.1.4.1.1.1.2,2,8.79 MB,./CMMD/D1-1765/1.3.6.1.4.1.14519.5.2.1.1239.1759.212760176306907989291134576500/1.3.6.1.4.1.14519.5.2.1.1239.1759.228213125576181680331805365444,2025-12-02T11:18:26.844505642
1.3.6.1.4.1.14519.5.2.1.1239.1759.481781453312483271429141531193,CMMD,NO,https://doi.org/10.7937/tcia.eqde4b16,D1-1758,1.3.6.1.4.1.14519.5.2.1.1239.1759.284969282731145069705203229195,NA,07-18-2011,NA,NA,MG,Digital Mammography X-Ray Image Storage - For Presentation,1.2.840.10008.5.1.4.1.1.1.2,2,8.79 MB,./CMMD/D1-1758/1.3.6.1.4.1.14519.5.2.1.1239.1759.284969282731145069705203229195/1.3.6.1.4.1.14519.5.2.1.1239.1759.481781453312483271429141531193,2025-12-02T11:18:28.213352263
1.3.6.1.4.1.14519.5.2.1.1239.1759.912492708991113285455756300720,CMMD,NO,https://doi.org/10.7937/tcia.eqde4b16,D1-1761,1.3.6.1.4.1.14519.5.2.1.1239.1759.169219769619271924791977891134,NA,07-18-2011,NA,NA,MG,Digital Mammography X-Ray Image Storage - For Presentation,1.2.840.10008.5.1.4.1.1.1.2,2,8.79 MB,./CMMD/D1-1761/1.3.6.1.4.1.14519.5.2.1.1239.1759.169219769619271924791977891134/1.3.6.1.4.1.14519.5.2.1.1239.1759.912492708991113285455756300720,2025-12-02T11:18:33.428598127
1.3.6.1.4.1.14519.5.2.1.1239.1759.254310142679777524133638952754,CMMD,NO,https://doi.org/10.7937/tcia.eqde4b16,D1-1768,1.3.6.1.4.1.14519.5.2.1.1239.1759.272497433635383307609639959036,NA,07-18-2011,NA,NA,MG,Digital Mammography X-Ray Image Storage - For Presentation,1.2.840.10008.5.1.4.1.1.1.2,2,8.79 MB,./CMMD/D1-1768/1.3.6.1.4.1.14519.5.2.1.1239.1759.272497433635383307609639959036/1.3.6.1.4.1.14519.5.2.1.1239.1759.254310142679777524133638952754,2025-12-02T11:18:34.018900058
1.3.6.1.4.1.14519.5.2.1.1239.1759.217748026583051223453859933079,CMMD,NO,https://doi.org/10.7937/tcia.eqde4b16,D1-1769,1.3.6.1.4.1.14519.5.2.1.1239.1759.153694957504821877969026325613,NA,07-18-2011,NA,NA,MG,Digital Mammography X-Ray Image Storage - For Presentation,1.2.840.10008.5.1.4.1.1.1.2,2,8.79 MB,./CMMD/D1-1769/1.3.6.1.4.1.14519.5.2.1.1239.1759.153694957504821877969026325613/1.3.6.1.4.1.14519.5.2.1.1239.1759.217748026583051223453859933079,2025-12-02T11:18:38.940428725
1.3.6.1.4.1.14519.5.2.1.1239.1759.426804859955563371293967990158,CMMD,NO,https://doi.org/10.7937/tcia.eqde4b16,D1-1766,1.3.6.1.4.1.14519.5.2.1.1239.1759.237549810074513857076496039177,NA,07-18-2011,NA,NA,MG,Digital Mammography X-Ray Image Storage - For Presentation,1.2.840.10008.5.1.4.1.1.1.2,2,8.79 MB,./CMMD/D1-1766/1.3.6.1.4.1.14519.5.2.1.1239.1759.237549810074513857076496039177/1.3.6.1.4.1.14519.5.2.1.1239.1759.426804859955563371293967990158,2025-12-02T11:18:40.336680274
1.3.6.1.4.1.14519.5.2.1.1239.1759.329765545297653265816914416814,CMMD,NO,https://doi.org/10.7937/tcia.eqde4b16,D1-1775,1.3.6.1.4.1.14519.5.2.1.1239.1759.127787300147345531246317915142,NA,07-17-2012,NA,NA,MG,Digital Mammography X-Ray Image Storage - For Presentation,1.2.840.10008.5.1.4.1.1.1.2,2,8.79 MB,./CMMD/D1-1775/1.3.6.1.4.1.14519.5.2.1.1239.1759.127787300147345531246317915142/1.3.6.1.4.1.14519.5.2.1.1239.1759.329765545297653265816914416814,2025-12-02T11:18:44.933815717
1.3.6.1.4.1.14519.5.2.1.1239.1759.179316907487722729602816438915,CMMD,NO,https://doi.org/10.7937/tcia.eqde4b16,D1-1771,1.3.6.1.4.1.14519.5.2.1.1239.1759.996905071072434050885334999063,NA,07-18-2011,NA,NA,MG,Digital Mammography X-Ray Image Storage - For Presentation,1.2.840.10008.5.1.4.1.1.1.2,2,8.79 MB,./CMMD/D1-1771/1.3.6.1.4.1.14519.5.2.1.1239.1759.996905071072434050885334999063/1.3.6.1.4.1.14519.5.2.1.1239.1759.179316907487722729602816438915,2025-12-02T11:18:52.524386447
1.3.6.1.4.1.14519.5.2.1.1239.1759.215880622311466023435507032501,CMMD,NO,https://doi.org/10.7937/tcia.eqde4b16,D2-0002,1.3.6.1.4.1.14519.5.2.1.1239.1759.780298494370809295010610526354,NA,07-18-2010,NA,NA,MG,Digital Mammography X-Ray Image Storage - For Presentation,1.2.840.10008.5.1.4.1.1.1.2,4,17.57 MB,./CMMD/D2-0002/1.3.6.1.4.1.14519.5.2.1.1239.1759.780298494370809295010610526354/1.3.6.1.4.1.14519.5.2.1.1239.1759.215880622311466023435507032501,2025-12-02T11:18:53.175563361
1.3.6.1.4.1.14519.5.2.1.1239.1759.239900218428829731057782312786,CMMD,NO,https://doi.org/10.7937/tcia.eqde4b16,D2-0001,1.3.6.1.4.1.14519.5.2.1.1239.1759.213556788838523621278478275485,NA,07-18-2011,NA,NA,MG,Digital Mammography X-Ray Image Storage - For Presentation,1.2.840.10008.5.1.4.1.1.1.2,4,17.57 MB,./CMMD/D2-0001/1.3.6.1.4.1.14519.5.2.1.1239.1759.213556788838523621278478275485/1.3.6.1.4.1.14519.5.2.1.1239.1759.239900218428829731057782312786,2025-12-02T11:18:53.601985783
1.3.6.1.4.1.14519.5.2.1.1239.1759.247543828374401749849316622206,CMMD,NO,https://doi.org/10.7937/tcia.eqde4b16,D2-0004,1.3.6.1.4.1.14519.5.2.1.1239.1759.292340662029489275606920629234,NA,07-18-2010,NA,NA,MG,Digital Mammography X-Ray Image Storage - For Presentation,1.2.840.10008.5.1.4.1.1.1.2,4,17.57 MB,./CMMD/D2-0004/1.3.6.1.4.1.14519.5.2.1.1239.1759.292340662029489275606920629234/1.3.6.1.4.1.14519.5.2.1.1239.1759.247543828374401749849316622206,2025-12-02T11:19:02.215836923
1.3.6.1.4.1.14519.5.2.1.1239.1759.126845670317954575119107363551,CMMD,NO,https://doi.org/10.7937/tcia.eqde4b16,D2-0003,1.3.6.1.4.1.14519.5.2.1.1239.1759.631972653837018876313416957046,NA,07-18-2010,NA,NA,MG,Digital Mammography X-Ray Image Storage - For Presentation,1.2.840.10008.5.1.4.1.1.1.2,4,17.57 MB,./CMMD/D2-0003/1.3.6.1.4.1.14519.5.2.1.1239.1759.631972653837018876313416957046/1.3.6.1.4.1.14519.5.2.1.1239.1759.126845670317954575119107363551,2025-12-02T11:19:08.614801519
1.3.6.1.4.1.14519.5.2.1.1239.1759.484289990148206775380292683453,CMMD,NO,https://doi.org/10.7937/tcia.eqde4b16,D2-0005,1.3.6.1.4.1.14519.5.2.1.1239.1759.113063873518120626383245226051,NA,07-18-2010,NA,NA,MG,Digital Mammography X-Ray Image Storage - For Presentation,1.2.840.10008.5.1.4.1.1.1.2,4,17.57 MB,./CMMD/D2-0005/1.3.6.1.4.1.14519.5.2.1.1239.1759.113063873518120626383245226051/1.3.6.1.4.1.14519.5.2.1.1239.1759.484289990148206775380292683453,2025-12-02T11:19:10.210123052
1.3.6.1.4.1.14519.5.2.1.1239.1759.138688589835518744835500416513,CMMD,NO,https://doi.org/10.7937/tcia.eqde4b16,D2-0008,1.3.6.1.4.1.14519.5.2.1.1239.1759.257957229988406530401906190196,NA,07-18-2010,NA,NA,MG,Digital Mammography X-Ray Image Storage - For Presentation,1.2.840.10008.5.1.4.1.1.1.2,4,17.57 MB,./CMMD/D2-0008/1.3.6.1.4.1.14519.5.2.1.1239.1759.257957229988406530401906190196/1.3.6.1.4.1.14519.5.2.1.1239.1759.138688589835518744835500416513,2025-12-02T11:19:19.978782994
1.3.6.1.4.1.14519.5.2.1.1239.1759.317653778784236359917793988925,CMMD,NO,https://doi.org/10.7937/tcia.eqde4b16,D2-0007,1.3.6.1.4.1.14519.5.2.1.1239.1759.210176622001809930421714039940,NA,07-18-2010,NA,NA,MG,Digital Mammography X-Ray Image Storage - For Presentation,1.2.840.10008.5.1.4.1.1.1.2,4,17.57 MB,./CMMD/D2-0007/1.3.6.1.4.1.14519.5.2.1.1239.1759.210176622001809930421714039940/1.3.6.1.4.1.14519.5.2.1.1239.1759.317653778784236359917793988925,2025-12-02T11:19:21.103970836
1.3.6.1.4.1.14519.5.2.1.1239.1759.304065623649598540010390161904,CMMD,NO,https://doi.org/10.7937/tcia.eqde4b16,D2-0009,1.3.6.1.4.1.14519.5.2.1.1239.1759.107021620557007081966226616987,NA,07-18-2010,NA,NA,MG,Digital Mammography X-Ray Image Storage - For Presentation,1.2.840.10008.5.1.4.1.1.1.2,4,17.57 MB,./CMMD/D2-0009/1.3.6.1.4.1.14519.5.2.1.1239.1759.107021620557007081966226616987/1.3.6.1.4.1.14519.5.2.1.1239.1759.304065623649598540010390161904,2025-12-02T11:19:28.854794191
1.3.6.1.4.1.14519.5.2.1.1239.1759.120749470894303881865113545236,CMMD,NO,https://doi.org/10.7937/tcia.eqde4b16,D2-0006,1.3.6.1.4.1.14519.5.2.1.1239.1759.285679122688679610462435269394,NA,07-18-2010,NA,NA,MG,Digital Mammography X-Ray Image Storage - For Presentation,1.2.840.10008.5.1.4.1.1.1.2,4,17.57 MB,./CMMD/D2-0006/1.3.6.1.4.1.14519.5.2.1.1239.1759.285679122688679610462435269394/1.3.6.1.4.1.14519.5.2.1.1239.1759.120749470894303881865113545236,2025-12-02T11:19:34.232846721
1.3.6.1.4.1.14519.5.2.1.1239.1759.290267829292375087267438046626,CMMD,NO,https://doi.org/10.7937/tcia.eqde4b16,D2-0010,1.3.6.1.4.1.14519.5.2.1.1239.1759.690912868081707620407704340354,NA,07-18-2010,NA,NA,MG,Digital Mammography X-Ray Image Storage - For Presentation,1.2.840.10008.5.1.4.1.1.1.2,4,17.57 MB,./CMMD/D2-0010/1.3.6.1.4.1.14519.5.2.1.1239.1759.690912868081707620407704340354/1.3.6.1.4.1.14519.5.2.1.1239.1759.290267829292375087267438046626,2025-12-02T11:19:42.219180342
1.3.6.1.4.1.14519.5.2.1.1239.1759.681437713794498212477555046289,CMMD,NO,https://doi.org/10.7937/tcia.eqde4b16,D2-0012,1.3.6.1.4.1.14519.5.2.1.1239.1759.276044398216629262015113102689,NA,07-18-2010,NA,NA,MG,Digital Mammography X-Ray Image Storage - For Presentation,1.2.840.10008.5.1.4.1.1.1.2,4,17.57 MB,./CMMD/D2-0012/1.3.6.1.4.1.14519.5.2.1.1239.1759.276044398216629262015113102689/1.3.6.1.4.1.14519.5.2.1.1239.1759.681437713794498212477555046289,2025-12-02T11:19:46.455366027
1.3.6.1.4.1.14519.5.2.1.1239.1759.322236323461171090816480734952,CMMD,NO,https://doi.org/10.7937/tcia.eqde4b16,D2-0011,1.3.6.1.4.1.14519.5.2.1.1239.1759.306181132943136871132252689714,NA,07-18-2010,NA,NA,MG,Digital Mammography X-Ray Image Storage - For Presentation,1.2.840.10008.5.1.4.1.1.1.2,4,17.57 MB,./CMMD/D2-0011/1.3.6.1.4.1.14519.5.2.1.1239.1759.306181132943136871132252689714/1.3.6.1.4.1.14519.5.2.1.1239.1759.322236323461171090816480734952,2025-12-02T11:19:51.245213431
1.3.6.1.4.1.14519.5.2.1.1239.1759.153305344922123770189814479119,CMMD,NO,https://doi.org/10.7937/tcia.eqde4b16,D2-0014,1.3.6.1.4.1.14519.5.2.1.1239.1759.197584996891150406890212237304,NA,07-18-2010,NA,NA,MG,Digital Mammography X-Ray Image Storage - For Presentation,1.2.840.10008.5.1.4.1.1.1.2,4,17.57 MB,./CMMD/D2-0014/1.3.6.1.4.1.14519.5.2.1.1239.1759.197584996891150406890212237304/1.3.6.1.4.1.14519.5.2.1.1239.1759.153305344922123770189814479119,2025-12-02T11:19:55.283279857
1.3.6.1.4.1.14519.5.2.1.1239.1759.123856252513888382835506885960,CMMD,NO,https://doi.org/10.7937/tcia.eqde4b16,D2-0013,1.3.6.1.4.1.14519.5.2.1.1239.1759.105073419769648921340039503314,NA,07-18-2010,NA,NA,MG,Digital Mammography X-Ray Image Storage - For Presentation,1.2.840.10008.5.1.4.1.1.1.2,4,17.57 MB,./CMMD/D2-0013/1.3.6.1.4.1.14519.5.2.1.1239.1759.105073419769648921340039503314/1.3.6.1.4.1.14519.5.2.1.1239.1759.123856252513888382835506885960,2025-12-02T11:20:04.068606398
1.3.6.1.4.1.14519.5.2.1.1239.1759.274308681186088785225652658998,CMMD,NO,https://doi.org/10.7937/tcia.eqde4b16,D2-0015,1.3.6.1.4.1.14519.5.2.1.1239.1759.616869925701304454867685819524,NA,07-18-2010,NA,NA,MG,Digital Mammography X-Ray Image Storage - For Presentation,1.2.840.10008.5.1.4.1.1.1.2,4,17.57 MB,./CMMD/D2-0015/1.3.6.1.4.1.14519.5.2.1.1239.1759.616869925701304454867685819524/1.3.6.1.4.1.14519.5.2.1.1239.1759.274308681186088785225652658998,2025-12-02T11:20:11.743722934
1.3.6.1.4.1.14519.5.2.1.1239.1759.245456317834240533864159378724,CMMD,NO,https://doi.org/10.7937/tcia.eqde4b16,D2-0016,1.3.6.1.4.1.14519.5.2.1.1239.1759.141468863288698142217686010893,NA,07-18-2010,NA,NA,MG,Digital Mammography X-Ray Image Storage - For Presentation,1.2.840.10008.5.1.4.1.1.1.2,4,17.57 MB,./CMMD/D2-0016/1.3.6.1.4.1.14519.5.2.1.1239.1759.141468863288698142217686010893/1.3.6.1.4.1.14519.5.2.1.1239.1759.245456317834240533864159378724,2025-12-02T11:20:17.109468094
1.3.6.1.4.1.14519.5.2.1.1239.1759.334123918916367243517793932301,CMMD,NO,https://doi.org/10.7937/tcia.eqde4b16,D2-0017,1.3.6.1.4.1.14519.5.2.1.1239.1759.173101514575647565568429992534,NA,07-18-2010,NA,NA,MG,Digital Mammography X-Ray Image Storage - For Presentation,1.2.840.10008.5.1.4.1.1.1.2,4,17.57 MB,./CMMD/D2-0017/1.3.6.1.4.1.14519.5.2.1.1239.1759.173101514575647565568429992534/1.3.6.1.4.1.14519.5.2.1.1239.1759.334123918916367243517793932301,2025-12-02T11:20:17.44717288
1.3.6.1.4.1.14519.5.2.1.1239.1759.111955838205604604425194400515,CMMD,NO,https://doi.org/10.7937/tcia.eqde4b16,D2-0018,1.3.6.1.4.1.14519.5.2.1.1239.1759.306108953523212981981479678654,NA,07-18-2010,NA,NA,MG,Digital Mammography X-Ray Image Storage - For Presentation,1.2.840.10008.5.1.4.1.1.1.2,4,17.57 MB,./CMMD/D2-0018/1.3.6.1.4.1.14519.5.2.1.1239.1759.306108953523212981981479678654/1.3.6.1.4.1.14519.5.2.1.1239.1759.111955838205604604425194400515,2025-12-02T11:20:21.006109139
1.3.6.1.4.1.14519.5.2.1.1239.1759.480242727098186940984974730847,CMMD,NO,https://doi.org/10.7937/tcia.eqde4b16,D2-0020,1.3.6.1.4.1.14519.5.2.1.1239.1759.154160775105122145579154886493,NA,07-18-2010,NA,NA,MG,Digital Mammography X-Ray Image Storage - For Presentation,1.2.840.10008.5.1.4.1.1.1.2,4,17.57 MB,./CMMD/D2-0020/1.3.6.1.4.1.14519.5.2.1.1239.1759.154160775105122145579154886493/1.3.6.1.4.1.14519.5.2.1.1239.1759.480242727098186940984974730847,2025-12-02T11:20:24.85178571
1.3.6.1.4.1.14519.5.2.1.1239.1759.284551501866138628277505306402,CMMD,NO,https://doi.org/10.7937/tcia.eqde4b16,D2-0021,1.3.6.1.4.1.14519.5.2.1.1239.1759.262148478671671200713936312959,NA,07-18-2010,NA,NA,MG,Digital Mammography X-Ray Image Storage - For Presentation,1.2.840.10008.5.1.4.1.1.1.2,4,17.57 MB,./CMMD/D2-0021/1.3.6.1.4.1.14519.5.2.1.1239.1759.262148478671671200713936312959/1.3.6.1.4.1.14519.5.2.1.1239.1759.284551501866138628277505306402,2025-12-02T11:20:36.769226917
1.3.6.1.4.1.14519.5.2.1.1239.1759.909976218103406501574626344302,CMMD,NO,https://doi.org/10.7937/tcia.eqde4b16,D2-0019,1.3.6.1.4.1.14519.5.2.1.1239.1759.507442808805684018111281322814,NA,07-18-2010,NA,NA,MG,Digital Mammography X-Ray Image Storage - For Presentation,1.2.840.10008.5.1.4.1.1.1.2,4,17.57 MB,./CMMD/D2-0019/1.3.6.1.4.1.14519.5.2.1.1239.1759.507442808805684018111281322814/1.3.6.1.4.1.14519.5.2.1.1239.1759.909976218103406501574626344302,2025-12-02T11:20:40.791382175
1.3.6.1.4.1.14519.5.2.1.1239.1759.284090711145290327319800985606,CMMD,NO,https://doi.org/10.7937/tcia.eqde4b16,D2-0022,1.3.6.1.4.1.14519.5.2.1.1239.1759.286980807554639127155650593817,NA,07-18-2010,NA,NA,MG,Digital Mammography X-Ray Image Storage - For Presentation,1.2.840.10008.5.1.4.1.1.1.2,4,17.57 MB,./CMMD/D2-0022/1.3.6.1.4.1.14519.5.2.1.1239.1759.286980807554639127155650593817/1.3.6.1.4.1.14519.5.2.1.1239.1759.284090711145290327319800985606,2025-12-02T11:20:41.434686725
1.3.6.1.4.1.14519.5.2.1.1239.1759.245346828692598822097817744780,CMMD,NO,https://doi.org/10.7937/tcia.eqde4b16,D2-0025,1.3.6.1.4.1.14519.5.2.1.1239.1759.243829837917467079280202565817,NA,07-18-2010,NA,NA,MG,Digital Mammography X-Ray Image Storage - For Presentation,1.2.840.10008.5.1.4.1.1.1.2,4,17.57 MB,./CMMD/D2-0025/1.3.6.1.4.1.14519.5.2.1.1239.1759.243829837917467079280202565817/1.3.6.1.4.1.14519.5.2.1.1239.1759.245346828692598822097817744780,2025-12-02T11:20:53.074100947
1.3.6.1.4.1.14519.5.2.1.1239.1759.225414775561738640145655801610,CMMD,NO,https://doi.org/10.7937/tcia.eqde4b16,D2-0024,1.3.6.1.4.1.14519.5.2.1.1239.1759.159225419588516519547674344943,NA,07-18-2010,NA,NA,MG,Digital Mammography X-Ray Image Storage - For Presentation,1.2.840.10008.5.1.4.1.1.1.2,4,17.57 MB,./CMMD/D2-0024/1.3.6.1.4.1.14519.5.2.1.1239.1759.159225419588516519547674344943/1.3.6.1.4.1.14519.5.2.1.1239.1759.225414775561738640145655801610,2025-12-02T11:20:57.910166584
1.3.6.1.4.1.14519.5.2.1.1239.1759.175698785399047891895000265849,CMMD,NO,https://doi.org/10.7937/tcia.eqde4b16,D2-0026,1.3.6.1.4.1.14519.5.2.1.1239.1759.312806583524072841757990936203,NA,07-18-2010,NA,NA,MG,Digital Mammography X-Ray Image Storage - For Presentation,1.2.840.10008.5.1.4.1.1.1.2,4,17.57 MB,./CMMD/D2-0026/1.3.6.1.4.1.14519.5.2.1.1239.1759.312806583524072841757990936203/1.3.6.1.4.1.14519.5.2.1.1239.1759.175698785399047891895000265849,2025-12-02T11:21:02.003595248
1.3.6.1.4.1.14519.5.2.1.1239.1759.158908866896023507486951083537,CMMD,NO,https://doi.org/10.7937/tcia.eqde4b16,D2-0023,1.3.6.1.4.1.14519.5.2.1.1239.1759.234150539979868979443087623226,NA,07-18-2010,NA,NA,MG,Digital Mammography X-Ray Image Storage - For Presentation,1.2.840.10008.5.1.4.1.1.1.2,4,17.57 MB,./CMMD/D2-0023/1.3.6.1.4.1.14519.5.2.1.1239.1759.234150539979868979443087623226/1.3.6.1.4.1.14519.5.2.1.1239.1759.158908866896023507486951083537,2025-12-02T11:21:06.114002972
1.3.6.1.4.1.14519.5.2.1.1239.1759.108946177747708053743295284533,CMMD,NO,https://doi.org/10.7937/tcia.eqde4b16,D2-0028,1.3.6.1.4.1.14519.5.2.1.1239.1759.283474693403406277932362857665,NA,07-18-2010,NA,NA,MG,Digital Mammography X-Ray Image Storage - For Presentation,1.2.840.10008.5.1.4.1.1.1.2,4,17.57 MB,./CMMD/D2-0028/1.3.6.1.4.1.14519.5.2.1.1239.1759.283474693403406277932362857665/1.3.6.1.4.1.14519.5.2.1.1239.1759.108946177747708053743295284533,2025-12-02T11:21:11.340934733
1.3.6.1.4.1.14519.5.2.1.1239.1759.278839050955917769826324337400,CMMD,NO,https://doi.org/10.7937/tcia.eqde4b16,D2-0027,1.3.6.1.4.1.14519.5.2.1.1239.1759.327760214711678710049558988385,NA,07-18-2010,NA,NA,MG,Digital Mammography X-Ray Image Storage - For Presentation,1.2.840.10008.5.1.4.1.1.1.2,4,17.57 MB,./CMMD/D2-0027/1.3.6.1.4.1.14519.5.2.1.1239.1759.327760214711678710049558988385/1.3.6.1.4.1.14519.5.2.1.1239.1759.278839050955917769826324337400,2025-12-02T11:21:17.720353619
1.3.6.1.4.1.14519.5.2.1.1239.1759.183646987764755956483037694290,CMMD,NO,https://doi.org/10.7937/tcia.eqde4b16,D2-0030,1.3.6.1.4.1.14519.5.2.1.1239.1759.245758776020538041149936567234,NA,07-18-2010,NA,NA,MG,Digital Mammography X-Ray Image Storage - For Presentation,1.2.840.10008.5.1.4.1.1.1.2,4,17.57 MB,./CMMD/D2-0030/1.3.6.1.4.1.14519.5.2.1.1239.1759.245758776020538041149936567234/1.3.6.1.4.1.14519.5.2.1.1239.1759.183646987764755956483037694290,2025-12-02T11:21:21.134757371
1.3.6.1.4.1.14519.5.2.1.1239.1759.153294998168394770999546663829,CMMD,NO,https://doi.org/10.7937/tcia.eqde4b16,D2-0029,1.3.6.1.4.1.14519.5.2.1.1239.1759.151360043309089439072701277237,NA,07-18-2010,NA,NA,MG,Digital Mammography X-Ray Image Storage - For Presentation,1.2.840.10008.5.1.4.1.1.1.2,4,17.57 MB,./CMMD/D2-0029/1.3.6.1.4.1.14519.5.2.1.1239.1759.151360043309089439072701277237/1.3.6.1.4.1.14519.5.2.1.1239.1759.153294998168394770999546663829,2025-12-02T11:21:29.084181476
1.3.6.1.4.1.14519.5.2.1.1239.1759.138883579499892011750646996263,CMMD,NO,https://doi.org/10.7937/tcia.eqde4b16,D2-0031,1.3.6.1.4.1.14519.5.2.1.1239.1759.197449481320983511718687373156,NA,07-18-2010,NA,NA,MG,Digital Mammography X-Ray Image Storage - For Presentation,1.2.840.10008.5.1.4.1.1.1.2,4,17.57 MB,./CMMD/D2-0031/1.3.6.1.4.1.14519.5.2.1.1239.1759.197449481320983511718687373156/1.3.6.1.4.1.14519.5.2.1.1239.1759.138883579499892011750646996263,2025-12-02T11:21:33.674884671
1.3.6.1.4.1.14519.5.2.1.1239.1759.238535258829833503851931292065,CMMD,NO,https://doi.org/10.7937/tcia.eqde4b16,D2-0032,1.3.6.1.4.1.14519.5.2.1.1239.1759.334000974014686535916310449155,NA,07-18-2010,NA,NA,MG,Digital Mammography X-Ray Image Storage - For Presentation,1.2.840.10008.5.1.4.1.1.1.2,4,17.57 MB,./CMMD/D2-0032/1.3.6.1.4.1.14519.5.2.1.1239.1759.334000974014686535916310449155/1.3.6.1.4.1.14519.5.2.1.1239.1759.238535258829833503851931292065,2025-12-02T11:21:38.634841184
1.3.6.1.4.1.14519.5.2.1.1239.1759.250555245953974845364549408657,CMMD,NO,https://doi.org/10.7937/tcia.eqde4b16,D2-0033,1.3.6.1.4.1.14519.5.2.1.1239.1759.262170239435554098607059986608,NA,07-18-2010,NA,NA,MG,Digital Mammography X-Ray Image Storage - For Presentation,1.2.840.10008.5.1.4.1.1.1.2,4,17.57 MB,./CMMD/D2-0033/1.3.6.1.4.1.14519.5.2.1.1239.1759.262170239435554098607059986608/1.3.6.1.4.1.14519.5.2.1.1239.1759.250555245953974845364549408657,2025-12-02T11:21:44.903092227
1.3.6.1.4.1.14519.5.2.1.1239.1759.324760721549449956408182360052,CMMD,NO,https://doi.org/10.7937/tcia.eqde4b16,D2-0034,1.3.6.1.4.1.14519.5.2.1.1239.1759.148891952594868005967383559560,NA,07-18-2010,NA,NA,MG,Digital Mammography X-Ray Image Storage - For Presentation,1.2.840.10008.5.1.4.1.1.1.2,4,17.57 MB,./CMMD/D2-0034/1.3.6.1.4.1.14519.5.2.1.1239.1759.148891952594868005967383559560/1.3.6.1.4.1.14519.5.2.1.1239.1759.324760721549449956408182360052,2025-12-02T11:21:50.241526725
1.3.6.1.4.1.14519.5.2.1.1239.1759.338666171829056023198088773537,CMMD,NO,https://doi.org/10.7937/tcia.eqde4b16,D2-0036,1.3.6.1.4.1.14519.5.2.1.1239.1759.172589028663969470435438983588,NA,07-18-2010,NA,NA,MG,Digital Mammography X-Ray Image Storage - For Presentation,1.2.840.10008.5.1.4.1.1.1.2,4,17.57 MB,./CMMD/D2-0036/1.3.6.1.4.1.14519.5.2.1.1239.1759.172589028663969470435438983588/1.3.6.1.4.1.14519.5.2.1.1239.1759.338666171829056023198088773537,2025-12-02T11:21:56.91008167
1.3.6.1.4.1.14519.5.2.1.1239.1759.165734718452042380276672470383,CMMD,NO,https://doi.org/10.7937/tcia.eqde4b16,D2-0037,1.3.6.1.4.1.14519.5.2.1.1239.1759.206152413523617381586460776051,NA,07-18-2010,NA,NA,MG,Digital Mammography X-Ray Image Storage - For Presentation,1.2.840.10008.5.1.4.1.1.1.2,4,17.57 MB,./CMMD/D2-0037/1.3.6.1.4.1.14519.5.2.1.1239.1759.206152413523617381586460776051/1.3.6.1.4.1.14519.5.2.1.1239.1759.165734718452042380276672470383,2025-12-02T11:21:59.662592718
1.3.6.1.4.1.14519.5.2.1.1239.1759.328993287747779328485731183479,CMMD,NO,https://doi.org/10.7937/tcia.eqde4b16,D2-0035,1.3.6.1.4.1.14519.5.2.1.1239.1759.187425176576666270718375118832,NA,07-18-2010,NA,NA,MG,Digital Mammography X-Ray Image Storage - For Presentation,1.2.840.10008.5.1.4.1.1.1.2,4,17.57 MB,./CMMD/D2-0035/1.3.6.1.4.1.14519.5.2.1.1239.1759.187425176576666270718375118832/1.3.6.1.4.1.14519.5.2.1.1239.1759.328993287747779328485731183479,2025-12-02T11:22:10.821899892
1.3.6.1.4.1.14519.5.2.1.1239.1759.136079646127967567517927136609,CMMD,NO,https://doi.org/10.7937/tcia.eqde4b16,D2-0038,1.3.6.1.4.1.14519.5.2.1.1239.1759.251104540581769992103440317468,NA,07-18-2010,NA,NA,MG,Digital Mammography X-Ray Image Storage - For Presentation,1.2.840.10008.5.1.4.1.1.1.2,4,17.57 MB,./CMMD/D2-0038/1.3.6.1.4.1.14519.5.2.1.1239.1759.251104540581769992103440317468/1.3.6.1.4.1.14519.5.2.1.1239.1759.136079646127967567517927136609,2025-12-02T11:22:13.960752186
1.3.6.1.4.1.14519.5.2.1.1239.1759.226098526873802777895040197624,CMMD,NO,https://doi.org/10.7937/tcia.eqde4b16,D2-0040,1.3.6.1.4.1.14519.5.2.1.1239.1759.105505104507601708146816766918,NA,07-18-2010,NA,NA,MG,Digital Mammography X-Ray Image Storage - For Presentation,1.2.840.10008.5.1.4.1.1.1.2,4,17.57 MB,./CMMD/D2-0040/1.3.6.1.4.1.14519.5.2.1.1239.1759.105505104507601708146816766918/1.3.6.1.4.1.14519.5.2.1.1239.1759.226098526873802777895040197624,2025-12-02T11:22:19.527818078
1.3.6.1.4.1.14519.5.2.1.1239.1759.163263530613508365579989909944,CMMD,NO,https://doi.org/10.7937/tcia.eqde4b16,D2-0039,1.3.6.1.4.1.14519.5.2.1.1239.1759.170203203615600227044197042117,NA,07-18-2010,NA,NA,MG,Digital Mammography X-Ray Image Storage - For Presentation,1.2.840.10008.5.1.4.1.1.1.2,4,17.57 MB,./CMMD/D2-0039/1.3.6.1.4.1.14519.5.2.1.1239.1759.170203203615600227044197042117/1.3.6.1.4.1.14519.5.2.1.1239.1759.163263530613508365579989909944,2025-12-02T11:22:23.627760007
1.3.6.1.4.1.14519.5.2.1.1239.1759.784666028836081098019137001123,CMMD,NO,https://doi.org/10.7937/tcia.eqde4b16,D2-0042,1.3.6.1.4.1.14519.5.2.1.1239.1759.295542800530704651996485848126,NA,07-18-2010,NA,NA,MG,Digital Mammography X-Ray Image Storage - For Presentation,1.2.840.10008.5.1.4.1.1.1.2,4,17.57 MB,./CMMD/D2-0042/1.3.6.1.4.1.14519.5.2.1.1239.1759.295542800530704651996485848126/1.3.6.1.4.1.14519.5.2.1.1239.1759.784666028836081098019137001123,2025-12-02T11:22:27.705095358
1.3.6.1.4.1.14519.5.2.1.1239.1759.186355183499667433727848516624,CMMD,NO,https://doi.org/10.7937/tcia.eqde4b16,D2-0043,1.3.6.1.4.1.14519.5.2.1.1239.1759.266490887653103625960204448635,NA,07-18-2010,NA,NA,MG,Digital Mammography X-Ray Image Storage - For Presentation,1.2.840.10008.5.1.4.1.1.1.2,4,17.57 MB,./CMMD/D2-0043/1.3.6.1.4.1.14519.5.2.1.1239.1759.266490887653103625960204448635/1.3.6.1.4.1.14519.5.2.1.1239.1759.186355183499667433727848516624,2025-12-02T11:22:35.770578725
1.3.6.1.4.1.14519.5.2.1.1239.1759.263373973746968004504766156972,CMMD,NO,https://doi.org/10.7937/tcia.eqde4b16,D2-0044,1.3.6.1.4.1.14519.5.2.1.1239.1759.934872568468803855697783600540,NA,07-18-2011,NA,NA,MG,Digital Mammography X-Ray Image Storage - For Presentation,1.2.840.10008.5.1.4.1.1.1.2,4,17.57 MB,./CMMD/D2-0044/1.3.6.1.4.1.14519.5.2.1.1239.1759.934872568468803855697783600540/1.3.6.1.4.1.14519.5.2.1.1239.1759.263373973746968004504766156972,2025-12-02T11:22:37.577263442
1.3.6.1.4.1.14519.5.2.1.1239.1759.188239225357430854260773864044,CMMD,NO,https://doi.org/10.7937/tcia.eqde4b16,D2-0045,1.3.6.1.4.1.14519.5.2.1.1239.1759.213820173603011490303033153965,NA,07-18-2011,NA,NA,MG,Digital Mammography X-Ray Image Storage - For Presentation,1.2.840.10008.5.1.4.1.1.1.2,4,17.57 MB,./CMMD/D2-0045/1.3.6.1.4.1.14519.5.2.1.1239.1759.213820173603011490303033153965/1.3.6.1.4.1.14519.5.2.1.1239.1759.188239225357430854260773864044,2025-12-02T11:22:43.279390781
1.3.6.1.4.1.14519.5.2.1.1239.1759.120671188952499379106111251453,CMMD,NO,https://doi.org/10.7937/tcia.eqde4b16,D2-0041,1.3.6.1.4.1.14519.5.2.1.1239.1759.232924247460963779419905723891,NA,07-18-2010,NA,NA,MG,Digital Mammography X-Ray Image Storage - For Presentation,1.2.840.10008.5.1.4.1.1.1.2,4,17.57 MB,./CMMD/D2-0041/1.3.6.1.4.1.14519.5.2.1.1239.1759.232924247460963779419905723891/1.3.6.1.4.1.14519.5.2.1.1239.1759.120671188952499379106111251453,2025-12-02T11:22:53.555839359
1.3.6.1.4.1.14519.5.2.1.1239.1759.256747407849169761452337726348,CMMD,NO,https://doi.org/10.7937/tcia.eqde4b16,D2-0047,1.3.6.1.4.1.14519.5.2.1.1239.1759.213902249063533473227294046512,NA,07-18-2011,NA,NA,MG,Digital Mammography X-Ray Image Storage - For Presentation,1.2.840.10008.5.1.4.1.1.1.2,4,17.57 MB,./CMMD/D2-0047/1.3.6.1.4.1.14519.5.2.1.1239.1759.213902249063533473227294046512/1.3.6.1.4.1.14519.5.2.1.1239.1759.256747407849169761452337726348,2025-12-02T11:22:54.656642372
1.3.6.1.4.1.14519.5.2.1.1239.1759.312090126761044838684833605854,CMMD,NO,https://doi.org/10.7937/tcia.eqde4b16,D2-0046,1.3.6.1.4.1.14519.5.2.1.1239.1759.294077936866681702521376003249,NA,07-18-2011,NA,NA,MG,Digital Mammography X-Ray Image Storage - For Presentation,1.2.840.10008.5.1.4.1.1.1.2,4,17.57 MB,./CMMD/D2-0046/1.3.6.1.4.1.14519.5.2.1.1239.1759.294077936866681702521376003249/1.3.6.1.4.1.14519.5.2.1.1239.1759.312090126761044838684833605854,2025-12-02T11:22:56.914245743
1.3.6.1.4.1.14519.5.2.1.1239.1759.291195278644119628408768522014,CMMD,NO,https://doi.org/10.7937/tcia.eqde4b16,D2-0050,1.3.6.1.4.1.14519.5.2.1.1239.1759.324042114274431228966476757271,NA,07-18-2011,NA,NA,MG,Digital Mammography X-Ray Image Storage - For Presentation,1.2.840.10008.5.1.4.1.1.1.2,4,17.57 MB,./CMMD/D2-0050/1.3.6.1.4.1.14519.5.2.1.1239.1759.324042114274431228966476757271/1.3.6.1.4.1.14519.5.2.1.1239.1759.291195278644119628408768522014,2025-12-02T11:23:05.648361823
1.3.6.1.4.1.14519.5.2.1.1239.1759.477257594504215374848743249275,CMMD,NO,https://doi.org/10.7937/tcia.eqde4b16,D2-0048,1.3.6.1.4.1.14519.5.2.1.1239.1759.926375974492071254482740393312,NA,07-18-2011,NA,NA,MG,Digital Mammography X-Ray Image Storage - For Presentation,1.2.840.10008.5.1.4.1.1.1.2,4,17.57 MB,./CMMD/D2-0048/1.3.6.1.4.1.14519.5.2.1.1239.1759.926375974492071254482740393312/1.3.6.1.4.1.14519.5.2.1.1239.1759.477257594504215374848743249275,2025-12-02T11:23:17.012806938
1.3.6.1.4.1.14519.5.2.1.1239.1759.242150480281108957009293748849,CMMD,NO,https://doi.org/10.7937/tcia.eqde4b16,D2-0049,1.3.6.1.4.1.14519.5.2.1.1239.1759.289463364686522154085070104560,NA,07-18-2011,NA,NA,MG,Digital Mammography X-Ray Image Storage - For Presentation,1.2.840.10008.5.1.4.1.1.1.2,4,17.57 MB,./CMMD/D2-0049/1.3.6.1.4.1.14519.5.2.1.1239.1759.289463364686522154085070104560/1.3.6.1.4.1.14519.5.2.1.1239.1759.242150480281108957009293748849,2025-12-02T11:23:17.682869635
1.3.6.1.4.1.14519.5.2.1.1239.1759.181719338116519318848625219130,CMMD,NO,https://doi.org/10.7937/tcia.eqde4b16,D2-0051,1.3.6.1.4.1.14519.5.2.1.1239.1759.105905462857954597353942278412,NA,07-18-2011,NA,NA,MG,Digital Mammography X-Ray Image Storage - For Presentation,1.2.840.10008.5.1.4.1.1.1.2,4,17.57 MB,./CMMD/D2-0051/1.3.6.1.4.1.14519.5.2.1.1239.1759.105905462857954597353942278412/1.3.6.1.4.1.14519.5.2.1.1239.1759.181719338116519318848625219130,2025-12-02T11:23:21.334848032
1.3.6.1.4.1.14519.5.2.1.1239.1759.261786577162250417739071056640,CMMD,NO,https://doi.org/10.7937/tcia.eqde4b16,D2-0052,1.3.6.1.4.1.14519.5.2.1.1239.1759.365693545851725636368648394691,NA,07-18-2011,NA,NA,MG,Digital Mammography X-Ray Image Storage - For Presentation,1.2.840.10008.5.1.4.1.1.1.2,4,17.57 MB,./CMMD/D2-0052/1.3.6.1.4.1.14519.5.2.1.1239.1759.365693545851725636368648394691/1.3.6.1.4.1.14519.5.2.1.1239.1759.261786577162250417739071056640,2025-12-02T11:23:28.939144995
1.3.6.1.4.1.14519.5.2.1.1239.1759.247020837510292218150695421273,CMMD,NO,https://doi.org/10.7937/tcia.eqde4b16,D2-0054,1.3.6.1.4.1.14519.5.2.1.1239.1759.174630271324125490445133826142,NA,07-18-2011,NA,NA,MG,Digital Mammography X-Ray Image Storage - For Presentation,1.2.840.10008.5.1.4.1.1.1.2,4,17.57 MB,./CMMD/D2-0054/1.3.6.1.4.1.14519.5.2.1.1239.1759.174630271324125490445133826142/1.3.6.1.4.1.14519.5.2.1.1239.1759.247020837510292218150695421273,2025-12-02T11:23:36.040964867
1.3.6.1.4.1.14519.5.2.1.1239.1759.135759696254190280022679200814,CMMD,NO,https://doi.org/10.7937/tcia.eqde4b16,D2-0055,1.3.6.1.4.1.14519.5.2.1.1239.1759.880535545185583882701308537599,NA,07-18-2011,NA,NA,MG,Digital Mammography X-Ray Image Storage - For Presentation,1.2.840.10008.5.1.4.1.1.1.2,4,17.57 MB,./CMMD/D2-0055/1.3.6.1.4.1.14519.5.2.1.1239.1759.880535545185583882701308537599/1.3.6.1.4.1.14519.5.2.1.1239.1759.135759696254190280022679200814,2025-12-02T11:23:37.204981028
1.3.6.1.4.1.14519.5.2.1.1239.1759.119411423322791978990397035392,CMMD,NO,https://doi.org/10.7937/tcia.eqde4b16,D2-0057,1.3.6.1.4.1.14519.5.2.1.1239.1759.165241390420084173314868139535,NA,07-18-2011,NA,NA,MG,Digital Mammography X-Ray Image Storage - For Presentation,1.2.840.10008.5.1.4.1.1.1.2,4,17.57 MB,./CMMD/D2-0057/1.3.6.1.4.1.14519.5.2.1.1239.1759.165241390420084173314868139535/1.3.6.1.4.1.14519.5.2.1.1239.1759.119411423322791978990397035392,2025-12-02T11:23:46.717799751
1.3.6.1.4.1.14519.5.2.1.1239.1759.247928155838582995181429053401,CMMD,NO,https://doi.org/10.7937/tcia.eqde4b16,D2-0056,1.3.6.1.4.1.14519.5.2.1.1239.1759.307793095545089534792812219932,NA,07-18-2011,NA,NA,MG,Digital Mammography X-Ray Image Storage - For Presentation,1.2.840.10008.5.1.4.1.1.1.2,4,17.57 MB,./CMMD/D2-0056/1.3.6.1.4.1.14519.5.2.1.1239.1759.307793095545089534792812219932/1.3.6.1.4.1.14519.5.2.1.1239.1759.247928155838582995181429053401,2025-12-02T11:23:48.957714182
1.3.6.1.4.1.14519.5.2.1.1239.1759.158001036821677941462422087989,CMMD,NO,https://doi.org/10.7937/tcia.eqde4b16,D2-0059,1.3.6.1.4.1.14519.5.2.1.1239.1759.160044136267323827921232979400,NA,07-18-2011,NA,NA,MG,Digital Mammography X-Ray Image Storage - For Presentation,1.2.840.10008.5.1.4.1.1.1.2,4,17.57 MB,./CMMD/D2-0059/1.3.6.1.4.1.14519.5.2.1.1239.1759.160044136267323827921232979400/1.3.6.1.4.1.14519.5.2.1.1239.1759.158001036821677941462422087989,2025-12-02T11:23:57.733386042
1.3.6.1.4.1.14519.5.2.1.1239.1759.664534326780531869045350037510,CMMD,NO,https://doi.org/10.7937/tcia.eqde4b16,D2-0058,1.3.6.1.4.1.14519.5.2.1.1239.1759.333813586862349921851915010708,NA,07-18-2011,NA,NA,MG,Digital Mammography X-Ray Image Storage - For Presentation,1.2.840.10008.5.1.4.1.1.1.2,4,17.57 MB,./CMMD/D2-0058/1.3.6.1.4.1.14519.5.2.1.1239.1759.333813586862349921851915010708/1.3.6.1.4.1.14519.5.2.1.1239.1759.664534326780531869045350037510,2025-12-02T11:24:00.359023213
1.3.6.1.4.1.14519.5.2.1.1239.1759.254144379209807139308888557057,CMMD,NO,https://doi.org/10.7937/tcia.eqde4b16,D2-0053,1.3.6.1.4.1.14519.5.2.1.1239.1759.106108804857883962564548764147,NA,07-18-2011,NA,NA,MG,Digital Mammography X-Ray Image Storage - For Presentation,1.2.840.10008.5.1.4.1.1.1.2,4,17.57 MB,./CMMD/D2-0053/1.3.6.1.4.1.14519.5.2.1.1239.1759.106108804857883962564548764147/1.3.6.1.4.1.14519.5.2.1.1239.1759.254144379209807139308888557057,2025-12-02T11:24:06.274606885
1.3.6.1.4.1.14519.5.2.1.1239.1759.195655421638382438275413186705,CMMD,NO,https://doi.org/10.7937/tcia.eqde4b16,D2-0061,1.3.6.1.4.1.14519.5.2.1.1239.1759.208971395790110694372543000988,NA,07-18-2011,NA,NA,MG,Digital Mammography X-Ray Image Storage - For Presentation,1.2.840.10008.5.1.4.1.1.1.2,4,17.57 MB,./CMMD/D2-0061/1.3.6.1.4.1.14519.5.2.1.1239.1759.208971395790110694372543000988/1.3.6.1.4.1.14519.5.2.1.1239.1759.195655421638382438275413186705,2025-12-02T11:24:08.191673578
1.3.6.1.4.1.14519.5.2.1.1239.1759.446292196504565457462788900243,CMMD,NO,https://doi.org/10.7937/tcia.eqde4b16,D2-0060,1.3.6.1.4.1.14519.5.2.1.1239.1759.937523385607640194589281649913,NA,07-18-2011,NA,NA,MG,Digital Mammography X-Ray Image Storage - For Presentation,1.2.840.10008.5.1.4.1.1.1.2,4,17.57 MB,./CMMD/D2-0060/1.3.6.1.4.1.14519.5.2.1.1239.1759.937523385607640194589281649913/1.3.6.1.4.1.14519.5.2.1.1239.1759.446292196504565457462788900243,2025-12-02T11:24:16.507556842
1.3.6.1.4.1.14519.5.2.1.1239.1759.134206962277445779210625582395,CMMD,NO,https://doi.org/10.7937/tcia.eqde4b16,D2-0063,1.3.6.1.4.1.14519.5.2.1.1239.1759.175828794038302005180155589621,NA,07-18-2011,NA,NA,MG,Digital Mammography X-Ray Image Storage - For Presentation,1.2.840.10008.5.1.4.1.1.1.2,4,17.57 MB,./CMMD/D2-0063/1.3.6.1.4.1.14519.5.2.1.1239.1759.175828794038302005180155589621/1.3.6.1.4.1.14519.5.2.1.1239.1759.134206962277445779210625582395,2025-12-02T11:24:19.63182076
1.3.6.1.4.1.14519.5.2.1.1239.1759.567114414572741022939513511795,CMMD,NO,https://doi.org/10.7937/tcia.eqde4b16,D2-0064,1.3.6.1.4.1.14519.5.2.1.1239.1759.184612732776429671134473701117,NA,07-18-2011,NA,NA,MG,Digital Mammography X-Ray Image Storage - For Presentation,1.2.840.10008.5.1.4.1.1.1.2,4,17.57 MB,./CMMD/D2-0064/1.3.6.1.4.1.14519.5.2.1.1239.1759.184612732776429671134473701117/1.3.6.1.4.1.14519.5.2.1.1239.1759.567114414572741022939513511795,2025-12-02T11:24:26.208599051
1.3.6.1.4.1.14519.5.2.1.1239.1759.212909721960876375520488275320,CMMD,NO,https://doi.org/10.7937/tcia.eqde4b16,D2-0065,1.3.6.1.4.1.14519.5.2.1.1239.1759.247994386153929161832242992159,NA,07-18-2011,NA,NA,MG,Digital Mammography X-Ray Image Storage - For Presentation,1.2.840.10008.5.1.4.1.1.1.2,4,17.57 MB,./CMMD/D2-0065/1.3.6.1.4.1.14519.5.2.1.1239.1759.247994386153929161832242992159/1.3.6.1.4.1.14519.5.2.1.1239.1759.212909721960876375520488275320,2025-12-02T11:24:37.82911725
1.3.6.1.4.1.14519.5.2.1.1239.1759.572852763776357751505120870696,CMMD,NO,https://doi.org/10.7937/tcia.eqde4b16,D2-0066,1.3.6.1.4.1.14519.5.2.1.1239.1759.294784871703506117969659167884,NA,07-18-2011,NA,NA,MG,Digital Mammography X-Ray Image Storage - For Presentation,1.2.840.10008.5.1.4.1.1.1.2,4,17.57 MB,./CMMD/D2-0066/1.3.6.1.4.1.14519.5.2.1.1239.1759.294784871703506117969659167884/1.3.6.1.4.1.14519.5.2.1.1239.1759.572852763776357751505120870696,2025-12-02T11:24:39.057101973
1.3.6.1.4.1.14519.5.2.1.1239.1759.157940707336946565958559003407,CMMD,NO,https://doi.org/10.7937/tcia.eqde4b16,D2-0062,1.3.6.1.4.1.14519.5.2.1.1239.1759.819950262474513612056314450282,NA,07-18-2011,NA,NA,MG,Digital Mammography X-Ray Image Storage - For Presentation,1.2.840.10008.5.1.4.1.1.1.2,4,17.57 MB,./CMMD/D2-0062/1.3.6.1.4.1.14519.5.2.1.1239.1759.819950262474513612056314450282/1.3.6.1.4.1.14519.5.2.1.1239.1759.157940707336946565958559003407,2025-12-02T11:24:41.00746674
1.3.6.1.4.1.14519.5.2.1.1239.1759.238183166819840662281997634515,CMMD,NO,https://doi.org/10.7937/tcia.eqde4b16,D2-0067,1.3.6.1.4.1.14519.5.2.1.1239.1759.230294855401241557755547384763,NA,07-18-2011,NA,NA,MG,Digital Mammography X-Ray Image Storage - For Presentation,1.2.840.10008.5.1.4.1.1.1.2,4,17.57 MB,./CMMD/D2-0067/1.3.6.1.4.1.14519.5.2.1.1239.1759.230294855401241557755547384763/1.3.6.1.4.1.14519.5.2.1.1239.1759.238183166819840662281997634515,2025-12-02T11:24:48.858061498
1.3.6.1.4.1.14519.5.2.1.1239.1759.292414050434029491184377518176,CMMD,NO,https://doi.org/10.7937/tcia.eqde4b16,D2-0070,1.3.6.1.4.1.14519.5.2.1.1239.1759.305656210889702371463890324937,NA,07-18-2011,NA,NA,MG,Digital Mammography X-Ray Image Storage - For Presentation,1.2.840.10008.5.1.4.1.1.1.2,4,17.57 MB,./CMMD/D2-0070/1.3.6.1.4.1.14519.5.2.1.1239.1759.305656210889702371463890324937/1.3.6.1.4.1.14519.5.2.1.1239.1759.292414050434029491184377518176,2025-12-02T11:24:58.787362241
1.3.6.1.4.1.14519.5.2.1.1239.1759.331000945725587456663012310214,CMMD,NO,https://doi.org/10.7937/tcia.eqde4b16,D2-0068,1.3.6.1.4.1.14519.5.2.1.1239.1759.127183720469933440422373603488,NA,07-18-2011,NA,NA,MG,Digital Mammography X-Ray Image Storage - For Presentation,1.2.840.10008.5.1.4.1.1.1.2,4,17.57 MB,./CMMD/D2-0068/1.3.6.1.4.1.14519.5.2.1.1239.1759.127183720469933440422373603488/1.3.6.1.4.1.14519.5.2.1.1239.1759.331000945725587456663012310214,2025-12-02T11:25:00.807629883
1.3.6.1.4.1.14519.5.2.1.1239.1759.357301934835417638852969849232,CMMD,NO,https://doi.org/10.7937/tcia.eqde4b16,D2-0069,1.3.6.1.4.1.14519.5.2.1.1239.1759.273760082000062408001516773334,NA,07-18-2011,NA,NA,MG,Digital Mammography X-Ray Image Storage - For Presentation,1.2.840.10008.5.1.4.1.1.1.2,4,17.57 MB,./CMMD/D2-0069/1.3.6.1.4.1.14519.5.2.1.1239.1759.273760082000062408001516773334/1.3.6.1.4.1.14519.5.2.1.1239.1759.357301934835417638852969849232,2025-12-02T11:25:01.395634572
1.3.6.1.4.1.14519.5.2.1.1239.1759.215034224722613201368986791489,CMMD,NO,https://doi.org/10.7937/tcia.eqde4b16,D2-0071,1.3.6.1.4.1.14519.5.2.1.1239.1759.114624366887376219139742832445,NA,07-18-2011,NA,NA,MG,Digital Mammography X-Ray Image Storage - For Presentation,1.2.840.10008.5.1.4.1.1.1.2,4,17.57 MB,./CMMD/D2-0071/1.3.6.1.4.1.14519.5.2.1.1239.1759.114624366887376219139742832445/1.3.6.1.4.1.14519.5.2.1.1239.1759.215034224722613201368986791489,2025-12-02T11:25:13.905217299
1.3.6.1.4.1.14519.5.2.1.1239.1759.242211920906476194529200596865,CMMD,NO,https://doi.org/10.7937/tcia.eqde4b16,D2-0073,1.3.6.1.4.1.14519.5.2.1.1239.1759.225196572134355944983650353568,NA,07-18-2011,NA,NA,MG,Digital Mammography X-Ray Image Storage - For Presentation,1.2.840.10008.5.1.4.1.1.1.2,4,17.57 MB,./CMMD/D2-0073/1.3.6.1.4.1.14519.5.2.1.1239.1759.225196572134355944983650353568/1.3.6.1.4.1.14519.5.2.1.1239.1759.242211920906476194529200596865,2025-12-02T11:25:18.666895906
1.3.6.1.4.1.14519.5.2.1.1239.1759.546835645330023404811986480548,CMMD,NO,https://doi.org/10.7937/tcia.eqde4b16,D2-0072,1.3.6.1.4.1.14519.5.2.1.1239.1759.298101192474899732586250563429,NA,07-18-2011,NA,NA,MG,Digital Mammography X-Ray Image Storage - For Presentation,1.2.840.10008.5.1.4.1.1.1.2,4,17.57 MB,./CMMD/D2-0072/1.3.6.1.4.1.14519.5.2.1.1239.1759.298101192474899732586250563429/1.3.6.1.4.1.14519.5.2.1.1239.1759.546835645330023404811986480548,2025-12-02T11:25:20.898699264
1.3.6.1.4.1.14519.5.2.1.1239.1759.262189125746237427213964951973,CMMD,NO,https://doi.org/10.7937/tcia.eqde4b16,D2-0074,1.3.6.1.4.1.14519.5.2.1.1239.1759.289397867629166296070863091344,NA,07-18-2011,NA,NA,MG,Digital Mammography X-Ray Image Storage - For Presentation,1.2.840.10008.5.1.4.1.1.1.2,4,17.57 MB,./CMMD/D2-0074/1.3.6.1.4.1.14519.5.2.1.1239.1759.289397867629166296070863091344/1.3.6.1.4.1.14519.5.2.1.1239.1759.262189125746237427213964951973,2025-12-02T11:25:21.758478861
1.3.6.1.4.1.14519.5.2.1.1239.1759.129042207372111480746346022984,CMMD,NO,https://doi.org/10.7937/tcia.eqde4b16,D2-0075,1.3.6.1.4.1.14519.5.2.1.1239.1759.351348503174222431095989737784,NA,07-18-2011,NA,NA,MG,Digital Mammography X-Ray Image Storage - For Presentation,1.2.840.10008.5.1.4.1.1.1.2,4,17.57 MB,./CMMD/D2-0075/1.3.6.1.4.1.14519.5.2.1.1239.1759.351348503174222431095989737784/1.3.6.1.4.1.14519.5.2.1.1239.1759.129042207372111480746346022984,2025-12-02T11:25:26.987278299
1.3.6.1.4.1.14519.5.2.1.1239.1759.102743162737070276729307641791,CMMD,NO,https://doi.org/10.7937/tcia.eqde4b16,D2-0078,1.3.6.1.4.1.14519.5.2.1.1239.1759.178826650299813192660722133845,NA,07-18-2011,NA,NA,MG,Digital Mammography X-Ray Image Storage - For Presentation,1.2.840.10008.5.1.4.1.1.1.2,4,17.57 MB,./CMMD/D2-0078/1.3.6.1.4.1.14519.5.2.1.1239.1759.178826650299813192660722133845/1.3.6.1.4.1.14519.5.2.1.1239.1759.102743162737070276729307641791,2025-12-02T11:25:35.750124922
1.3.6.1.4.1.14519.5.2.1.1239.1759.125738345050040197651863462186,CMMD,NO,https://doi.org/10.7937/tcia.eqde4b16,D2-0076,1.3.6.1.4.1.14519.5.2.1.1239.1759.910410374050705759879649802619,NA,07-18-2011,NA,NA,MG,Digital Mammography X-Ray Image Storage - For Presentation,1.2.840.10008.5.1.4.1.1.1.2,4,17.57 MB,./CMMD/D2-0076/1.3.6.1.4.1.14519.5.2.1.1239.1759.910410374050705759879649802619/1.3.6.1.4.1.14519.5.2.1.1239.1759.125738345050040197651863462186,2025-12-02T11:25:38.17678234
1.3.6.1.4.1.14519.5.2.1.1239.1759.203077566155153644742911822729,CMMD,NO,https://doi.org/10.7937/tcia.eqde4b16,D2-0079,1.3.6.1.4.1.14519.5.2.1.1239.1759.301688449879445755325627827040,NA,07-18-2011,NA,NA,MG,Digital Mammography X-Ray Image Storage - For Presentation,1.2.840.10008.5.1.4.1.1.1.2,4,17.57 MB,./CMMD/D2-0079/1.3.6.1.4.1.14519.5.2.1.1239.1759.301688449879445755325627827040/1.3.6.1.4.1.14519.5.2.1.1239.1759.203077566155153644742911822729,2025-12-02T11:25:44.709973262
1.3.6.1.4.1.14519.5.2.1.1239.1759.221538952026145224612313114257,CMMD,NO,https://doi.org/10.7937/tcia.eqde4b16,D2-0077,1.3.6.1.4.1.14519.5.2.1.1239.1759.316008213835220955519453905438,NA,07-18-2011,NA,NA,MG,Digital Mammography X-Ray Image Storage - For Presentation,1.2.840.10008.5.1.4.1.1.1.2,4,17.57 MB,./CMMD/D2-0077/1.3.6.1.4.1.14519.5.2.1.1239.1759.316008213835220955519453905438/1.3.6.1.4.1.14519.5.2.1.1239.1759.221538952026145224612313114257,2025-12-02T11:25:45.029596441
1.3.6.1.4.1.14519.5.2.1.1239.1759.285282311004314813983867521031,CMMD,NO,https://doi.org/10.7937/tcia.eqde4b16,D2-0081,1.3.6.1.4.1.14519.5.2.1.1239.1759.648295707724842782163449186522,NA,07-18-2011,NA,NA,MG,Digital Mammography X-Ray Image Storage - For Presentation,1.2.840.10008.5.1.4.1.1.1.2,4,17.57 MB,./CMMD/D2-0081/1.3.6.1.4.1.14519.5.2.1.1239.1759.648295707724842782163449186522/1.3.6.1.4.1.14519.5.2.1.1239.1759.285282311004314813983867521031,2025-12-02T11:25:53.955536212
1.3.6.1.4.1.14519.5.2.1.1239.1759.220638991624664646169640490925,CMMD,NO,https://doi.org/10.7937/tcia.eqde4b16,D2-0083,1.3.6.1.4.1.14519.5.2.1.1239.1759.166452362537292792807776023291,NA,07-18-2011,NA,NA,MG,Digital Mammography X-Ray Image Storage - For Presentation,1.2.840.10008.5.1.4.1.1.1.2,4,17.57 MB,./CMMD/D2-0083/1.3.6.1.4.1.14519.5.2.1.1239.1759.166452362537292792807776023291/1.3.6.1.4.1.14519.5.2.1.1239.1759.220638991624664646169640490925,2025-12-02T11:26:01.130920717
1.3.6.1.4.1.14519.5.2.1.1239.1759.309245377012171915754818177219,CMMD,NO,https://doi.org/10.7937/tcia.eqde4b16,D2-0084,1.3.6.1.4.1.14519.5.2.1.1239.1759.857681666685787069903764193906,NA,07-18-2011,NA,NA,MG,Digital Mammography X-Ray Image Storage - For Presentation,1.2.840.10008.5.1.4.1.1.1.2,4,17.57 MB,./CMMD/D2-0084/1.3.6.1.4.1.14519.5.2.1.1239.1759.857681666685787069903764193906/1.3.6.1.4.1.14519.5.2.1.1239.1759.309245377012171915754818177219,2025-12-02T11:26:09.17678367
1.3.6.1.4.1.14519.5.2.1.1239.1759.819846449046575237654962671771,CMMD,NO,https://doi.org/10.7937/tcia.eqde4b16,D2-0080,1.3.6.1.4.1.14519.5.2.1.1239.1759.328187071063487440649461186249,NA,07-18-2011,NA,NA,MG,Digital Mammography X-Ray Image Storage - For Presentation,1.2.840.10008.5.1.4.1.1.1.2,4,17.57 MB,./CMMD/D2-0080/1.3.6.1.4.1.14519.5.2.1.1239.1759.328187071063487440649461186249/1.3.6.1.4.1.14519.5.2.1.1239.1759.819846449046575237654962671771,2025-12-02T11:26:12.863001417
1.3.6.1.4.1.14519.5.2.1.1239.1759.224282791682442557430883195077,CMMD,NO,https://doi.org/10.7937/tcia.eqde4b16,D2-0082,1.3.6.1.4.1.14519.5.2.1.1239.1759.304392066316516684396089214284,NA,07-18-2011,NA,NA,MG,Digital Mammography X-Ray Image Storage - For Presentation,1.2.840.10008.5.1.4.1.1.1.2,4,17.57 MB,./CMMD/D2-0082/1.3.6.1.4.1.14519.5.2.1.1239.1759.304392066316516684396089214284/1.3.6.1.4.1.14519.5.2.1.1239.1759.224282791682442557430883195077,2025-12-02T11:26:14.587785465
1.3.6.1.4.1.14519.5.2.1.1239.1759.144181093898987303840768870468,CMMD,NO,https://doi.org/10.7937/tcia.eqde4b16,D2-0085,1.3.6.1.4.1.14519.5.2.1.1239.1759.941619198144501222863821884528,NA,07-18-2011,NA,NA,MG,Digital Mammography X-Ray Image Storage - For Presentation,1.2.840.10008.5.1.4.1.1.1.2,4,17.57 MB,./CMMD/D2-0085/1.3.6.1.4.1.14519.5.2.1.1239.1759.941619198144501222863821884528/1.3.6.1.4.1.14519.5.2.1.1239.1759.144181093898987303840768870468,2025-12-02T11:26:17.276620023
1.3.6.1.4.1.14519.5.2.1.1239.1759.127167883547829944719657446817,CMMD,NO,https://doi.org/10.7937/tcia.eqde4b16,D2-0086,1.3.6.1.4.1.14519.5.2.1.1239.1759.199724391662755626458241710553,NA,07-18-2011,NA,NA,MG,Digital Mammography X-Ray Image Storage - For Presentation,1.2.840.10008.5.1.4.1.1.1.2,4,17.57 MB,./CMMD/D2-0086/1.3.6.1.4.1.14519.5.2.1.1239.1759.199724391662755626458241710553/1.3.6.1.4.1.14519.5.2.1.1239.1759.127167883547829944719657446817,2025-12-02T11:26:20.706575992
1.3.6.1.4.1.14519.5.2.1.1239.1759.308445197208533770857660770436,CMMD,NO,https://doi.org/10.7937/tcia.eqde4b16,D2-0089,1.3.6.1.4.1.14519.5.2.1.1239.1759.143774811444009300563316451377,NA,07-18-2011,NA,NA,MG,Digital Mammography X-Ray Image Storage - For Presentation,1.2.840.10008.5.1.4.1.1.1.2,4,17.57 MB,./CMMD/D2-0089/1.3.6.1.4.1.14519.5.2.1.1239.1759.143774811444009300563316451377/1.3.6.1.4.1.14519.5.2.1.1239.1759.308445197208533770857660770436,2025-12-02T11:26:28.966068702
1.3.6.1.4.1.14519.5.2.1.1239.1759.179609398165757010920901261149,CMMD,NO,https://doi.org/10.7937/tcia.eqde4b16,D2-0090,1.3.6.1.4.1.14519.5.2.1.1239.1759.178842418910572049842220478264,NA,07-18-2011,NA,NA,MG,Digital Mammography X-Ray Image Storage - For Presentation,1.2.840.10008.5.1.4.1.1.1.2,4,17.57 MB,./CMMD/D2-0090/1.3.6.1.4.1.14519.5.2.1.1239.1759.178842418910572049842220478264/1.3.6.1.4.1.14519.5.2.1.1239.1759.179609398165757010920901261149,2025-12-02T11:26:37.263971824
1.3.6.1.4.1.14519.5.2.1.1239.1759.823351692471811211436526901075,CMMD,NO,https://doi.org/10.7937/tcia.eqde4b16,D2-0087,1.3.6.1.4.1.14519.5.2.1.1239.1759.178850079449707433782835940945,NA,07-18-2011,NA,NA,MG,Digital Mammography X-Ray Image Storage - For Presentation,1.2.840.10008.5.1.4.1.1.1.2,4,17.57 MB,./CMMD/D2-0087/1.3.6.1.4.1.14519.5.2.1.1239.1759.178850079449707433782835940945/1.3.6.1.4.1.14519.5.2.1.1239.1759.823351692471811211436526901075,2025-12-02T11:26:42.537981727
1.3.6.1.4.1.14519.5.2.1.1239.1759.255036151788772653880572481180,CMMD,NO,https://doi.org/10.7937/tcia.eqde4b16,D2-0091,1.3.6.1.4.1.14519.5.2.1.1239.1759.223497569691568127591603858289,NA,07-18-2011,NA,NA,MG,Digital Mammography X-Ray Image Storage - For Presentation,1.2.840.10008.5.1.4.1.1.1.2,4,17.57 MB,./CMMD/D2-0091/1.3.6.1.4.1.14519.5.2.1.1239.1759.223497569691568127591603858289/1.3.6.1.4.1.14519.5.2.1.1239.1759.255036151788772653880572481180,2025-12-02T11:26:44.836677352
1.3.6.1.4.1.14519.5.2.1.1239.1759.602299960788985398500631194574,CMMD,NO,https://doi.org/10.7937/tcia.eqde4b16,D2-0088,1.3.6.1.4.1.14519.5.2.1.1239.1759.246924339169824059587340408450,NA,07-18-2011,NA,NA,MG,Digital Mammography X-Ray Image Storage - For Presentation,1.2.840.10008.5.1.4.1.1.1.2,4,17.57 MB,./CMMD/D2-0088/1.3.6.1.4.1.14519.5.2.1.1239.1759.246924339169824059587340408450/1.3.6.1.4.1.14519.5.2.1.1239.1759.602299960788985398500631194574,2025-12-02T11:26:46.336617656
1.3.6.1.4.1.14519.5.2.1.1239.1759.902585823710054782674396074143,CMMD,NO,https://doi.org/10.7937/tcia.eqde4b16,D2-0092,1.3.6.1.4.1.14519.5.2.1.1239.1759.298278855140899236362449106478,NA,07-18-2011,NA,NA,MG,Digital Mammography X-Ray Image Storage - For Presentation,1.2.840.10008.5.1.4.1.1.1.2,4,17.57 MB,./CMMD/D2-0092/1.3.6.1.4.1.14519.5.2.1.1239.1759.298278855140899236362449106478/1.3.6.1.4.1.14519.5.2.1.1239.1759.902585823710054782674396074143,2025-12-02T11:26:51.673167443
1.3.6.1.4.1.14519.5.2.1.1239.1759.333611091489228141000452480960,CMMD,NO,https://doi.org/10.7937/tcia.eqde4b16,D2-0093,1.3.6.1.4.1.14519.5.2.1.1239.1759.177998483557494548748954078766,NA,07-17-2012,NA,NA,MG,Digital Mammography X-Ray Image Storage - For Presentation,1.2.840.10008.5.1.4.1.1.1.2,4,17.57 MB,./CMMD/D2-0093/1.3.6.1.4.1.14519.5.2.1.1239.1759.177998483557494548748954078766/1.3.6.1.4.1.14519.5.2.1.1239.1759.333611091489228141000452480960,2025-12-02T11:27:01.730771855
1.3.6.1.4.1.14519.5.2.1.1239.1759.139038173603979251843872843554,CMMD,NO,https://doi.org/10.7937/tcia.eqde4b16,D2-0094,1.3.6.1.4.1.14519.5.2.1.1239.1759.107271771893461091498313252565,NA,07-17-2012,NA,NA,MG,Digital Mammography X-Ray Image Storage - For Presentation,1.2.840.10008.5.1.4.1.1.1.2,4,17.57 MB,./CMMD/D2-0094/1.3.6.1.4.1.14519.5.2.1.1239.1759.107271771893461091498313252565/1.3.6.1.4.1.14519.5.2.1.1239.1759.139038173603979251843872843554,2025-12-02T11:27:08.078452601
1.3.6.1.4.1.14519.5.2.1.1239.1759.216612675747800392208762384050,CMMD,NO,https://doi.org/10.7937/tcia.eqde4b16,D2-0096,1.3.6.1.4.1.14519.5.2.1.1239.1759.273561377451895839345968879734,NA,07-17-2012,NA,NA,MG,Digital Mammography X-Ray Image Storage - For Presentation,1.2.840.10008.5.1.4.1.1.1.2,4,17.57 MB,./CMMD/D2-0096/1.3.6.1.4.1.14519.5.2.1.1239.1759.273561377451895839345968879734/1.3.6.1.4.1.14519.5.2.1.1239.1759.216612675747800392208762384050,2025-12-02T11:27:13.266278236
1.3.6.1.4.1.14519.5.2.1.1239.1759.113138362550216498457399266024,CMMD,NO,https://doi.org/10.7937/tcia.eqde4b16,D2-0095,1.3.6.1.4.1.14519.5.2.1.1239.1759.329743280849175845456818561997,NA,07-17-2012,NA,NA,MG,Digital Mammography X-Ray Image Storage - For Presentation,1.2.840.10008.5.1.4.1.1.1.2,4,17.57 MB,./CMMD/D2-0095/1.3.6.1.4.1.14519.5.2.1.1239.1759.329743280849175845456818561997/1.3.6.1.4.1.14519.5.2.1.1239.1759.113138362550216498457399266024,2025-12-02T11:27:14.023387677
1.3.6.1.4.1.14519.5.2.1.1239.1759.275172660649800054661386100864,CMMD,NO,https://doi.org/10.7937/tcia.eqde4b16,D2-0097,1.3.6.1.4.1.14519.5.2.1.1239.1759.108467752459921782197029881453,NA,07-17-2012,NA,NA,MG,Digital Mammography X-Ray Image Storage - For Presentation,1.2.840.10008.5.1.4.1.1.1.2,4,17.57 MB,./CMMD/D2-0097/1.3.6.1.4.1.14519.5.2.1.1239.1759.108467752459921782197029881453/1.3.6.1.4.1.14519.5.2.1.1239.1759.275172660649800054661386100864,2025-12-02T11:27:21.227964947
1.3.6.1.4.1.14519.5.2.1.1239.1759.207958954090887028135397575737,CMMD,NO,https://doi.org/10.7937/tcia.eqde4b16,D2-0098,1.3.6.1.4.1.14519.5.2.1.1239.1759.282099696601315156181353241401,NA,07-17-2012,NA,NA,MG,Digital Mammography X-Ray Image Storage - For Presentation,1.2.840.10008.5.1.4.1.1.1.2,4,17.57 MB,./CMMD/D2-0098/1.3.6.1.4.1.14519.5.2.1.1239.1759.282099696601315156181353241401/1.3.6.1.4.1.14519.5.2.1.1239.1759.207958954090887028135397575737,2025-12-02T11:27:23.501274362
1.3.6.1.4.1.14519.5.2.1.1239.1759.224028249202886987709181052039,CMMD,NO,https://doi.org/10.7937/tcia.eqde4b16,D2-0100,1.3.6.1.4.1.14519.5.2.1.1239.1759.699623205833890747631935201793,NA,07-18-2011,NA,NA,MG,Digital Mammography X-Ray Image Storage - For Presentation,1.2.840.10008.5.1.4.1.1.1.2,4,17.57 MB,./CMMD/D2-0100/1.3.6.1.4.1.14519.5.2.1.1239.1759.699623205833890747631935201793/1.3.6.1.4.1.14519.5.2.1.1239.1759.224028249202886987709181052039,2025-12-02T11:27:30.239244011
1.3.6.1.4.1.14519.5.2.1.1239.1759.309893570068953145688555870327,CMMD,NO,https://doi.org/10.7937/tcia.eqde4b16,D2-0099,1.3.6.1.4.1.14519.5.2.1.1239.1759.674008725164323225434773041681,NA,07-18-2011,NA,NA,MG,Digital Mammography X-Ray Image Storage - For Presentation,1.2.840.10008.5.1.4.1.1.1.2,4,17.57 MB,./CMMD/D2-0099/1.3.6.1.4.1.14519.5.2.1.1239.1759.674008725164323225434773041681/1.3.6.1.4.1.14519.5.2.1.1239.1759.309893570068953145688555870327,2025-12-02T11:27:31.878034574
1.3.6.1.4.1.14519.5.2.1.1239.1759.261900397813693787435414854730,CMMD,NO,https://doi.org/10.7937/tcia.eqde4b16,D2-0102,1.3.6.1.4.1.14519.5.2.1.1239.1759.140854960124926047006409257885,NA,07-18-2010,NA,NA,MG,Digital Mammography X-Ray Image Storage - For Presentation,1.2.840.10008.5.1.4.1.1.1.2,4,17.57 MB,./CMMD/D2-0102/1.3.6.1.4.1.14519.5.2.1.1239.1759.140854960124926047006409257885/1.3.6.1.4.1.14519.5.2.1.1239.1759.261900397813693787435414854730,2025-12-02T11:27:37.691148932
1.3.6.1.4.1.14519.5.2.1.1239.1759.245850110355726865437680258927,CMMD,NO,https://doi.org/10.7937/tcia.eqde4b16,D2-0104,1.3.6.1.4.1.14519.5.2.1.1239.1759.222296448832112124298334089267,NA,07-18-2010,NA,NA,MG,Digital Mammography X-Ray Image Storage - For Presentation,1.2.840.10008.5.1.4.1.1.1.2,4,17.57 MB,./CMMD/D2-0104/1.3.6.1.4.1.14519.5.2.1.1239.1759.222296448832112124298334089267/1.3.6.1.4.1.14519.5.2.1.1239.1759.245850110355726865437680258927,2025-12-02T11:27:45.713130722
1.3.6.1.4.1.14519.5.2.1.1239.1759.230966299662746918310035583532,CMMD,NO,https://doi.org/10.7937/tcia.eqde4b16,D2-0101,1.3.6.1.4.1.14519.5.2.1.1239.1759.118801255312757300774455934146,NA,07-18-2010,NA,NA,MG,Digital Mammography X-Ray Image Storage - For Presentation,1.2.840.10008.5.1.4.1.1.1.2,4,17.57 MB,./CMMD/D2-0101/1.3.6.1.4.1.14519.5.2.1.1239.1759.118801255312757300774455934146/1.3.6.1.4.1.14519.5.2.1.1239.1759.230966299662746918310035583532,2025-12-02T11:27:47.223129492
1.3.6.1.4.1.14519.5.2.1.1239.1759.260834736596282329716285201273,CMMD,NO,https://doi.org/10.7937/tcia.eqde4b16,D2-0105,1.3.6.1.4.1.14519.5.2.1.1239.1759.224909632467587666441729138508,NA,07-18-2010,NA,NA,MG,Digital Mammography X-Ray Image Storage - For Presentation,1.2.840.10008.5.1.4.1.1.1.2,4,17.57 MB,./CMMD/D2-0105/1.3.6.1.4.1.14519.5.2.1.1239.1759.224909632467587666441729138508/1.3.6.1.4.1.14519.5.2.1.1239.1759.260834736596282329716285201273,2025-12-02T11:27:53.669773246
1.3.6.1.4.1.14519.5.2.1.1239.1759.221160758286782604018359644261,CMMD,NO,https://doi.org/10.7937/tcia.eqde4b16,D2-0107,1.3.6.1.4.1.14519.5.2.1.1239.1759.282587829055210044356737520352,NA,07-18-2010,NA,NA,MG,Digital Mammography X-Ray Image Storage - For Presentation,1.2.840.10008.5.1.4.1.1.1.2,4,17.57 MB,./CMMD/D2-0107/1.3.6.1.4.1.14519.5.2.1.1239.1759.282587829055210044356737520352/1.3.6.1.4.1.14519.5.2.1.1239.1759.221160758286782604018359644261,2025-12-02T11:28:03.764678793
1.3.6.1.4.1.14519.5.2.1.1239.1759.133491298279435149470795269707,CMMD,NO,https://doi.org/10.7937/tcia.eqde4b16,D2-0106,1.3.6.1.4.1.14519.5.2.1.1239.1759.121029032672041301662201505980,NA,07-18-2010,NA,NA,MG,Digital Mammography X-Ray Image Storage - For Presentation,1.2.840.10008.5.1.4.1.1.1.2,4,17.57 MB,./CMMD/D2-0106/1.3.6.1.4.1.14519.5.2.1.1239.1759.121029032672041301662201505980/1.3.6.1.4.1.14519.5.2.1.1239.1759.133491298279435149470795269707,2025-12-02T11:28:05.613466685
1.3.6.1.4.1.14519.5.2.1.1239.1759.860305551253869987798991318247,CMMD,NO,https://doi.org/10.7937/tcia.eqde4b16,D2-0108,1.3.6.1.4.1.14519.5.2.1.1239.1759.778775797364060295351512669535,NA,07-18-2010,NA,NA,MG,Digital Mammography X-Ray Image Storage - For Presentation,1.2.840.10008.5.1.4.1.1.1.2,4,17.57 MB,./CMMD/D2-0108/1.3.6.1.4.1.14519.5.2.1.1239.1759.778775797364060295351512669535/1.3.6.1.4.1.14519.5.2.1.1239.1759.860305551253869987798991318247,2025-12-02T11:28:12.403559988
1.3.6.1.4.1.14519.5.2.1.1239.1759.190094273524389070173138352444,CMMD,NO,https://doi.org/10.7937/tcia.eqde4b16,D2-0110,1.3.6.1.4.1.14519.5.2.1.1239.1759.580410206437959971136094856961,NA,07-18-2010,NA,NA,MG,Digital Mammography X-Ray Image Storage - For Presentation,1.2.840.10008.5.1.4.1.1.1.2,4,17.57 MB,./CMMD/D2-0110/1.3.6.1.4.1.14519.5.2.1.1239.1759.580410206437959971136094856961/1.3.6.1.4.1.14519.5.2.1.1239.1759.190094273524389070173138352444,2025-12-02T11:28:19.966820351
1.3.6.1.4.1.14519.5.2.1.1239.1759.141191170197896450489783685719,CMMD,NO,https://doi.org/10.7937/tcia.eqde4b16,D2-0103,1.3.6.1.4.1.14519.5.2.1.1239.1759.104157211249790467928214785344,NA,07-18-2010,NA,NA,MG,Digital Mammography X-Ray Image Storage - For Presentation,1.2.840.10008.5.1.4.1.1.1.2,4,17.57 MB,./CMMD/D2-0103/1.3.6.1.4.1.14519.5.2.1.1239.1759.104157211249790467928214785344/1.3.6.1.4.1.14519.5.2.1.1239.1759.141191170197896450489783685719,2025-12-02T11:28:24.065062484
1.3.6.1.4.1.14519.5.2.1.1239.1759.379306326445438323174367635817,CMMD,NO,https://doi.org/10.7937/tcia.eqde4b16,D2-0111,1.3.6.1.4.1.14519.5.2.1.1239.1759.306660189177779250582050249690,NA,07-18-2010,NA,NA,MG,Digital Mammography X-Ray Image Storage - For Presentation,1.2.840.10008.5.1.4.1.1.1.2,4,17.57 MB,./CMMD/D2-0111/1.3.6.1.4.1.14519.5.2.1.1239.1759.306660189177779250582050249690/1.3.6.1.4.1.14519.5.2.1.1239.1759.379306326445438323174367635817,2025-12-02T11:28:27.317820997
1.3.6.1.4.1.14519.5.2.1.1239.1759.331542419396660828101704953686,CMMD,NO,https://doi.org/10.7937/tcia.eqde4b16,D2-0112,1.3.6.1.4.1.14519.5.2.1.1239.1759.132498259166907751335652362068,NA,07-18-2010,NA,NA,MG,Digital Mammography X-Ray Image Storage - For Presentation,1.2.840.10008.5.1.4.1.1.1.2,4,17.57 MB,./CMMD/D2-0112/1.3.6.1.4.1.14519.5.2.1.1239.1759.132498259166907751335652362068/1.3.6.1.4.1.14519.5.2.1.1239.1759.331542419396660828101704953686,2025-12-02T11:28:31.886828326
1.3.6.1.4.1.14519.5.2.1.1239.1759.682774833923819376735782205253,CMMD,NO,https://doi.org/10.7937/tcia.eqde4b16,D2-0113,1.3.6.1.4.1.14519.5.2.1.1239.1759.293920663658024606819877722059,NA,07-18-2010,NA,NA,MG,Digital Mammography X-Ray Image Storage - For Presentation,1.2.840.10008.5.1.4.1.1.1.2,4,17.57 MB,./CMMD/D2-0113/1.3.6.1.4.1.14519.5.2.1.1239.1759.293920663658024606819877722059/1.3.6.1.4.1.14519.5.2.1.1239.1759.682774833923819376735782205253,2025-12-02T11:28:41.759794478
1.3.6.1.4.1.14519.5.2.1.1239.1759.227305229966001593348908693942,CMMD,NO,https://doi.org/10.7937/tcia.eqde4b16,D2-0109,1.3.6.1.4.1.14519.5.2.1.1239.1759.946136664540043939885508472055,NA,07-18-2010,NA,NA,MG,Digital Mammography X-Ray Image Storage - For Presentation,1.2.840.10008.5.1.4.1.1.1.2,4,17.57 MB,./CMMD/D2-0109/1.3.6.1.4.1.14519.5.2.1.1239.1759.946136664540043939885508472055/1.3.6.1.4.1.14519.5.2.1.1239.1759.227305229966001593348908693942,2025-12-02T11:28:44.68118861
1.3.6.1.4.1.14519.5.2.1.1239.1759.179364523581214001245322255744,CMMD,NO,https://doi.org/10.7937/tcia.eqde4b16,D2-0114,1.3.6.1.4.1.14519.5.2.1.1239.1759.244012232266900833440372311663,NA,07-18-2010,NA,NA,MG,Digital Mammography X-Ray Image Storage - For Presentation,1.2.840.10008.5.1.4.1.1.1.2,4,17.57 MB,./CMMD/D2-0114/1.3.6.1.4.1.14519.5.2.1.1239.1759.244012232266900833440372311663/1.3.6.1.4.1.14519.5.2.1.1239.1759.179364523581214001245322255744,2025-12-02T11:28:45.86374652
1.3.6.1.4.1.14519.5.2.1.1239.1759.284567048842618473984246103069,CMMD,NO,https://doi.org/10.7937/tcia.eqde4b16,D2-0117,1.3.6.1.4.1.14519.5.2.1.1239.1759.182548655814480818534731810512,NA,07-18-2010,NA,NA,MG,Digital Mammography X-Ray Image Storage - For Presentation,1.2.840.10008.5.1.4.1.1.1.2,4,17.57 MB,./CMMD/D2-0117/1.3.6.1.4.1.14519.5.2.1.1239.1759.182548655814480818534731810512/1.3.6.1.4.1.14519.5.2.1.1239.1759.284567048842618473984246103069,2025-12-02T11:28:58.340180657
1.3.6.1.4.1.14519.5.2.1.1239.1759.291507879322089371769027838963,CMMD,NO,https://doi.org/10.7937/tcia.eqde4b16,D2-0116,1.3.6.1.4.1.14519.5.2.1.1239.1759.260847663706372837427403235847,NA,07-18-2010,NA,NA,MG,Digital Mammography X-Ray Image Storage - For Presentation,1.2.840.10008.5.1.4.1.1.1.2,4,17.57 MB,./CMMD/D2-0116/1.3.6.1.4.1.14519.5.2.1.1239.1759.260847663706372837427403235847/1.3.6.1.4.1.14519.5.2.1.1239.1759.291507879322089371769027838963,2025-12-02T11:28:59.165522865
1.3.6.1.4.1.14519.5.2.1.1239.1759.138180519015220631511082555966,CMMD,NO,https://doi.org/10.7937/tcia.eqde4b16,D2-0115,1.3.6.1.4.1.14519.5.2.1.1239.1759.322500210710017482604763536799,NA,07-18-2010,NA,NA,MG,Digital Mammography X-Ray Image Storage - For Presentation,1.2.840.10008.5.1.4.1.1.1.2,4,17.57 MB,./CMMD/D2-0115/1.3.6.1.4.1.14519.5.2.1.1239.1759.322500210710017482604763536799/1.3.6.1.4.1.14519.5.2.1.1239.1759.138180519015220631511082555966,2025-12-02T11:29:03.000732862
1.3.6.1.4.1.14519.5.2.1.1239.1759.111205795797520985088260916259,CMMD,NO,https://doi.org/10.7937/tcia.eqde4b16,D2-0118,1.3.6.1.4.1.14519.5.2.1.1239.1759.300595985950550591142051734582,NA,07-18-2010,NA,NA,MG,Digital Mammography X-Ray Image Storage - For Presentation,1.2.840.10008.5.1.4.1.1.1.2,4,17.57 MB,./CMMD/D2-0118/1.3.6.1.4.1.14519.5.2.1.1239.1759.300595985950550591142051734582/1.3.6.1.4.1.14519.5.2.1.1239.1759.111205795797520985088260916259,2025-12-02T11:29:06.311793113
1.3.6.1.4.1.14519.5.2.1.1239.1759.132573712602131500172120169943,CMMD,NO,https://doi.org/10.7937/tcia.eqde4b16,D2-0119,1.3.6.1.4.1.14519.5.2.1.1239.1759.309254522392156767449910690016,NA,07-18-2010,NA,NA,MG,Digital Mammography X-Ray Image Storage - For Presentation,1.2.840.10008.5.1.4.1.1.1.2,4,17.57 MB,./CMMD/D2-0119/1.3.6.1.4.1.14519.5.2.1.1239.1759.309254522392156767449910690016/1.3.6.1.4.1.14519.5.2.1.1239.1759.132573712602131500172120169943,2025-12-02T11:29:14.128181833
1.3.6.1.4.1.14519.5.2.1.1239.1759.120268911190570344388166705413,CMMD,NO,https://doi.org/10.7937/tcia.eqde4b16,D2-0121,1.3.6.1.4.1.14519.5.2.1.1239.1759.207535011671235571570123919931,NA,07-18-2010,NA,NA,MG,Digital Mammography X-Ray Image Storage - For Presentation,1.2.840.10008.5.1.4.1.1.1.2,4,17.57 MB,./CMMD/D2-0121/1.3.6.1.4.1.14519.5.2.1.1239.1759.207535011671235571570123919931/1.3.6.1.4.1.14519.5.2.1.1239.1759.120268911190570344388166705413,2025-12-02T11:29:15.209111567
1.3.6.1.4.1.14519.5.2.1.1239.1759.561191001685854577871939180980,CMMD,NO,https://doi.org/10.7937/tcia.eqde4b16,D2-0120,1.3.6.1.4.1.14519.5.2.1.1239.1759.306700185340174298391360573013,NA,07-18-2010,NA,NA,MG,Digital Mammography X-Ray Image Storage - For Presentation,1.2.840.10008.5.1.4.1.1.1.2,4,17.57 MB,./CMMD/D2-0120/1.3.6.1.4.1.14519.5.2.1.1239.1759.306700185340174298391360573013/1.3.6.1.4.1.14519.5.2.1.1239.1759.561191001685854577871939180980,2025-12-02T11:29:24.334342094
1.3.6.1.4.1.14519.5.2.1.1239.1759.113473757854869516387186710253,CMMD,NO,https://doi.org/10.7937/tcia.eqde4b16,D2-0122,1.3.6.1.4.1.14519.5.2.1.1239.1759.269118799175657946633126293991,NA,07-18-2010,NA,NA,MG,Digital Mammography X-Ray Image Storage - For Presentation,1.2.840.10008.5.1.4.1.1.1.2,4,17.57 MB,./CMMD/D2-0122/1.3.6.1.4.1.14519.5.2.1.1239.1759.269118799175657946633126293991/1.3.6.1.4.1.14519.5.2.1.1239.1759.113473757854869516387186710253,2025-12-02T11:29:25.89618464
1.3.6.1.4.1.14519.5.2.1.1239.1759.219713604940260512946355224197,CMMD,NO,https://doi.org/10.7937/tcia.eqde4b16,D2-0124,1.3.6.1.4.1.14519.5.2.1.1239.1759.593966416041746145301741983231,NA,07-18-2010,NA,NA,MG,Digital Mammography X-Ray Image Storage - For Presentation,1.2.840.10008.5.1.4.1.1.1.2,2,8.79 MB,./CMMD/D2-0124/1.3.6.1.4.1.14519.5.2.1.1239.1759.593966416041746145301741983231/1.3.6.1.4.1.14519.5.2.1.1239.1759.219713604940260512946355224197,2025-12-02T11:29:29.567929679
1.3.6.1.4.1.14519.5.2.1.1239.1759.230500891107383595384392349403,CMMD,NO,https://doi.org/10.7937/tcia.eqde4b16,D2-0123,1.3.6.1.4.1.14519.5.2.1.1239.1759.173568022994103526328109091385,NA,07-18-2010,NA,NA,MG,Digital Mammography X-Ray Image Storage - For Presentation,1.2.840.10008.5.1.4.1.1.1.2,4,17.57 MB,./CMMD/D2-0123/1.3.6.1.4.1.14519.5.2.1.1239.1759.173568022994103526328109091385/1.3.6.1.4.1.14519.5.2.1.1239.1759.230500891107383595384392349403,2025-12-02T11:29:37.736108627
1.3.6.1.4.1.14519.5.2.1.1239.1759.228298089709618157312806588643,CMMD,NO,https://doi.org/10.7937/tcia.eqde4b16,D2-0126,1.3.6.1.4.1.14519.5.2.1.1239.1759.231782564970248191357797221050,NA,07-18-2010,NA,NA,MG,Digital Mammography X-Ray Image Storage - For Presentation,1.2.840.10008.5.1.4.1.1.1.2,4,17.57 MB,./CMMD/D2-0126/1.3.6.1.4.1.14519.5.2.1.1239.1759.231782564970248191357797221050/1.3.6.1.4.1.14519.5.2.1.1239.1759.228298089709618157312806588643,2025-12-02T11:29:38.048745519
1.3.6.1.4.1.14519.5.2.1.1239.1759.167236814337605571639208765552,CMMD,NO,https://doi.org/10.7937/tcia.eqde4b16,D2-0128,1.3.6.1.4.1.14519.5.2.1.1239.1759.969599634736251118905515261490,NA,07-18-2010,NA,NA,MG,Digital Mammography X-Ray Image Storage - For Presentation,1.2.840.10008.5.1.4.1.1.1.2,4,17.57 MB,./CMMD/D2-0128/1.3.6.1.4.1.14519.5.2.1.1239.1759.969599634736251118905515261490/1.3.6.1.4.1.14519.5.2.1.1239.1759.167236814337605571639208765552,2025-12-02T11:29:47.242504366
1.3.6.1.4.1.14519.5.2.1.1239.1759.196639845868895088913508848069,CMMD,NO,https://doi.org/10.7937/tcia.eqde4b16,D2-0127,1.3.6.1.4.1.14519.5.2.1.1239.1759.117396984207134432792511056134,NA,07-18-2010,NA,NA,MG,Digital Mammography X-Ray Image Storage - For Presentation,1.2.840.10008.5.1.4.1.1.1.2,4,17.57 MB,./CMMD/D2-0127/1.3.6.1.4.1.14519.5.2.1.1239.1759.117396984207134432792511056134/1.3.6.1.4.1.14519.5.2.1.1239.1759.196639845868895088913508848069,2025-12-02T11:29:53.502633422
1.3.6.1.4.1.14519.5.2.1.1239.1759.338596141760688363282107386415,CMMD,NO,https://doi.org/10.7937/tcia.eqde4b16,D2-0129,1.3.6.1.4.1.14519.5.2.1.1239.1759.140874027020164585552651943666,NA,07-18-2010,NA,NA,MG,Digital Mammography X-Ray Image Storage - For Presentation,1.2.840.10008.5.1.4.1.1.1.2,4,17.57 MB,./CMMD/D2-0129/1.3.6.1.4.1.14519.5.2.1.1239.1759.140874027020164585552651943666/1.3.6.1.4.1.14519.5.2.1.1239.1759.338596141760688363282107386415,2025-12-02T11:29:55.58788198
1.3.6.1.4.1.14519.5.2.1.1239.1759.157801559976708582971166222076,CMMD,NO,https://doi.org/10.7937/tcia.eqde4b16,D2-0130,1.3.6.1.4.1.14519.5.2.1.1239.1759.324628736491012047614499571402,NA,07-18-2010,NA,NA,MG,Digital Mammography X-Ray Image Storage - For Presentation,1.2.840.10008.5.1.4.1.1.1.2,4,17.57 MB,./CMMD/D2-0130/1.3.6.1.4.1.14519.5.2.1.1239.1759.324628736491012047614499571402/1.3.6.1.4.1.14519.5.2.1.1239.1759.157801559976708582971166222076,2025-12-02T11:30:02.042955939
1.3.6.1.4.1.14519.5.2.1.1239.1759.263668267398564648058910315576,CMMD,NO,https://doi.org/10.7937/tcia.eqde4b16,D2-0125,1.3.6.1.4.1.14519.5.2.1.1239.1759.321797197924170004142369232715,NA,07-18-2010,NA,NA,MG,Digital Mammography X-Ray Image Storage - For Presentation,1.2.840.10008.5.1.4.1.1.1.2,4,17.57 MB,./CMMD/D2-0125/1.3.6.1.4.1.14519.5.2.1.1239.1759.321797197924170004142369232715/1.3.6.1.4.1.14519.5.2.1.1239.1759.263668267398564648058910315576,2025-12-02T11:30:03.610378696
1.3.6.1.4.1.14519.5.2.1.1239.1759.316912786883952737683800712374,CMMD,NO,https://doi.org/10.7937/tcia.eqde4b16,D2-0132,1.3.6.1.4.1.14519.5.2.1.1239.1759.327778284087840932454418787267,NA,07-18-2010,NA,NA,MG,Digital Mammography X-Ray Image Storage - For Presentation,1.2.840.10008.5.1.4.1.1.1.2,4,17.57 MB,./CMMD/D2-0132/1.3.6.1.4.1.14519.5.2.1.1239.1759.327778284087840932454418787267/1.3.6.1.4.1.14519.5.2.1.1239.1759.316912786883952737683800712374,2025-12-02T11:30:13.510399567
1.3.6.1.4.1.14519.5.2.1.1239.1759.339848412934947218762113401126,CMMD,NO,https://doi.org/10.7937/tcia.eqde4b16,D2-0131,1.3.6.1.4.1.14519.5.2.1.1239.1759.954465720035506026168174814273,NA,07-18-2010,NA,NA,MG,Digital Mammography X-Ray Image Storage - For Presentation,1.2.840.10008.5.1.4.1.1.1.2,4,17.57 MB,./CMMD/D2-0131/1.3.6.1.4.1.14519.5.2.1.1239.1759.954465720035506026168174814273/1.3.6.1.4.1.14519.5.2.1.1239.1759.339848412934947218762113401126,2025-12-02T11:30:14.091125892
1.3.6.1.4.1.14519.5.2.1.1239.1759.142999568440227217185748299418,CMMD,NO,https://doi.org/10.7937/tcia.eqde4b16,D2-0135,1.3.6.1.4.1.14519.5.2.1.1239.1759.160272536527822104157238981437,NA,07-18-2010,NA,NA,MG,Digital Mammography X-Ray Image Storage - For Presentation,1.2.840.10008.5.1.4.1.1.1.2,4,17.57 MB,./CMMD/D2-0135/1.3.6.1.4.1.14519.5.2.1.1239.1759.160272536527822104157238981437/1.3.6.1.4.1.14519.5.2.1.1239.1759.142999568440227217185748299418,2025-12-02T11:30:22.329327424
1.3.6.1.4.1.14519.5.2.1.1239.1759.599180433751956235409305377777,CMMD,NO,https://doi.org/10.7937/tcia.eqde4b16,D2-0133,1.3.6.1.4.1.14519.5.2.1.1239.1759.249087392959501380114956822217,NA,07-18-2010,NA,NA,MG,Digital Mammography X-Ray Image Storage - For Presentation,1.2.840.10008.5.1.4.1.1.1.2,4,17.57 MB,./CMMD/D2-0133/1.3.6.1.4.1.14519.5.2.1.1239.1759.249087392959501380114956822217/1.3.6.1.4.1.14519.5.2.1.1239.1759.599180433751956235409305377777,2025-12-02T11:30:28.811788882
1.3.6.1.4.1.14519.5.2.1.1239.1759.975630732448673601465317210960,CMMD,NO,https://doi.org/10.7937/tcia.eqde4b16,D2-0137,1.3.6.1.4.1.14519.5.2.1.1239.1759.328142438730121607135105320490,NA,07-18-2010,NA,NA,MG,Digital Mammography X-Ray Image Storage - For Presentation,1.2.840.10008.5.1.4.1.1.1.2,4,17.57 MB,./CMMD/D2-0137/1.3.6.1.4.1.14519.5.2.1.1239.1759.328142438730121607135105320490/1.3.6.1.4.1.14519.5.2.1.1239.1759.975630732448673601465317210960,2025-12-02T11:30:36.256721302
1.3.6.1.4.1.14519.5.2.1.1239.1759.160968165824686742444764474308,CMMD,NO,https://doi.org/10.7937/tcia.eqde4b16,D2-0138,1.3.6.1.4.1.14519.5.2.1.1239.1759.291802729061787446945703624617,NA,07-18-2010,NA,NA,MG,Digital Mammography X-Ray Image Storage - For Presentation,1.2.840.10008.5.1.4.1.1.1.2,4,17.57 MB,./CMMD/D2-0138/1.3.6.1.4.1.14519.5.2.1.1239.1759.291802729061787446945703624617/1.3.6.1.4.1.14519.5.2.1.1239.1759.160968165824686742444764474308,2025-12-02T11:30:43.365172006
1.3.6.1.4.1.14519.5.2.1.1239.1759.212082657489157296993659895924,CMMD,NO,https://doi.org/10.7937/tcia.eqde4b16,D2-0134,1.3.6.1.4.1.14519.5.2.1.1239.1759.237274484307328033615523255783,NA,07-18-2010,NA,NA,MG,Digital Mammography X-Ray Image Storage - For Presentation,1.2.840.10008.5.1.4.1.1.1.2,4,17.57 MB,./CMMD/D2-0134/1.3.6.1.4.1.14519.5.2.1.1239.1759.237274484307328033615523255783/1.3.6.1.4.1.14519.5.2.1.1239.1759.212082657489157296993659895924,2025-12-02T11:30:45.2298617
1.3.6.1.4.1.14519.5.2.1.1239.1759.272199532766139301493529626746,CMMD,NO,https://doi.org/10.7937/tcia.eqde4b16,D2-0136,1.3.6.1.4.1.14519.5.2.1.1239.1759.887960833233695793221467945985,NA,07-18-2010,NA,NA,MG,Digital Mammography X-Ray Image Storage - For Presentation,1.2.840.10008.5.1.4.1.1.1.2,4,17.57 MB,./CMMD/D2-0136/1.3.6.1.4.1.14519.5.2.1.1239.1759.887960833233695793221467945985/1.3.6.1.4.1.14519.5.2.1.1239.1759.272199532766139301493529626746,2025-12-02T11:30:51.219743256
1.3.6.1.4.1.14519.5.2.1.1239.1759.115060983843511037348481244160,CMMD,NO,https://doi.org/10.7937/tcia.eqde4b16,D2-0140,1.3.6.1.4.1.14519.5.2.1.1239.1759.598888059044635576254843278173,NA,07-18-2010,NA,NA,MG,Digital Mammography X-Ray Image Storage - For Presentation,1.2.840.10008.5.1.4.1.1.1.2,4,17.57 MB,./CMMD/D2-0140/1.3.6.1.4.1.14519.5.2.1.1239.1759.598888059044635576254843278173/1.3.6.1.4.1.14519.5.2.1.1239.1759.115060983843511037348481244160,2025-12-02T11:30:55.50591193
1.3.6.1.4.1.14519.5.2.1.1239.1759.305842368137444935752511872304,CMMD,NO,https://doi.org/10.7937/tcia.eqde4b16,D2-0139,1.3.6.1.4.1.14519.5.2.1.1239.1759.803034875856353540041402221317,NA,07-18-2010,NA,NA,MG,Digital Mammography X-Ray Image Storage - For Presentation,1.2.840.10008.5.1.4.1.1.1.2,4,17.57 MB,./CMMD/D2-0139/1.3.6.1.4.1.14519.5.2.1.1239.1759.803034875856353540041402221317/1.3.6.1.4.1.14519.5.2.1.1239.1759.305842368137444935752511872304,2025-12-02T11:30:58.238029254
1.3.6.1.4.1.14519.5.2.1.1239.1759.306318453488127767295240595242,CMMD,NO,https://doi.org/10.7937/tcia.eqde4b16,D2-0142,1.3.6.1.4.1.14519.5.2.1.1239.1759.316239904721722825534538416234,NA,07-18-2010,NA,NA,MG,Digital Mammography X-Ray Image Storage - For Presentation,1.2.840.10008.5.1.4.1.1.1.2,4,17.57 MB,./CMMD/D2-0142/1.3.6.1.4.1.14519.5.2.1.1239.1759.316239904721722825534538416234/1.3.6.1.4.1.14519.5.2.1.1239.1759.306318453488127767295240595242,2025-12-02T11:31:06.49088349
1.3.6.1.4.1.14519.5.2.1.1239.1759.292148253242853380672881413564,CMMD,NO,https://doi.org/10.7937/tcia.eqde4b16,D2-0141,1.3.6.1.4.1.14519.5.2.1.1239.1759.147846558232784853931569594398,NA,07-18-2010,NA,NA,MG,Digital Mammography X-Ray Image Storage - For Presentation,1.2.840.10008.5.1.4.1.1.1.2,4,17.57 MB,./CMMD/D2-0141/1.3.6.1.4.1.14519.5.2.1.1239.1759.147846558232784853931569594398/1.3.6.1.4.1.14519.5.2.1.1239.1759.292148253242853380672881413564,2025-12-02T11:31:10.39578185
1.3.6.1.4.1.14519.5.2.1.1239.1759.319996963991980225664145701091,CMMD,NO,https://doi.org/10.7937/tcia.eqde4b16,D2-0144,1.3.6.1.4.1.14519.5.2.1.1239.1759.282118226641610110930529503734,NA,07-18-2010,NA,NA,MG,Digital Mammography X-Ray Image Storage - For Presentation,1.2.840.10008.5.1.4.1.1.1.2,4,17.57 MB,./CMMD/D2-0144/1.3.6.1.4.1.14519.5.2.1.1239.1759.282118226641610110930529503734/1.3.6.1.4.1.14519.5.2.1.1239.1759.319996963991980225664145701091,2025-12-02T11:31:14.879497488
1.3.6.1.4.1.14519.5.2.1.1239.1759.295866910230536434374966936820,CMMD,NO,https://doi.org/10.7937/tcia.eqde4b16,D2-0145,1.3.6.1.4.1.14519.5.2.1.1239.1759.123079373927997992234580588384,NA,07-18-2010,NA,NA,MG,Digital Mammography X-Ray Image Storage - For Presentation,1.2.840.10008.5.1.4.1.1.1.2,4,17.57 MB,./CMMD/D2-0145/1.3.6.1.4.1.14519.5.2.1.1239.1759.123079373927997992234580588384/1.3.6.1.4.1.14519.5.2.1.1239.1759.295866910230536434374966936820,2025-12-02T11:31:20.190265026
1.3.6.1.4.1.14519.5.2.1.1239.1759.184438466183565851407386781799,CMMD,NO,https://doi.org/10.7937/tcia.eqde4b16,D2-0146,1.3.6.1.4.1.14519.5.2.1.1239.1759.435788920757606149003148070679,NA,07-18-2010,NA,NA,MG,Digital Mammography X-Ray Image Storage - For Presentation,1.2.840.10008.5.1.4.1.1.1.2,4,17.57 MB,./CMMD/D2-0146/1.3.6.1.4.1.14519.5.2.1.1239.1759.435788920757606149003148070679/1.3.6.1.4.1.14519.5.2.1.1239.1759.184438466183565851407386781799,2025-12-02T11:31:29.344739084
1.3.6.1.4.1.14519.5.2.1.1239.1759.230111055724434943139022743992,CMMD,NO,https://doi.org/10.7937/tcia.eqde4b16,D2-0147,1.3.6.1.4.1.14519.5.2.1.1239.1759.121616415555153306858385629236,NA,07-18-2010,NA,NA,MG,Digital Mammography X-Ray Image Storage - For Presentation,1.2.840.10008.5.1.4.1.1.1.2,4,17.57 MB,./CMMD/D2-0147/1.3.6.1.4.1.14519.5.2.1.1239.1759.121616415555153306858385629236/1.3.6.1.4.1.14519.5.2.1.1239.1759.230111055724434943139022743992,2025-12-02T11:31:29.61814529
1.3.6.1.4.1.14519.5.2.1.1239.1759.244229870371882673780326592194,CMMD,NO,https://doi.org/10.7937/tcia.eqde4b16,D2-0143,1.3.6.1.4.1.14519.5.2.1.1239.1759.201964152620195025225290562418,NA,07-18-2010,NA,NA,MG,Digital Mammography X-Ray Image Storage - For Presentation,1.2.840.10008.5.1.4.1.1.1.2,4,17.57 MB,./CMMD/D2-0143/1.3.6.1.4.1.14519.5.2.1.1239.1759.201964152620195025225290562418/1.3.6.1.4.1.14519.5.2.1.1239.1759.244229870371882673780326592194,2025-12-02T11:31:31.716098604
1.3.6.1.4.1.14519.5.2.1.1239.1759.470770167525761392425898867808,CMMD,NO,https://doi.org/10.7937/tcia.eqde4b16,D2-0148,1.3.6.1.4.1.14519.5.2.1.1239.1759.256695784070457761068445406008,NA,07-18-2010,NA,NA,MG,Digital Mammography X-Ray Image Storage - For Presentation,1.2.840.10008.5.1.4.1.1.1.2,4,17.57 MB,./CMMD/D2-0148/1.3.6.1.4.1.14519.5.2.1.1239.1759.256695784070457761068445406008/1.3.6.1.4.1.14519.5.2.1.1239.1759.470770167525761392425898867808,2025-12-02T11:31:38.090921888
1.3.6.1.4.1.14519.5.2.1.1239.1759.452305143410270495027347345194,CMMD,NO,https://doi.org/10.7937/tcia.eqde4b16,D2-0149,1.3.6.1.4.1.14519.5.2.1.1239.1759.339745290790747222930111138927,NA,07-18-2010,NA,NA,MG,Digital Mammography X-Ray Image Storage - For Presentation,1.2.840.10008.5.1.4.1.1.1.2,4,17.57 MB,./CMMD/D2-0149/1.3.6.1.4.1.14519.5.2.1.1239.1759.339745290790747222930111138927/1.3.6.1.4.1.14519.5.2.1.1239.1759.452305143410270495027347345194,2025-12-02T11:31:43.381996893
1.3.6.1.4.1.14519.5.2.1.1239.1759.272990576804863471906914256725,CMMD,NO,https://doi.org/10.7937/tcia.eqde4b16,D2-0151,1.3.6.1.4.1.14519.5.2.1.1239.1759.247210752673777060186065930224,NA,07-18-2010,NA,NA,MG,Digital Mammography X-Ray Image Storage - For Presentation,1.2.840.10008.5.1.4.1.1.1.2,4,17.57 MB,./CMMD/D2-0151/1.3.6.1.4.1.14519.5.2.1.1239.1759.247210752673777060186065930224/1.3.6.1.4.1.14519.5.2.1.1239.1759.272990576804863471906914256725,2025-12-02T11:31:50.511169662
1.3.6.1.4.1.14519.5.2.1.1239.1759.211016554248520633664912835125,CMMD,NO,https://doi.org/10.7937/tcia.eqde4b16,D2-0150,1.3.6.1.4.1.14519.5.2.1.1239.1759.284331749079961165704112451350,NA,07-18-2010,NA,NA,MG,Digital Mammography X-Ray Image Storage - For Presentation,1.2.840.10008.5.1.4.1.1.1.2,4,17.57 MB,./CMMD/D2-0150/1.3.6.1.4.1.14519.5.2.1.1239.1759.284331749079961165704112451350/1.3.6.1.4.1.14519.5.2.1.1239.1759.211016554248520633664912835125,2025-12-02T11:31:54.349994896
1.3.6.1.4.1.14519.5.2.1.1239.1759.182000111020968162669791074037,CMMD,NO,https://doi.org/10.7937/tcia.eqde4b16,D2-0153,1.3.6.1.4.1.14519.5.2.1.1239.1759.111360401883514160478368743570,NA,07-18-2010,NA,NA,MG,Digital Mammography X-Ray Image Storage - For Presentation,1.2.840.10008.5.1.4.1.1.1.2,4,17.57 MB,./CMMD/D2-0153/1.3.6.1.4.1.14519.5.2.1.1239.1759.111360401883514160478368743570/1.3.6.1.4.1.14519.5.2.1.1239.1759.182000111020968162669791074037,2025-12-02T11:32:06.029799514
1.3.6.1.4.1.14519.5.2.1.1239.1759.161177943684733264266384125568,CMMD,NO,https://doi.org/10.7937/tcia.eqde4b16,D2-0154,1.3.6.1.4.1.14519.5.2.1.1239.1759.159429153540815666340899379381,NA,07-18-2010,NA,NA,MG,Digital Mammography X-Ray Image Storage - For Presentation,1.2.840.10008.5.1.4.1.1.1.2,4,17.57 MB,./CMMD/D2-0154/1.3.6.1.4.1.14519.5.2.1.1239.1759.159429153540815666340899379381/1.3.6.1.4.1.14519.5.2.1.1239.1759.161177943684733264266384125568,2025-12-02T11:32:06.943618113
1.3.6.1.4.1.14519.5.2.1.1239.1759.331038495782181634438583689594,CMMD,NO,https://doi.org/10.7937/tcia.eqde4b16,D2-0152,1.3.6.1.4.1.14519.5.2.1.1239.1759.276877207481725543657685845106,NA,07-18-2010,NA,NA,MG,Digital Mammography X-Ray Image Storage - For Presentation,1.2.840.10008.5.1.4.1.1.1.2,4,17.57 MB,./CMMD/D2-0152/1.3.6.1.4.1.14519.5.2.1.1239.1759.276877207481725543657685845106/1.3.6.1.4.1.14519.5.2.1.1239.1759.331038495782181634438583689594,2025-12-02T11:32:08.644924604
1.3.6.1.4.1.14519.5.2.1.1239.1759.645630085443793790110075422930,CMMD,NO,https://doi.org/10.7937/tcia.eqde4b16,D2-0155,1.3.6.1.4.1.14519.5.2.1.1239.1759.151965859438512272278315461996,NA,07-18-2010,NA,NA,MG,Digital Mammography X-Ray Image Storage - For Presentation,1.2.840.10008.5.1.4.1.1.1.2,4,17.57 MB,./CMMD/D2-0155/1.3.6.1.4.1.14519.5.2.1.1239.1759.151965859438512272278315461996/1.3.6.1.4.1.14519.5.2.1.1239.1759.645630085443793790110075422930,2025-12-02T11:32:14.010084574
1.3.6.1.4.1.14519.5.2.1.1239.1759.315828493713576715703490782701,CMMD,NO,https://doi.org/10.7937/tcia.eqde4b16,D2-0156,1.3.6.1.4.1.14519.5.2.1.1239.1759.106359204631447195332014991327,NA,07-18-2010,NA,NA,MG,Digital Mammography X-Ray Image Storage - For Presentation,1.2.840.10008.5.1.4.1.1.1.2,4,17.57 MB,./CMMD/D2-0156/1.3.6.1.4.1.14519.5.2.1.1239.1759.106359204631447195332014991327/1.3.6.1.4.1.14519.5.2.1.1239.1759.315828493713576715703490782701,2025-12-02T11:32:25.657827871
1.3.6.1.4.1.14519.5.2.1.1239.1759.716875690103063530887624172512,CMMD,NO,https://doi.org/10.7937/tcia.eqde4b16,D2-0158,1.3.6.1.4.1.14519.5.2.1.1239.1759.287073313667058756261413004660,NA,07-18-2010,NA,NA,MG,Digital Mammography X-Ray Image Storage - For Presentation,1.2.840.10008.5.1.4.1.1.1.2,4,17.57 MB,./CMMD/D2-0158/1.3.6.1.4.1.14519.5.2.1.1239.1759.287073313667058756261413004660/1.3.6.1.4.1.14519.5.2.1.1239.1759.716875690103063530887624172512,2025-12-02T11:32:30.704033977
1.3.6.1.4.1.14519.5.2.1.1239.1759.140316239289681764863390092030,CMMD,NO,https://doi.org/10.7937/tcia.eqde4b16,D2-0157,1.3.6.1.4.1.14519.5.2.1.1239.1759.118175499581697202771383306485,NA,07-18-2010,NA,NA,MG,Digital Mammography X-Ray Image Storage - For Presentation,1.2.840.10008.5.1.4.1.1.1.2,4,17.57 MB,./CMMD/D2-0157/1.3.6.1.4.1.14519.5.2.1.1239.1759.118175499581697202771383306485/1.3.6.1.4.1.14519.5.2.1.1239.1759.140316239289681764863390092030,2025-12-02T11:32:32.464925144
1.3.6.1.4.1.14519.5.2.1.1239.1759.249955366832938214287878358115,CMMD,NO,https://doi.org/10.7937/tcia.eqde4b16,D2-0159,1.3.6.1.4.1.14519.5.2.1.1239.1759.303951021870657880542171949757,NA,07-18-2010,NA,NA,MG,Digital Mammography X-Ray Image Storage - For Presentation,1.2.840.10008.5.1.4.1.1.1.2,4,17.57 MB,./CMMD/D2-0159/1.3.6.1.4.1.14519.5.2.1.1239.1759.303951021870657880542171949757/1.3.6.1.4.1.14519.5.2.1.1239.1759.249955366832938214287878358115,2025-12-02T11:32:43.111996766
1.3.6.1.4.1.14519.5.2.1.1239.1759.284574625964405229090721485987,CMMD,NO,https://doi.org/10.7937/tcia.eqde4b16,D2-0160,1.3.6.1.4.1.14519.5.2.1.1239.1759.173835031509581310550920286160,NA,07-18-2010,NA,NA,MG,Digital Mammography X-Ray Image Storage - For Presentation,1.2.840.10008.5.1.4.1.1.1.2,4,17.57 MB,./CMMD/D2-0160/1.3.6.1.4.1.14519.5.2.1.1239.1759.173835031509581310550920286160/1.3.6.1.4.1.14519.5.2.1.1239.1759.284574625964405229090721485987,2025-12-02T11:32:45.717209912
1.3.6.1.4.1.14519.5.2.1.1239.1759.288024967184843062068320763570,CMMD,NO,https://doi.org/10.7937/tcia.eqde4b16,D2-0161,1.3.6.1.4.1.14519.5.2.1.1239.1759.307542460618943856304929084147,NA,07-18-2010,NA,NA,MG,Digital Mammography X-Ray Image Storage - For Presentation,1.2.840.10008.5.1.4.1.1.1.2,4,17.57 MB,./CMMD/D2-0161/1.3.6.1.4.1.14519.5.2.1.1239.1759.307542460618943856304929084147/1.3.6.1.4.1.14519.5.2.1.1239.1759.288024967184843062068320763570,2025-12-02T11:32:46.683078191
1.3.6.1.4.1.14519.5.2.1.1239.1759.154061641626352952190320314390,CMMD,NO,https://doi.org/10.7937/tcia.eqde4b16,D2-0162,1.3.6.1.4.1.14519.5.2.1.1239.1759.269235822600220846744255430602,NA,07-18-2010,NA,NA,MG,Digital Mammography X-Ray Image Storage - For Presentation,1.2.840.10008.5.1.4.1.1.1.2,4,17.57 MB,./CMMD/D2-0162/1.3.6.1.4.1.14519.5.2.1.1239.1759.269235822600220846744255430602/1.3.6.1.4.1.14519.5.2.1.1239.1759.154061641626352952190320314390,2025-12-02T11:32:54.477112974
1.3.6.1.4.1.14519.5.2.1.1239.1759.317687796324995342130552833357,CMMD,NO,https://doi.org/10.7937/tcia.eqde4b16,D2-0163,1.3.6.1.4.1.14519.5.2.1.1239.1759.137427329131482626501471545611,NA,07-18-2010,NA,NA,MG,Digital Mammography X-Ray Image Storage - For Presentation,1.2.840.10008.5.1.4.1.1.1.2,4,17.57 MB,./CMMD/D2-0163/1.3.6.1.4.1.14519.5.2.1.1239.1759.137427329131482626501471545611/1.3.6.1.4.1.14519.5.2.1.1239.1759.317687796324995342130552833357,2025-12-02T11:32:55.002755336
1.3.6.1.4.1.14519.5.2.1.1239.1759.304470190681431857825126965082,CMMD,NO,https://doi.org/10.7937/tcia.eqde4b16,D2-0165,1.3.6.1.4.1.14519.5.2.1.1239.1759.514773781909815337379587271371,NA,07-18-2010,NA,NA,MG,Digital Mammography X-Ray Image Storage - For Presentation,1.2.840.10008.5.1.4.1.1.1.2,4,17.57 MB,./CMMD/D2-0165/1.3.6.1.4.1.14519.5.2.1.1239.1759.514773781909815337379587271371/1.3.6.1.4.1.14519.5.2.1.1239.1759.304470190681431857825126965082,2025-12-02T11:33:04.9510999
1.3.6.1.4.1.14519.5.2.1.1239.1759.193980939723444172024457891462,CMMD,NO,https://doi.org/10.7937/tcia.eqde4b16,D2-0166,1.3.6.1.4.1.14519.5.2.1.1239.1759.329115305621976719636802153622,NA,07-18-2010,NA,NA,MG,Digital Mammography X-Ray Image Storage - For Presentation,1.2.840.10008.5.1.4.1.1.1.2,4,17.57 MB,./CMMD/D2-0166/1.3.6.1.4.1.14519.5.2.1.1239.1759.329115305621976719636802153622/1.3.6.1.4.1.14519.5.2.1.1239.1759.193980939723444172024457891462,2025-12-02T11:33:07.885186729
1.3.6.1.4.1.14519.5.2.1.1239.1759.874807827247591418161262881036,CMMD,NO,https://doi.org/10.7937/tcia.eqde4b16,D2-0167,1.3.6.1.4.1.14519.5.2.1.1239.1759.564970353550830157559363023137,NA,07-18-2010,NA,NA,MG,Digital Mammography X-Ray Image Storage - For Presentation,1.2.840.10008.5.1.4.1.1.1.2,4,17.57 MB,./CMMD/D2-0167/1.3.6.1.4.1.14519.5.2.1.1239.1759.564970353550830157559363023137/1.3.6.1.4.1.14519.5.2.1.1239.1759.874807827247591418161262881036,2025-12-02T11:33:12.102514689
1.3.6.1.4.1.14519.5.2.1.1239.1759.410392654944413931398242671327,CMMD,NO,https://doi.org/10.7937/tcia.eqde4b16,D2-0164,1.3.6.1.4.1.14519.5.2.1.1239.1759.127684110058270515887292435989,NA,07-18-2010,NA,NA,MG,Digital Mammography X-Ray Image Storage - For Presentation,1.2.840.10008.5.1.4.1.1.1.2,4,17.57 MB,./CMMD/D2-0164/1.3.6.1.4.1.14519.5.2.1.1239.1759.127684110058270515887292435989/1.3.6.1.4.1.14519.5.2.1.1239.1759.410392654944413931398242671327,2025-12-02T11:33:25.284508142
1.3.6.1.4.1.14519.5.2.1.1239.1759.173906260162992800934916965102,CMMD,NO,https://doi.org/10.7937/tcia.eqde4b16,D2-0169,1.3.6.1.4.1.14519.5.2.1.1239.1759.682371769153011570824971874902,NA,07-18-2010,NA,NA,MG,Digital Mammography X-Ray Image Storage - For Presentation,1.2.840.10008.5.1.4.1.1.1.2,4,17.57 MB,./CMMD/D2-0169/1.3.6.1.4.1.14519.5.2.1.1239.1759.682371769153011570824971874902/1.3.6.1.4.1.14519.5.2.1.1239.1759.173906260162992800934916965102,2025-12-02T11:33:29.659458905
1.3.6.1.4.1.14519.5.2.1.1239.1759.151562898117416170478081938785,CMMD,NO,https://doi.org/10.7937/tcia.eqde4b16,D2-0168,1.3.6.1.4.1.14519.5.2.1.1239.1759.948876823654022509017468055864,NA,07-18-2010,NA,NA,MG,Digital Mammography X-Ray Image Storage - For Presentation,1.2.840.10008.5.1.4.1.1.1.2,4,17.57 MB,./CMMD/D2-0168/1.3.6.1.4.1.14519.5.2.1.1239.1759.948876823654022509017468055864/1.3.6.1.4.1.14519.5.2.1.1239.1759.151562898117416170478081938785,2025-12-02T11:33:30.065484784
1.3.6.1.4.1.14519.5.2.1.1239.1759.106197535036258886653407341761,CMMD,NO,https://doi.org/10.7937/tcia.eqde4b16,D2-0170,1.3.6.1.4.1.14519.5.2.1.1239.1759.148068533476797007857284237676,NA,07-18-2010,NA,NA,MG,Digital Mammography X-Ray Image Storage - For Presentation,1.2.840.10008.5.1.4.1.1.1.2,4,17.57 MB,./CMMD/D2-0170/1.3.6.1.4.1.14519.5.2.1.1239.1759.148068533476797007857284237676/1.3.6.1.4.1.14519.5.2.1.1239.1759.106197535036258886653407341761,2025-12-02T11:33:33.567511698
1.3.6.1.4.1.14519.5.2.1.1239.1759.137806124230999456426522434054,CMMD,NO,https://doi.org/10.7937/tcia.eqde4b16,D2-0172,1.3.6.1.4.1.14519.5.2.1.1239.1759.182415338694364874220385139895,NA,07-18-2010,NA,NA,MG,Digital Mammography X-Ray Image Storage - For Presentation,1.2.840.10008.5.1.4.1.1.1.2,4,17.57 MB,./CMMD/D2-0172/1.3.6.1.4.1.14519.5.2.1.1239.1759.182415338694364874220385139895/1.3.6.1.4.1.14519.5.2.1.1239.1759.137806124230999456426522434054,2025-12-02T11:33:39.446248358
1.3.6.1.4.1.14519.5.2.1.1239.1759.272848900691059113448028291052,CMMD,NO,https://doi.org/10.7937/tcia.eqde4b16,D2-0173,1.3.6.1.4.1.14519.5.2.1.1239.1759.104213291422115871590479534336,NA,07-18-2010,NA,NA,MG,Digital Mammography X-Ray Image Storage - For Presentation,1.2.840.10008.5.1.4.1.1.1.2,4,17.57 MB,./CMMD/D2-0173/1.3.6.1.4.1.14519.5.2.1.1239.1759.104213291422115871590479534336/1.3.6.1.4.1.14519.5.2.1.1239.1759.272848900691059113448028291052,2025-12-02T11:33:46.722853
1.3.6.1.4.1.14519.5.2.1.1239.1759.155664337159416954018091358389,CMMD,NO,https://doi.org/10.7937/tcia.eqde4b16,D2-0174,1.3.6.1.4.1.14519.5.2.1.1239.1759.229716348131625598229962131895,NA,07-18-2010,NA,NA,MG,Digital Mammography X-Ray Image Storage - For Presentation,1.2.840.10008.5.1.4.1.1.1.2,4,17.57 MB,./CMMD/D2-0174/1.3.6.1.4.1.14519.5.2.1.1239.1759.229716348131625598229962131895/1.3.6.1.4.1.14519.5.2.1.1239.1759.155664337159416954018091358389,2025-12-02T11:33:49.262878794
1.3.6.1.4.1.14519.5.2.1.1239.1759.187781236951794213719419088588,CMMD,NO,https://doi.org/10.7937/tcia.eqde4b16,D2-0171,1.3.6.1.4.1.14519.5.2.1.1239.1759.871964907883135904454348677957,NA,07-18-2010,NA,NA,MG,Digital Mammography X-Ray Image Storage - For Presentation,1.2.840.10008.5.1.4.1.1.1.2,4,17.57 MB,./CMMD/D2-0171/1.3.6.1.4.1.14519.5.2.1.1239.1759.871964907883135904454348677957/1.3.6.1.4.1.14519.5.2.1.1239.1759.187781236951794213719419088588,2025-12-02T11:33:51.363518123
1.3.6.1.4.1.14519.5.2.1.1239.1759.107812906079823597959888432944,CMMD,NO,https://doi.org/10.7937/tcia.eqde4b16,D2-0175,1.3.6.1.4.1.14519.5.2.1.1239.1759.205774905994098171507167338733,NA,07-18-2010,NA,NA,MG,Digital Mammography X-Ray Image Storage - For Presentation,1.2.840.10008.5.1.4.1.1.1.2,4,17.57 MB,./CMMD/D2-0175/1.3.6.1.4.1.14519.5.2.1.1239.1759.205774905994098171507167338733/1.3.6.1.4.1.14519.5.2.1.1239.1759.107812906079823597959888432944,2025-12-02T11:33:55.970541235
1.3.6.1.4.1.14519.5.2.1.1239.1759.210852384119937285539971752571,CMMD,NO,https://doi.org/10.7937/tcia.eqde4b16,D2-0177,1.3.6.1.4.1.14519.5.2.1.1239.1759.221551577665301241658958281112,NA,07-18-2010,NA,NA,MG,Digital Mammography X-Ray Image Storage - For Presentation,1.2.840.10008.5.1.4.1.1.1.2,4,17.57 MB,./CMMD/D2-0177/1.3.6.1.4.1.14519.5.2.1.1239.1759.221551577665301241658958281112/1.3.6.1.4.1.14519.5.2.1.1239.1759.210852384119937285539971752571,2025-12-02T11:34:02.693049279
1.3.6.1.4.1.14519.5.2.1.1239.1759.225933069648319248275953308301,CMMD,NO,https://doi.org/10.7937/tcia.eqde4b16,D2-0176,1.3.6.1.4.1.14519.5.2.1.1239.1759.121392604958275592012053736058,NA,07-18-2010,NA,NA,MG,Digital Mammography X-Ray Image Storage - For Presentation,1.2.840.10008.5.1.4.1.1.1.2,4,17.57 MB,./CMMD/D2-0176/1.3.6.1.4.1.14519.5.2.1.1239.1759.121392604958275592012053736058/1.3.6.1.4.1.14519.5.2.1.1239.1759.225933069648319248275953308301,2025-12-02T11:34:04.806798968
1.3.6.1.4.1.14519.5.2.1.1239.1759.254725442116813628564202291963,CMMD,NO,https://doi.org/10.7937/tcia.eqde4b16,D2-0179,1.3.6.1.4.1.14519.5.2.1.1239.1759.142853902238766540616554658072,NA,07-18-2010,NA,NA,MG,Digital Mammography X-Ray Image Storage - For Presentation,1.2.840.10008.5.1.4.1.1.1.2,4,17.57 MB,./CMMD/D2-0179/1.3.6.1.4.1.14519.5.2.1.1239.1759.142853902238766540616554658072/1.3.6.1.4.1.14519.5.2.1.1239.1759.254725442116813628564202291963,2025-12-02T11:34:16.606655429
1.3.6.1.4.1.14519.5.2.1.1239.1759.170801553090648913526903392641,CMMD,NO,https://doi.org/10.7937/tcia.eqde4b16,D2-0178,1.3.6.1.4.1.14519.5.2.1.1239.1759.265378833976211258321824737406,NA,07-18-2010,NA,NA,MG,Digital Mammography X-Ray Image Storage - For Presentation,1.2.840.10008.5.1.4.1.1.1.2,4,17.57 MB,./CMMD/D2-0178/1.3.6.1.4.1.14519.5.2.1.1239.1759.265378833976211258321824737406/1.3.6.1.4.1.14519.5.2.1.1239.1759.170801553090648913526903392641,2025-12-02T11:34:18.567246992
1.3.6.1.4.1.14519.5.2.1.1239.1759.195970933414793501247323341800,CMMD,NO,https://doi.org/10.7937/tcia.eqde4b16,D2-0181,1.3.6.1.4.1.14519.5.2.1.1239.1759.327182699560746637007716116363,NA,07-18-2010,NA,NA,MG,Digital Mammography X-Ray Image Storage - For Presentation,1.2.840.10008.5.1.4.1.1.1.2,4,17.57 MB,./CMMD/D2-0181/1.3.6.1.4.1.14519.5.2.1.1239.1759.327182699560746637007716116363/1.3.6.1.4.1.14519.5.2.1.1239.1759.195970933414793501247323341800,2025-12-02T11:34:23.913505656
1.3.6.1.4.1.14519.5.2.1.1239.1759.708922674106293432264023887033,CMMD,NO,https://doi.org/10.7937/tcia.eqde4b16,D2-0180,1.3.6.1.4.1.14519.5.2.1.1239.1759.134727407456086971660021430733,NA,07-18-2010,NA,NA,MG,Digital Mammography X-Ray Image Storage - For Presentation,1.2.840.10008.5.1.4.1.1.1.2,4,17.57 MB,./CMMD/D2-0180/1.3.6.1.4.1.14519.5.2.1.1239.1759.134727407456086971660021430733/1.3.6.1.4.1.14519.5.2.1.1239.1759.708922674106293432264023887033,2025-12-02T11:34:27.253536844
1.3.6.1.4.1.14519.5.2.1.1239.1759.123845538532793298639273381559,CMMD,NO,https://doi.org/10.7937/tcia.eqde4b16,D2-0182,1.3.6.1.4.1.14519.5.2.1.1239.1759.161984388499081486916803075432,NA,07-18-2010,NA,NA,MG,Digital Mammography X-Ray Image Storage - For Presentation,1.2.840.10008.5.1.4.1.1.1.2,4,17.57 MB,./CMMD/D2-0182/1.3.6.1.4.1.14519.5.2.1.1239.1759.161984388499081486916803075432/1.3.6.1.4.1.14519.5.2.1.1239.1759.123845538532793298639273381559,2025-12-02T11:34:41.344794255
1.3.6.1.4.1.14519.5.2.1.1239.1759.519990203116335813547698821477,CMMD,NO,https://doi.org/10.7937/tcia.eqde4b16,D2-0183,1.3.6.1.4.1.14519.5.2.1.1239.1759.203360569538427178527811156213,NA,07-18-2010,NA,NA,MG,Digital Mammography X-Ray Image Storage - For Presentation,1.2.840.10008.5.1.4.1.1.1.2,4,17.57 MB,./CMMD/D2-0183/1.3.6.1.4.1.14519.5.2.1.1239.1759.203360569538427178527811156213/1.3.6.1.4.1.14519.5.2.1.1239.1759.519990203116335813547698821477,2025-12-02T11:34:50.267526323
1.3.6.1.4.1.14519.5.2.1.1239.1759.184106871915944698640928043380,CMMD,NO,https://doi.org/10.7937/tcia.eqde4b16,D2-0185,1.3.6.1.4.1.14519.5.2.1.1239.1759.228408269512045966954262846683,NA,07-18-2010,NA,NA,MG,Digital Mammography X-Ray Image Storage - For Presentation,1.2.840.10008.5.1.4.1.1.1.2,4,17.57 MB,./CMMD/D2-0185/1.3.6.1.4.1.14519.5.2.1.1239.1759.228408269512045966954262846683/1.3.6.1.4.1.14519.5.2.1.1239.1759.184106871915944698640928043380,2025-12-02T11:34:53.929808038
1.3.6.1.4.1.14519.5.2.1.1239.1759.121572453033646259605521265705,CMMD,NO,https://doi.org/10.7937/tcia.eqde4b16,D2-0184,1.3.6.1.4.1.14519.5.2.1.1239.1759.228523642291888328928562498462,NA,07-18-2010,NA,NA,MG,Digital Mammography X-Ray Image Storage - For Presentation,1.2.840.10008.5.1.4.1.1.1.2,4,17.57 MB,./CMMD/D2-0184/1.3.6.1.4.1.14519.5.2.1.1239.1759.228523642291888328928562498462/1.3.6.1.4.1.14519.5.2.1.1239.1759.121572453033646259605521265705,2025-12-02T11:34:56.92794978
1.3.6.1.4.1.14519.5.2.1.1239.1759.769782994718978862423867531556,CMMD,NO,https://doi.org/10.7937/tcia.eqde4b16,D2-0187,1.3.6.1.4.1.14519.5.2.1.1239.1759.277958883389989923928709387727,NA,07-18-2010,NA,NA,MG,Digital Mammography X-Ray Image Storage - For Presentation,1.2.840.10008.5.1.4.1.1.1.2,4,17.57 MB,./CMMD/D2-0187/1.3.6.1.4.1.14519.5.2.1.1239.1759.277958883389989923928709387727/1.3.6.1.4.1.14519.5.2.1.1239.1759.769782994718978862423867531556,2025-12-02T11:35:01.100802822
1.3.6.1.4.1.14519.5.2.1.1239.1759.319371498527265616343788517272,CMMD,NO,https://doi.org/10.7937/tcia.eqde4b16,D2-0188,1.3.6.1.4.1.14519.5.2.1.1239.1759.197513841038829150521368035756,NA,07-18-2010,NA,NA,MG,Digital Mammography X-Ray Image Storage - For Presentation,1.2.840.10008.5.1.4.1.1.1.2,4,17.57 MB,./CMMD/D2-0188/1.3.6.1.4.1.14519.5.2.1.1239.1759.197513841038829150521368035756/1.3.6.1.4.1.14519.5.2.1.1239.1759.319371498527265616343788517272,2025-12-02T11:35:16.012937855
1.3.6.1.4.1.14519.5.2.1.1239.1759.626588471649200836653890413953,CMMD,NO,https://doi.org/10.7937/tcia.eqde4b16,D2-0186,1.3.6.1.4.1.14519.5.2.1.1239.1759.287982582726007428182605585402,NA,07-18-2010,NA,NA,MG,Digital Mammography X-Ray Image Storage - For Presentation,1.2.840.10008.5.1.4.1.1.1.2,4,17.57 MB,./CMMD/D2-0186/1.3.6.1.4.1.14519.5.2.1.1239.1759.287982582726007428182605585402/1.3.6.1.4.1.14519.5.2.1.1239.1759.626588471649200836653890413953,2025-12-02T11:35:17.09694659
1.3.6.1.4.1.14519.5.2.1.1239.1759.291588447014443613398521217047,CMMD,NO,https://doi.org/10.7937/tcia.eqde4b16,D2-0189,1.3.6.1.4.1.14519.5.2.1.1239.1759.234441910122864766365487623473,NA,07-18-2010,NA,NA,MG,Digital Mammography X-Ray Image Storage - For Presentation,1.2.840.10008.5.1.4.1.1.1.2,4,17.57 MB,./CMMD/D2-0189/1.3.6.1.4.1.14519.5.2.1.1239.1759.234441910122864766365487623473/1.3.6.1.4.1.14519.5.2.1.1239.1759.291588447014443613398521217047,2025-12-02T11:35:18.83257135
1.3.6.1.4.1.14519.5.2.1.1239.1759.154542451855599747842016587728,CMMD,NO,https://doi.org/10.7937/tcia.eqde4b16,D2-0190,1.3.6.1.4.1.14519.5.2.1.1239.1759.930080237889582186998996356446,NA,07-18-2010,NA,NA,MG,Digital Mammography X-Ray Image Storage - For Presentation,1.2.840.10008.5.1.4.1.1.1.2,4,17.57 MB,./CMMD/D2-0190/1.3.6.1.4.1.14519.5.2.1.1239.1759.930080237889582186998996356446/1.3.6.1.4.1.14519.5.2.1.1239.1759.154542451855599747842016587728,2025-12-02T11:35:26.646880895
1.3.6.1.4.1.14519.5.2.1.1239.1759.476841934978532482087738563478,CMMD,NO,https://doi.org/10.7937/tcia.eqde4b16,D2-0193,1.3.6.1.4.1.14519.5.2.1.1239.1759.186264349238957600253338494279,NA,07-18-2010,NA,NA,MG,Digital Mammography X-Ray Image Storage - For Presentation,1.2.840.10008.5.1.4.1.1.1.2,4,17.57 MB,./CMMD/D2-0193/1.3.6.1.4.1.14519.5.2.1.1239.1759.186264349238957600253338494279/1.3.6.1.4.1.14519.5.2.1.1239.1759.476841934978532482087738563478,2025-12-02T11:35:35.257499641
1.3.6.1.4.1.14519.5.2.1.1239.1759.219939784184482300586895061800,CMMD,NO,https://doi.org/10.7937/tcia.eqde4b16,D2-0191,1.3.6.1.4.1.14519.5.2.1.1239.1759.106641072265203992065336068432,NA,07-18-2011,NA,NA,MG,Digital Mammography X-Ray Image Storage - For Presentation,1.2.840.10008.5.1.4.1.1.1.2,4,17.57 MB,./CMMD/D2-0191/1.3.6.1.4.1.14519.5.2.1.1239.1759.106641072265203992065336068432/1.3.6.1.4.1.14519.5.2.1.1239.1759.219939784184482300586895061800,2025-12-02T11:35:35.779099511
1.3.6.1.4.1.14519.5.2.1.1239.1759.192264636041269146306316556664,CMMD,NO,https://doi.org/10.7937/tcia.eqde4b16,D2-0194,1.3.6.1.4.1.14519.5.2.1.1239.1759.259903632878602728582538060451,NA,07-18-2010,NA,NA,MG,Digital Mammography X-Ray Image Storage - For Presentation,1.2.840.10008.5.1.4.1.1.1.2,4,17.57 MB,./CMMD/D2-0194/1.3.6.1.4.1.14519.5.2.1.1239.1759.259903632878602728582538060451/1.3.6.1.4.1.14519.5.2.1.1239.1759.192264636041269146306316556664,2025-12-02T11:35:44.524838691
1.3.6.1.4.1.14519.5.2.1.1239.1759.124443589084568411346123553536,CMMD,NO,https://doi.org/10.7937/tcia.eqde4b16,D2-0192,1.3.6.1.4.1.14519.5.2.1.1239.1759.122155714609477483689785248158,NA,07-18-2010,NA,NA,MG,Digital Mammography X-Ray Image Storage - For Presentation,1.2.840.10008.5.1.4.1.1.1.2,4,17.57 MB,./CMMD/D2-0192/1.3.6.1.4.1.14519.5.2.1.1239.1759.122155714609477483689785248158/1.3.6.1.4.1.14519.5.2.1.1239.1759.124443589084568411346123553536,2025-12-02T11:35:46.087687539
1.3.6.1.4.1.14519.5.2.1.1239.1759.969312673045809229573461046467,CMMD,NO,https://doi.org/10.7937/tcia.eqde4b16,D2-0196,1.3.6.1.4.1.14519.5.2.1.1239.1759.109733579810910376688387009485,NA,07-18-2010,NA,NA,MG,Digital Mammography X-Ray Image Storage - For Presentation,1.2.840.10008.5.1.4.1.1.1.2,4,17.57 MB,./CMMD/D2-0196/1.3.6.1.4.1.14519.5.2.1.1239.1759.109733579810910376688387009485/1.3.6.1.4.1.14519.5.2.1.1239.1759.969312673045809229573461046467,2025-12-02T11:35:53.783670661
1.3.6.1.4.1.14519.5.2.1.1239.1759.185180525800061326508349872254,CMMD,NO,https://doi.org/10.7937/tcia.eqde4b16,D2-0195,1.3.6.1.4.1.14519.5.2.1.1239.1759.234385423583692535689326132352,NA,07-18-2010,NA,NA,MG,Digital Mammography X-Ray Image Storage - For Presentation,1.2.840.10008.5.1.4.1.1.1.2,4,17.57 MB,./CMMD/D2-0195/1.3.6.1.4.1.14519.5.2.1.1239.1759.234385423583692535689326132352/1.3.6.1.4.1.14519.5.2.1.1239.1759.185180525800061326508349872254,2025-12-02T11:35:58.690483058
1.3.6.1.4.1.14519.5.2.1.1239.1759.190556618178977377247809800120,CMMD,NO,https://doi.org/10.7937/tcia.eqde4b16,D2-0199,1.3.6.1.4.1.14519.5.2.1.1239.1759.289597200547714558348831668641,NA,07-18-2010,NA,NA,MG,Digital Mammography X-Ray Image Storage - For Presentation,1.2.840.10008.5.1.4.1.1.1.2,4,17.57 MB,./CMMD/D2-0199/1.3.6.1.4.1.14519.5.2.1.1239.1759.289597200547714558348831668641/1.3.6.1.4.1.14519.5.2.1.1239.1759.190556618178977377247809800120,2025-12-02T11:36:07.393428842
1.3.6.1.4.1.14519.5.2.1.1239.1759.211166937535017690862839920579,CMMD,NO,https://doi.org/10.7937/tcia.eqde4b16,D2-0197,1.3.6.1.4.1.14519.5.2.1.1239.1759.143050149999829269137960123248,NA,07-18-2010,NA,NA,MG,Digital Mammography X-Ray Image Storage - For Presentation,1.2.840.10008.5.1.4.1.1.1.2,4,17.57 MB,./CMMD/D2-0197/1.3.6.1.4.1.14519.5.2.1.1239.1759.143050149999829269137960123248/1.3.6.1.4.1.14519.5.2.1.1239.1759.211166937535017690862839920579,2025-12-02T11:36:10.886647384
1.3.6.1.4.1.14519.5.2.1.1239.1759.331582897985778711011401853693,CMMD,NO,https://doi.org/10.7937/tcia.eqde4b16,D2-0200,1.3.6.1.4.1.14519.5.2.1.1239.1759.236233370125480225633542893170,NA,07-18-2010,NA,NA,MG,Digital Mammography X-Ray Image Storage - For Presentation,1.2.840.10008.5.1.4.1.1.1.2,4,17.57 MB,./CMMD/D2-0200/1.3.6.1.4.1.14519.5.2.1.1239.1759.236233370125480225633542893170/1.3.6.1.4.1.14519.5.2.1.1239.1759.331582897985778711011401853693,2025-12-02T11:36:16.250246636
1.3.6.1.4.1.14519.5.2.1.1239.1759.147377427039573549193093652295,CMMD,NO,https://doi.org/10.7937/tcia.eqde4b16,D2-0201,1.3.6.1.4.1.14519.5.2.1.1239.1759.198657603295198545375256639395,NA,07-18-2010,NA,NA,MG,Digital Mammography X-Ray Image Storage - For Presentation,1.2.840.10008.5.1.4.1.1.1.2,4,17.57 MB,./CMMD/D2-0201/1.3.6.1.4.1.14519.5.2.1.1239.1759.198657603295198545375256639395/1.3.6.1.4.1.14519.5.2.1.1239.1759.147377427039573549193093652295,2025-12-02T11:36:28.077656759
1.3.6.1.4.1.14519.5.2.1.1239.1759.326467491202803821488269622656,CMMD,NO,https://doi.org/10.7937/tcia.eqde4b16,D2-0198,1.3.6.1.4.1.14519.5.2.1.1239.1759.260783031710659220916622330543,NA,07-18-2010,NA,NA,MG,Digital Mammography X-Ray Image Storage - For Presentation,1.2.840.10008.5.1.4.1.1.1.2,4,17.57 MB,./CMMD/D2-0198/1.3.6.1.4.1.14519.5.2.1.1239.1759.260783031710659220916622330543/1.3.6.1.4.1.14519.5.2.1.1239.1759.326467491202803821488269622656,2025-12-02T11:36:29.96974814
1.3.6.1.4.1.14519.5.2.1.1239.1759.296420728143926714795563462999,CMMD,NO,https://doi.org/10.7937/tcia.eqde4b16,D2-0202,1.3.6.1.4.1.14519.5.2.1.1239.1759.922146129838107255847360838060,NA,07-18-2010,NA,NA,MG,Digital Mammography X-Ray Image Storage - For Presentation,1.2.840.10008.5.1.4.1.1.1.2,4,17.57 MB,./CMMD/D2-0202/1.3.6.1.4.1.14519.5.2.1.1239.1759.922146129838107255847360838060/1.3.6.1.4.1.14519.5.2.1.1239.1759.296420728143926714795563462999,2025-12-02T11:36:39.415839037
1.3.6.1.4.1.14519.5.2.1.1239.1759.331651408962225689776592644796,CMMD,NO,https://doi.org/10.7937/tcia.eqde4b16,D2-0204,1.3.6.1.4.1.14519.5.2.1.1239.1759.497285144298847972316816245385,NA,07-18-2010,NA,NA,MG,Digital Mammography X-Ray Image Storage - For Presentation,1.2.840.10008.5.1.4.1.1.1.2,4,17.57 MB,./CMMD/D2-0204/1.3.6.1.4.1.14519.5.2.1.1239.1759.497285144298847972316816245385/1.3.6.1.4.1.14519.5.2.1.1239.1759.331651408962225689776592644796,2025-12-02T11:36:42.623014239
1.3.6.1.4.1.14519.5.2.1.1239.1759.679840241695376722961441325211,CMMD,NO,https://doi.org/10.7937/tcia.eqde4b16,D2-0205,1.3.6.1.4.1.14519.5.2.1.1239.1759.101522599910931523273698206505,NA,07-18-2010,NA,NA,MG,Digital Mammography X-Ray Image Storage - For Presentation,1.2.840.10008.5.1.4.1.1.1.2,4,17.57 MB,./CMMD/D2-0205/1.3.6.1.4.1.14519.5.2.1.1239.1759.101522599910931523273698206505/1.3.6.1.4.1.14519.5.2.1.1239.1759.679840241695376722961441325211,2025-12-02T11:36:49.160546966
1.3.6.1.4.1.14519.5.2.1.1239.1759.203453368401659009641822511951,CMMD,NO,https://doi.org/10.7937/tcia.eqde4b16,D2-0203,1.3.6.1.4.1.14519.5.2.1.1239.1759.233756380436464850419422061052,NA,07-18-2010,NA,NA,MG,Digital Mammography X-Ray Image Storage - For Presentation,1.2.840.10008.5.1.4.1.1.1.2,4,17.57 MB,./CMMD/D2-0203/1.3.6.1.4.1.14519.5.2.1.1239.1759.233756380436464850419422061052/1.3.6.1.4.1.14519.5.2.1.1239.1759.203453368401659009641822511951,2025-12-02T11:36:50.479911482
1.3.6.1.4.1.14519.5.2.1.1239.1759.247497386314413342720121844261,CMMD,NO,https://doi.org/10.7937/tcia.eqde4b16,D2-0208,1.3.6.1.4.1.14519.5.2.1.1239.1759.343753589833619371834083848970,NA,07-18-2010,NA,NA,MG,Digital Mammography X-Ray Image Storage - For Presentation,1.2.840.10008.5.1.4.1.1.1.2,4,17.57 MB,./CMMD/D2-0208/1.3.6.1.4.1.14519.5.2.1.1239.1759.343753589833619371834083848970/1.3.6.1.4.1.14519.5.2.1.1239.1759.247497386314413342720121844261,2025-12-02T11:36:57.679217232
1.3.6.1.4.1.14519.5.2.1.1239.1759.100995295613510202852282474851,CMMD,NO,https://doi.org/10.7937/tcia.eqde4b16,D2-0207,1.3.6.1.4.1.14519.5.2.1.1239.1759.578391360117200644123942405717,NA,07-18-2010,NA,NA,MG,Digital Mammography X-Ray Image Storage - For Presentation,1.2.840.10008.5.1.4.1.1.1.2,4,17.57 MB,./CMMD/D2-0207/1.3.6.1.4.1.14519.5.2.1.1239.1759.578391360117200644123942405717/1.3.6.1.4.1.14519.5.2.1.1239.1759.100995295613510202852282474851,2025-12-02T11:37:18.504376742
1.3.6.1.4.1.14519.5.2.1.1239.1759.831223821884407942023337078355,CMMD,NO,https://doi.org/10.7937/tcia.eqde4b16,D2-0206,1.3.6.1.4.1.14519.5.2.1.1239.1759.236678051888148479071803837634,NA,07-18-2010,NA,NA,MG,Digital Mammography X-Ray Image Storage - For Presentation,1.2.840.10008.5.1.4.1.1.1.2,4,17.57 MB,./CMMD/D2-0206/1.3.6.1.4.1.14519.5.2.1.1239.1759.236678051888148479071803837634/1.3.6.1.4.1.14519.5.2.1.1239.1759.831223821884407942023337078355,2025-12-02T11:37:24.731201933
1.3.6.1.4.1.14519.5.2.1.1239.1759.283563145278531104954609400871,CMMD,NO,https://doi.org/10.7937/tcia.eqde4b16,D2-0209,1.3.6.1.4.1.14519.5.2.1.1239.1759.336455047392052528501885449073,NA,07-18-2010,NA,NA,MG,Digital Mammography X-Ray Image Storage - For Presentation,1.2.840.10008.5.1.4.1.1.1.2,4,17.57 MB,./CMMD/D2-0209/1.3.6.1.4.1.14519.5.2.1.1239.1759.336455047392052528501885449073/1.3.6.1.4.1.14519.5.2.1.1239.1759.283563145278531104954609400871,2025-12-02T11:37:30.268160539
1.3.6.1.4.1.14519.5.2.1.1239.1759.321367356218087155498977734640,CMMD,NO,https://doi.org/10.7937/tcia.eqde4b16,D2-0211,1.3.6.1.4.1.14519.5.2.1.1239.1759.170518969234553036374262875470,NA,07-18-2010,NA,NA,MG,Digital Mammography X-Ray Image Storage - For Presentation,1.2.840.10008.5.1.4.1.1.1.2,4,17.57 MB,./CMMD/D2-0211/1.3.6.1.4.1.14519.5.2.1.1239.1759.170518969234553036374262875470/1.3.6.1.4.1.14519.5.2.1.1239.1759.321367356218087155498977734640,2025-12-02T11:37:33.968186515
1.3.6.1.4.1.14519.5.2.1.1239.1759.320066737516471769410953542586,CMMD,NO,https://doi.org/10.7937/tcia.eqde4b16,D2-0212,1.3.6.1.4.1.14519.5.2.1.1239.1759.595747863656008771232986738459,NA,07-18-2010,NA,NA,MG,Digital Mammography X-Ray Image Storage - For Presentation,1.2.840.10008.5.1.4.1.1.1.2,4,17.57 MB,./CMMD/D2-0212/1.3.6.1.4.1.14519.5.2.1.1239.1759.595747863656008771232986738459/1.3.6.1.4.1.14519.5.2.1.1239.1759.320066737516471769410953542586,2025-12-02T11:37:39.309728653
1.3.6.1.4.1.14519.5.2.1.1239.1759.696004328703455665029548199156,CMMD,NO,https://doi.org/10.7937/tcia.eqde4b16,D2-0213,1.3.6.1.4.1.14519.5.2.1.1239.1759.526366818464635931662291467083,NA,07-18-2011,NA,NA,MG,Digital Mammography X-Ray Image Storage - For Presentation,1.2.840.10008.5.1.4.1.1.1.2,4,17.57 MB,./CMMD/D2-0213/1.3.6.1.4.1.14519.5.2.1.1239.1759.526366818464635931662291467083/1.3.6.1.4.1.14519.5.2.1.1239.1759.696004328703455665029548199156,2025-12-02T11:37:48.111026783
1.3.6.1.4.1.14519.5.2.1.1239.1759.229319344256303302772867575290,CMMD,NO,https://doi.org/10.7937/tcia.eqde4b16,D2-0214,1.3.6.1.4.1.14519.5.2.1.1239.1759.126076512171812943710614452242,NA,07-18-2011,NA,NA,MG,Digital Mammography X-Ray Image Storage - For Presentation,1.2.840.10008.5.1.4.1.1.1.2,4,17.57 MB,./CMMD/D2-0214/1.3.6.1.4.1.14519.5.2.1.1239.1759.126076512171812943710614452242/1.3.6.1.4.1.14519.5.2.1.1239.1759.229319344256303302772867575290,2025-12-02T11:37:54.615549857
1.3.6.1.4.1.14519.5.2.1.1239.1759.178702494537675777510860527041,CMMD,NO,https://doi.org/10.7937/tcia.eqde4b16,D2-0210,1.3.6.1.4.1.14519.5.2.1.1239.1759.257864909015495764300698098402,NA,07-18-2010,NA,NA,MG,Digital Mammography X-Ray Image Storage - For Presentation,1.2.840.10008.5.1.4.1.1.1.2,4,17.57 MB,./CMMD/D2-0210/1.3.6.1.4.1.14519.5.2.1.1239.1759.257864909015495764300698098402/1.3.6.1.4.1.14519.5.2.1.1239.1759.178702494537675777510860527041,2025-12-02T11:37:57.189575364
1.3.6.1.4.1.14519.5.2.1.1239.1759.924605228097338064998144246730,CMMD,NO,https://doi.org/10.7937/tcia.eqde4b16,D2-0216,1.3.6.1.4.1.14519.5.2.1.1239.1759.201381186365448944119165444004,NA,07-18-2011,NA,NA,MG,Digital Mammography X-Ray Image Storage - For Presentation,1.2.840.10008.5.1.4.1.1.1.2,4,17.57 MB,./CMMD/D2-0216/1.3.6.1.4.1.14519.5.2.1.1239.1759.201381186365448944119165444004/1.3.6.1.4.1.14519.5.2.1.1239.1759.924605228097338064998144246730,2025-12-02T11:38:02.992359249
1.3.6.1.4.1.14519.5.2.1.1239.1759.262320131877676424904303862666,CMMD,NO,https://doi.org/10.7937/tcia.eqde4b16,D2-0215,1.3.6.1.4.1.14519.5.2.1.1239.1759.230853806464014767844472654788,NA,07-18-2011,NA,NA,MG,Digital Mammography X-Ray Image Storage - For Presentation,1.2.840.10008.5.1.4.1.1.1.2,4,17.57 MB,./CMMD/D2-0215/1.3.6.1.4.1.14519.5.2.1.1239.1759.230853806464014767844472654788/1.3.6.1.4.1.14519.5.2.1.1239.1759.262320131877676424904303862666,2025-12-02T11:38:11.738122291
1.3.6.1.4.1.14519.5.2.1.1239.1759.131925342545118834353569498584,CMMD,NO,https://doi.org/10.7937/tcia.eqde4b16,D2-0218,1.3.6.1.4.1.14519.5.2.1.1239.1759.133968337752834971594503099534,NA,07-18-2011,NA,NA,MG,Digital Mammography X-Ray Image Storage - For Presentation,1.2.840.10008.5.1.4.1.1.1.2,4,17.57 MB,./CMMD/D2-0218/1.3.6.1.4.1.14519.5.2.1.1239.1759.133968337752834971594503099534/1.3.6.1.4.1.14519.5.2.1.1239.1759.131925342545118834353569498584,2025-12-02T11:38:12.653581361
1.3.6.1.4.1.14519.5.2.1.1239.1759.289276776299999391556039592949,CMMD,NO,https://doi.org/10.7937/tcia.eqde4b16,D2-0219,1.3.6.1.4.1.14519.5.2.1.1239.1759.170354536982988756096710634177,NA,07-18-2011,NA,NA,MG,Digital Mammography X-Ray Image Storage - For Presentation,1.2.840.10008.5.1.4.1.1.1.2,4,17.57 MB,./CMMD/D2-0219/1.3.6.1.4.1.14519.5.2.1.1239.1759.170354536982988756096710634177/1.3.6.1.4.1.14519.5.2.1.1239.1759.289276776299999391556039592949,2025-12-02T11:38:21.972177948
1.3.6.1.4.1.14519.5.2.1.1239.1759.180760738042208900255710049886,CMMD,NO,https://doi.org/10.7937/tcia.eqde4b16,D2-0220,1.3.6.1.4.1.14519.5.2.1.1239.1759.335520286583517261240034129325,NA,07-18-2011,NA,NA,MG,Digital Mammography X-Ray Image Storage - For Presentation,1.2.840.10008.5.1.4.1.1.1.2,4,17.57 MB,./CMMD/D2-0220/1.3.6.1.4.1.14519.5.2.1.1239.1759.335520286583517261240034129325/1.3.6.1.4.1.14519.5.2.1.1239.1759.180760738042208900255710049886,2025-12-02T11:38:24.459415186
1.3.6.1.4.1.14519.5.2.1.1239.1759.136125005667579154507905678479,CMMD,NO,https://doi.org/10.7937/tcia.eqde4b16,D2-0222,1.3.6.1.4.1.14519.5.2.1.1239.1759.660676181596112857538718905069,NA,07-18-2011,NA,NA,MG,Digital Mammography X-Ray Image Storage - For Presentation,1.2.840.10008.5.1.4.1.1.1.2,4,17.57 MB,./CMMD/D2-0222/1.3.6.1.4.1.14519.5.2.1.1239.1759.660676181596112857538718905069/1.3.6.1.4.1.14519.5.2.1.1239.1759.136125005667579154507905678479,2025-12-02T11:38:31.510607461
1.3.6.1.4.1.14519.5.2.1.1239.1759.276267655185094351820332387181,CMMD,NO,https://doi.org/10.7937/tcia.eqde4b16,D2-0217,1.3.6.1.4.1.14519.5.2.1.1239.1759.306976068109895427225992727222,NA,07-18-2011,NA,NA,MG,Digital Mammography X-Ray Image Storage - For Presentation,1.2.840.10008.5.1.4.1.1.1.2,4,17.57 MB,./CMMD/D2-0217/1.3.6.1.4.1.14519.5.2.1.1239.1759.306976068109895427225992727222/1.3.6.1.4.1.14519.5.2.1.1239.1759.276267655185094351820332387181,2025-12-02T11:38:34.021748973
1.3.6.1.4.1.14519.5.2.1.1239.1759.125361248071292956980572715262,CMMD,NO,https://doi.org/10.7937/tcia.eqde4b16,D2-0221,1.3.6.1.4.1.14519.5.2.1.1239.1759.263000809403043379048576195961,NA,07-18-2011,NA,NA,MG,Digital Mammography X-Ray Image Storage - For Presentation,1.2.840.10008.5.1.4.1.1.1.2,4,17.57 MB,./CMMD/D2-0221/1.3.6.1.4.1.14519.5.2.1.1239.1759.263000809403043379048576195961/1.3.6.1.4.1.14519.5.2.1.1239.1759.125361248071292956980572715262,2025-12-02T11:38:40.68616314
1.3.6.1.4.1.14519.5.2.1.1239.1759.778503912375050787897598746342,CMMD,NO,https://doi.org/10.7937/tcia.eqde4b16,D2-0223,1.3.6.1.4.1.14519.5.2.1.1239.1759.472969168953151782772568960002,NA,07-18-2011,NA,NA,MG,Digital Mammography X-Ray Image Storage - For Presentation,1.2.840.10008.5.1.4.1.1.1.2,4,17.57 MB,./CMMD/D2-0223/1.3.6.1.4.1.14519.5.2.1.1239.1759.472969168953151782772568960002/1.3.6.1.4.1.14519.5.2.1.1239.1759.778503912375050787897598746342,2025-12-02T11:38:42.235532998
1.3.6.1.4.1.14519.5.2.1.1239.1759.865103626155277482637326171665,CMMD,NO,https://doi.org/10.7937/tcia.eqde4b16,D2-0225,1.3.6.1.4.1.14519.5.2.1.1239.1759.256257380526419079190384536540,NA,07-18-2011,NA,NA,MG,Digital Mammography X-Ray Image Storage - For Presentation,1.2.840.10008.5.1.4.1.1.1.2,4,17.57 MB,./CMMD/D2-0225/1.3.6.1.4.1.14519.5.2.1.1239.1759.256257380526419079190384536540/1.3.6.1.4.1.14519.5.2.1.1239.1759.865103626155277482637326171665,2025-12-02T11:38:49.136951088
1.3.6.1.4.1.14519.5.2.1.1239.1759.937693464422257192205468165319,CMMD,NO,https://doi.org/10.7937/tcia.eqde4b16,D2-0226,1.3.6.1.4.1.14519.5.2.1.1239.1759.176857358056312851985186408796,NA,07-18-2011,NA,NA,MG,Digital Mammography X-Ray Image Storage - For Presentation,1.2.840.10008.5.1.4.1.1.1.2,4,17.57 MB,./CMMD/D2-0226/1.3.6.1.4.1.14519.5.2.1.1239.1759.176857358056312851985186408796/1.3.6.1.4.1.14519.5.2.1.1239.1759.937693464422257192205468165319,2025-12-02T11:39:00.619392994
1.3.6.1.4.1.14519.5.2.1.1239.1759.178751467134254473410853789338,CMMD,NO,https://doi.org/10.7937/tcia.eqde4b16,D2-0224,1.3.6.1.4.1.14519.5.2.1.1239.1759.156694498919112501722640679476,NA,07-18-2011,NA,NA,MG,Digital Mammography X-Ray Image Storage - For Presentation,1.2.840.10008.5.1.4.1.1.1.2,4,17.57 MB,./CMMD/D2-0224/1.3.6.1.4.1.14519.5.2.1.1239.1759.156694498919112501722640679476/1.3.6.1.4.1.14519.5.2.1.1239.1759.178751467134254473410853789338,2025-12-02T11:39:01.681826736
1.3.6.1.4.1.14519.5.2.1.1239.1759.230749190969589903782080850324,CMMD,NO,https://doi.org/10.7937/tcia.eqde4b16,D2-0227,1.3.6.1.4.1.14519.5.2.1.1239.1759.310943999052482434872751852069,NA,07-18-2011,NA,NA,MG,Digital Mammography X-Ray Image Storage - For Presentation,1.2.840.10008.5.1.4.1.1.1.2,4,17.57 MB,./CMMD/D2-0227/1.3.6.1.4.1.14519.5.2.1.1239.1759.310943999052482434872751852069/1.3.6.1.4.1.14519.5.2.1.1239.1759.230749190969589903782080850324,2025-12-02T11:39:10.13327491
1.3.6.1.4.1.14519.5.2.1.1239.1759.232172419232418801840078429462,CMMD,NO,https://doi.org/10.7937/tcia.eqde4b16,D2-0228,1.3.6.1.4.1.14519.5.2.1.1239.1759.150879946793481746020429509159,NA,07-18-2011,NA,NA,MG,Digital Mammography X-Ray Image Storage - For Presentation,1.2.840.10008.5.1.4.1.1.1.2,4,17.57 MB,./CMMD/D2-0228/1.3.6.1.4.1.14519.5.2.1.1239.1759.150879946793481746020429509159/1.3.6.1.4.1.14519.5.2.1.1239.1759.232172419232418801840078429462,2025-12-02T11:39:13.571812857
1.3.6.1.4.1.14519.5.2.1.1239.1759.197500678832052271585889919412,CMMD,NO,https://doi.org/10.7937/tcia.eqde4b16,D2-0230,1.3.6.1.4.1.14519.5.2.1.1239.1759.337810973205788010133952041754,NA,07-18-2011,NA,NA,MG,Digital Mammography X-Ray Image Storage - For Presentation,1.2.840.10008.5.1.4.1.1.1.2,4,17.57 MB,./CMMD/D2-0230/1.3.6.1.4.1.14519.5.2.1.1239.1759.337810973205788010133952041754/1.3.6.1.4.1.14519.5.2.1.1239.1759.197500678832052271585889919412,2025-12-02T11:39:16.797993284
1.3.6.1.4.1.14519.5.2.1.1239.1759.310115921582036682164796075796,CMMD,NO,https://doi.org/10.7937/tcia.eqde4b16,D2-0229,1.3.6.1.4.1.14519.5.2.1.1239.1759.148575791253604130622501182238,NA,07-18-2011,NA,NA,MG,Digital Mammography X-Ray Image Storage - For Presentation,1.2.840.10008.5.1.4.1.1.1.2,4,17.57 MB,./CMMD/D2-0229/1.3.6.1.4.1.14519.5.2.1.1239.1759.148575791253604130622501182238/1.3.6.1.4.1.14519.5.2.1.1239.1759.310115921582036682164796075796,2025-12-02T11:39:25.175636328
1.3.6.1.4.1.14519.5.2.1.1239.1759.540300562719626422664831975481,CMMD,NO,https://doi.org/10.7937/tcia.eqde4b16,D2-0232,1.3.6.1.4.1.14519.5.2.1.1239.1759.153702785780426882025481859280,NA,07-18-2011,NA,NA,MG,Digital Mammography X-Ray Image Storage - For Presentation,1.2.840.10008.5.1.4.1.1.1.2,4,17.57 MB,./CMMD/D2-0232/1.3.6.1.4.1.14519.5.2.1.1239.1759.153702785780426882025481859280/1.3.6.1.4.1.14519.5.2.1.1239.1759.540300562719626422664831975481,2025-12-02T11:39:28.558259457
1.3.6.1.4.1.14519.5.2.1.1239.1759.965082307879860224290910471701,CMMD,NO,https://doi.org/10.7937/tcia.eqde4b16,D2-0233,1.3.6.1.4.1.14519.5.2.1.1239.1759.294153532181779725029956488715,NA,07-18-2011,NA,NA,MG,Digital Mammography X-Ray Image Storage - For Presentation,1.2.840.10008.5.1.4.1.1.1.2,4,17.57 MB,./CMMD/D2-0233/1.3.6.1.4.1.14519.5.2.1.1239.1759.294153532181779725029956488715/1.3.6.1.4.1.14519.5.2.1.1239.1759.965082307879860224290910471701,2025-12-02T11:39:32.57207229
1.3.6.1.4.1.14519.5.2.1.1239.1759.228970414289916628402284095641,CMMD,NO,https://doi.org/10.7937/tcia.eqde4b16,D2-0231,1.3.6.1.4.1.14519.5.2.1.1239.1759.150710244748573559407213045859,NA,07-18-2011,NA,NA,MG,Digital Mammography X-Ray Image Storage - For Presentation,1.2.840.10008.5.1.4.1.1.1.2,4,17.57 MB,./CMMD/D2-0231/1.3.6.1.4.1.14519.5.2.1.1239.1759.150710244748573559407213045859/1.3.6.1.4.1.14519.5.2.1.1239.1759.228970414289916628402284095641,2025-12-02T11:39:45.102627361
1.3.6.1.4.1.14519.5.2.1.1239.1759.177396364912010177534195353622,CMMD,NO,https://doi.org/10.7937/tcia.eqde4b16,D2-0234,1.3.6.1.4.1.14519.5.2.1.1239.1759.303049195055095023888595910697,NA,07-18-2011,NA,NA,MG,Digital Mammography X-Ray Image Storage - For Presentation,1.2.840.10008.5.1.4.1.1.1.2,4,17.57 MB,./CMMD/D2-0234/1.3.6.1.4.1.14519.5.2.1.1239.1759.303049195055095023888595910697/1.3.6.1.4.1.14519.5.2.1.1239.1759.177396364912010177534195353622,2025-12-02T11:39:47.941424817
1.3.6.1.4.1.14519.5.2.1.1239.1759.275843854425690982134948173472,CMMD,NO,https://doi.org/10.7937/tcia.eqde4b16,D2-0235,1.3.6.1.4.1.14519.5.2.1.1239.1759.288319857123930373056066264989,NA,07-18-2011,NA,NA,MG,Digital Mammography X-Ray Image Storage - For Presentation,1.2.840.10008.5.1.4.1.1.1.2,4,17.57 MB,./CMMD/D2-0235/1.3.6.1.4.1.14519.5.2.1.1239.1759.288319857123930373056066264989/1.3.6.1.4.1.14519.5.2.1.1239.1759.275843854425690982134948173472,2025-12-02T11:39:49.49775619
1.3.6.1.4.1.14519.5.2.1.1239.1759.255093216787270076462134181431,CMMD,NO,https://doi.org/10.7937/tcia.eqde4b16,D2-0237,1.3.6.1.4.1.14519.5.2.1.1239.1759.324029443693983310385711159575,NA,07-18-2011,NA,NA,MG,Digital Mammography X-Ray Image Storage - For Presentation,1.2.840.10008.5.1.4.1.1.1.2,4,17.57 MB,./CMMD/D2-0237/1.3.6.1.4.1.14519.5.2.1.1239.1759.324029443693983310385711159575/1.3.6.1.4.1.14519.5.2.1.1239.1759.255093216787270076462134181431,2025-12-02T11:40:05.584913695
1.3.6.1.4.1.14519.5.2.1.1239.1759.262556046650040993026415825926,CMMD,NO,https://doi.org/10.7937/tcia.eqde4b16,D2-0238,1.3.6.1.4.1.14519.5.2.1.1239.1759.366845853120064390171418992372,NA,07-18-2011,NA,NA,MG,Digital Mammography X-Ray Image Storage - For Presentation,1.2.840.10008.5.1.4.1.1.1.2,4,17.57 MB,./CMMD/D2-0238/1.3.6.1.4.1.14519.5.2.1.1239.1759.366845853120064390171418992372/1.3.6.1.4.1.14519.5.2.1.1239.1759.262556046650040993026415825926,2025-12-02T11:40:14.841185506
1.3.6.1.4.1.14519.5.2.1.1239.1759.332188644504038446505841694109,CMMD,NO,https://doi.org/10.7937/tcia.eqde4b16,D2-0236,1.3.6.1.4.1.14519.5.2.1.1239.1759.317546260897299030731295723299,NA,07-18-2011,NA,NA,MG,Digital Mammography X-Ray Image Storage - For Presentation,1.2.840.10008.5.1.4.1.1.1.2,4,17.57 MB,./CMMD/D2-0236/1.3.6.1.4.1.14519.5.2.1.1239.1759.317546260897299030731295723299/1.3.6.1.4.1.14519.5.2.1.1239.1759.332188644504038446505841694109,2025-12-02T11:40:15.607289743
1.3.6.1.4.1.14519.5.2.1.1239.1759.330595882232204810172261714609,CMMD,NO,https://doi.org/10.7937/tcia.eqde4b16,D2-0239,1.3.6.1.4.1.14519.5.2.1.1239.1759.135313320329264499900435070691,NA,07-18-2011,NA,NA,MG,Digital Mammography X-Ray Image Storage - For Presentation,1.2.840.10008.5.1.4.1.1.1.2,4,17.57 MB,./CMMD/D2-0239/1.3.6.1.4.1.14519.5.2.1.1239.1759.135313320329264499900435070691/1.3.6.1.4.1.14519.5.2.1.1239.1759.330595882232204810172261714609,2025-12-02T11:40:20.950599303
1.3.6.1.4.1.14519.5.2.1.1239.1759.222504380285233075252702368947,CMMD,NO,https://doi.org/10.7937/tcia.eqde4b16,D2-0240,1.3.6.1.4.1.14519.5.2.1.1239.1759.433037428621894455105797657679,NA,07-18-2011,NA,NA,MG,Digital Mammography X-Ray Image Storage - For Presentation,1.2.840.10008.5.1.4.1.1.1.2,4,17.57 MB,./CMMD/D2-0240/1.3.6.1.4.1.14519.5.2.1.1239.1759.433037428621894455105797657679/1.3.6.1.4.1.14519.5.2.1.1239.1759.222504380285233075252702368947,2025-12-02T11:40:31.853810133
1.3.6.1.4.1.14519.5.2.1.1239.1759.189955166192669846964946875099,CMMD,NO,https://doi.org/10.7937/tcia.eqde4b16,D2-0241,1.3.6.1.4.1.14519.5.2.1.1239.1759.164060890574257635668473017667,NA,07-18-2011,NA,NA,MG,Digital Mammography X-Ray Image Storage - For Presentation,1.2.840.10008.5.1.4.1.1.1.2,4,17.57 MB,./CMMD/D2-0241/1.3.6.1.4.1.14519.5.2.1.1239.1759.164060890574257635668473017667/1.3.6.1.4.1.14519.5.2.1.1239.1759.189955166192669846964946875099,2025-12-02T11:40:34.720095825
1.3.6.1.4.1.14519.5.2.1.1239.1759.427038144751594275107087751706,CMMD,NO,https://doi.org/10.7937/tcia.eqde4b16,D2-0242,1.3.6.1.4.1.14519.5.2.1.1239.1759.337666877229316857880216183526,NA,07-18-2011,NA,NA,MG,Digital Mammography X-Ray Image Storage - For Presentation,1.2.840.10008.5.1.4.1.1.1.2,4,17.57 MB,./CMMD/D2-0242/1.3.6.1.4.1.14519.5.2.1.1239.1759.337666877229316857880216183526/1.3.6.1.4.1.14519.5.2.1.1239.1759.427038144751594275107087751706,2025-12-02T11:40:44.308845584
1.3.6.1.4.1.14519.5.2.1.1239.1759.490845837204129742291037344913,CMMD,NO,https://doi.org/10.7937/tcia.eqde4b16,D2-0243,1.3.6.1.4.1.14519.5.2.1.1239.1759.859583813095746755103221414392,NA,07-18-2011,NA,NA,MG,Digital Mammography X-Ray Image Storage - For Presentation,1.2.840.10008.5.1.4.1.1.1.2,4,17.57 MB,./CMMD/D2-0243/1.3.6.1.4.1.14519.5.2.1.1239.1759.859583813095746755103221414392/1.3.6.1.4.1.14519.5.2.1.1239.1759.490845837204129742291037344913,2025-12-02T11:40:47.248999732
1.3.6.1.4.1.14519.5.2.1.1239.1759.818996083782867962265027122292,CMMD,NO,https://doi.org/10.7937/tcia.eqde4b16,D2-0245,1.3.6.1.4.1.14519.5.2.1.1239.1759.148116597971733420489503385775,NA,07-18-2011,NA,NA,MG,Digital Mammography X-Ray Image Storage - For Presentation,1.2.840.10008.5.1.4.1.1.1.2,4,17.57 MB,./CMMD/D2-0245/1.3.6.1.4.1.14519.5.2.1.1239.1759.148116597971733420489503385775/1.3.6.1.4.1.14519.5.2.1.1239.1759.818996083782867962265027122292,2025-12-02T11:40:52.054343902
1.3.6.1.4.1.14519.5.2.1.1239.1759.435588958300348541623868644583,CMMD,NO,https://doi.org/10.7937/tcia.eqde4b16,D2-0247,1.3.6.1.4.1.14519.5.2.1.1239.1759.980681337521432654384776404637,NA,07-18-2011,NA,NA,MG,Digital Mammography X-Ray Image Storage - For Presentation,1.2.840.10008.5.1.4.1.1.1.2,4,17.57 MB,./CMMD/D2-0247/1.3.6.1.4.1.14519.5.2.1.1239.1759.980681337521432654384776404637/1.3.6.1.4.1.14519.5.2.1.1239.1759.435588958300348541623868644583,2025-12-02T11:40:59.223246644
1.3.6.1.4.1.14519.5.2.1.1239.1759.295908027210668218295171619006,CMMD,NO,https://doi.org/10.7937/tcia.eqde4b16,D2-0248,1.3.6.1.4.1.14519.5.2.1.1239.1759.101073444495342149952420271382,NA,07-18-2011,NA,NA,MG,Digital Mammography X-Ray Image Storage - For Presentation,1.2.840.10008.5.1.4.1.1.1.2,4,17.57 MB,./CMMD/D2-0248/1.3.6.1.4.1.14519.5.2.1.1239.1759.101073444495342149952420271382/1.3.6.1.4.1.14519.5.2.1.1239.1759.295908027210668218295171619006,2025-12-02T11:41:07.77798826
1.3.6.1.4.1.14519.5.2.1.1239.1759.457364964274728049853636823645,CMMD,NO,https://doi.org/10.7937/tcia.eqde4b16,D2-0244,1.3.6.1.4.1.14519.5.2.1.1239.1759.102688370118337361172366713299,NA,07-18-2011,NA,NA,MG,Digital Mammography X-Ray Image Storage - For Presentation,1.2.840.10008.5.1.4.1.1.1.2,4,17.57 MB,./CMMD/D2-0244/1.3.6.1.4.1.14519.5.2.1.1239.1759.102688370118337361172366713299/1.3.6.1.4.1.14519.5.2.1.1239.1759.457364964274728049853636823645,2025-12-02T11:41:09.253591808
1.3.6.1.4.1.14519.5.2.1.1239.1759.772895755096942781979435065726,CMMD,NO,https://doi.org/10.7937/tcia.eqde4b16,D2-0246,1.3.6.1.4.1.14519.5.2.1.1239.1759.155282919793196992980598221706,NA,07-18-2011,NA,NA,MG,Digital Mammography X-Ray Image Storage - For Presentation,1.2.840.10008.5.1.4.1.1.1.2,4,17.57 MB,./CMMD/D2-0246/1.3.6.1.4.1.14519.5.2.1.1239.1759.155282919793196992980598221706/1.3.6.1.4.1.14519.5.2.1.1239.1759.772895755096942781979435065726,2025-12-02T11:41:17.018193949
1.3.6.1.4.1.14519.5.2.1.1239.1759.321750408748263993216577030426,CMMD,NO,https://doi.org/10.7937/tcia.eqde4b16,D2-0249,1.3.6.1.4.1.14519.5.2.1.1239.1759.292705128409862274237054380008,NA,07-18-2011,NA,NA,MG,Digital Mammography X-Ray Image Storage - For Presentation,1.2.840.10008.5.1.4.1.1.1.2,4,17.57 MB,./CMMD/D2-0249/1.3.6.1.4.1.14519.5.2.1.1239.1759.292705128409862274237054380008/1.3.6.1.4.1.14519.5.2.1.1239.1759.321750408748263993216577030426,2025-12-02T11:41:23.90578819
1.3.6.1.4.1.14519.5.2.1.1239.1759.159743738078328684364888068167,CMMD,NO,https://doi.org/10.7937/tcia.eqde4b16,D2-0250,1.3.6.1.4.1.14519.5.2.1.1239.1759.265052965386068505621920922227,NA,07-18-2011,NA,NA,MG,Digital Mammography X-Ray Image Storage - For Presentation,1.2.840.10008.5.1.4.1.1.1.2,4,17.57 MB,./CMMD/D2-0250/1.3.6.1.4.1.14519.5.2.1.1239.1759.265052965386068505621920922227/1.3.6.1.4.1.14519.5.2.1.1239.1759.159743738078328684364888068167,2025-12-02T11:41:27.106848036
1.3.6.1.4.1.14519.5.2.1.1239.1759.236010761627618653777524238927,CMMD,NO,https://doi.org/10.7937/tcia.eqde4b16,D2-0251,1.3.6.1.4.1.14519.5.2.1.1239.1759.311367548075988171508374749870,NA,07-18-2011,NA,NA,MG,Digital Mammography X-Ray Image Storage - For Presentation,1.2.840.10008.5.1.4.1.1.1.2,4,17.57 MB,./CMMD/D2-0251/1.3.6.1.4.1.14519.5.2.1.1239.1759.311367548075988171508374749870/1.3.6.1.4.1.14519.5.2.1.1239.1759.236010761627618653777524238927,2025-12-02T11:41:33.387835183
1.3.6.1.4.1.14519.5.2.1.1239.1759.152738486890944963555516213350,CMMD,NO,https://doi.org/10.7937/tcia.eqde4b16,D2-0253,1.3.6.1.4.1.14519.5.2.1.1239.1759.988947600487213800474500794253,NA,07-18-2011,NA,NA,MG,Digital Mammography X-Ray Image Storage - For Presentation,1.2.840.10008.5.1.4.1.1.1.2,4,17.57 MB,./CMMD/D2-0253/1.3.6.1.4.1.14519.5.2.1.1239.1759.988947600487213800474500794253/1.3.6.1.4.1.14519.5.2.1.1239.1759.152738486890944963555516213350,2025-12-02T11:41:42.717767686
1.3.6.1.4.1.14519.5.2.1.1239.1759.315208363264882672476005222755,CMMD,NO,https://doi.org/10.7937/tcia.eqde4b16,D2-0254,1.3.6.1.4.1.14519.5.2.1.1239.1759.219289323525845317468338014376,NA,07-18-2011,NA,NA,MG,Digital Mammography X-Ray Image Storage - For Presentation,1.2.840.10008.5.1.4.1.1.1.2,4,17.57 MB,./CMMD/D2-0254/1.3.6.1.4.1.14519.5.2.1.1239.1759.219289323525845317468338014376/1.3.6.1.4.1.14519.5.2.1.1239.1759.315208363264882672476005222755,2025-12-02T11:41:50.107484072
1.3.6.1.4.1.14519.5.2.1.1239.1759.910537185574920226392800799533,CMMD,NO,https://doi.org/10.7937/tcia.eqde4b16,D2-0252,1.3.6.1.4.1.14519.5.2.1.1239.1759.111377863536642582099994121941,NA,07-18-2011,NA,NA,MG,Digital Mammography X-Ray Image Storage - For Presentation,1.2.840.10008.5.1.4.1.1.1.2,4,17.57 MB,./CMMD/D2-0252/1.3.6.1.4.1.14519.5.2.1.1239.1759.111377863536642582099994121941/1.3.6.1.4.1.14519.5.2.1.1239.1759.910537185574920226392800799533,2025-12-02T11:41:51.489710342
1.3.6.1.4.1.14519.5.2.1.1239.1759.977059339858098964084850756212,CMMD,NO,https://doi.org/10.7937/tcia.eqde4b16,D2-0257,1.3.6.1.4.1.14519.5.2.1.1239.1759.827074228546041587522052857728,NA,07-18-2011,NA,NA,MG,Digital Mammography X-Ray Image Storage - For Presentation,1.2.840.10008.5.1.4.1.1.1.2,4,17.57 MB,./CMMD/D2-0257/1.3.6.1.4.1.14519.5.2.1.1239.1759.827074228546041587522052857728/1.3.6.1.4.1.14519.5.2.1.1239.1759.977059339858098964084850756212,2025-12-02T11:42:01.177118733
1.3.6.1.4.1.14519.5.2.1.1239.1759.726476500089504537266528843511,CMMD,NO,https://doi.org/10.7937/tcia.eqde4b16,D2-0255,1.3.6.1.4.1.14519.5.2.1.1239.1759.202657029057819046538392399073,NA,07-18-2011,NA,NA,MG,Digital Mammography X-Ray Image Storage - For Presentation,1.2.840.10008.5.1.4.1.1.1.2,4,17.57 MB,./CMMD/D2-0255/1.3.6.1.4.1.14519.5.2.1.1239.1759.202657029057819046538392399073/1.3.6.1.4.1.14519.5.2.1.1239.1759.726476500089504537266528843511,2025-12-02T11:42:01.498879559
1.3.6.1.4.1.14519.5.2.1.1239.1759.324502366529670267426413765515,CMMD,NO,https://doi.org/10.7937/tcia.eqde4b16,D2-0258,1.3.6.1.4.1.14519.5.2.1.1239.1759.908214832599623812686266379306,NA,07-18-2011,NA,NA,MG,Digital Mammography X-Ray Image Storage - For Presentation,1.2.840.10008.5.1.4.1.1.1.2,4,17.57 MB,./CMMD/D2-0258/1.3.6.1.4.1.14519.5.2.1.1239.1759.908214832599623812686266379306/1.3.6.1.4.1.14519.5.2.1.1239.1759.324502366529670267426413765515,2025-12-02T11:42:07.943770412
1.3.6.1.4.1.14519.5.2.1.1239.1759.199633674667706385555637415732,CMMD,NO,https://doi.org/10.7937/tcia.eqde4b16,D2-0259,1.3.6.1.4.1.14519.5.2.1.1239.1759.428744894944029208994843544135,NA,07-18-2011,NA,NA,MG,Digital Mammography X-Ray Image Storage - For Presentation,1.2.840.10008.5.1.4.1.1.1.2,4,17.57 MB,./CMMD/D2-0259/1.3.6.1.4.1.14519.5.2.1.1239.1759.428744894944029208994843544135/1.3.6.1.4.1.14519.5.2.1.1239.1759.199633674667706385555637415732,2025-12-02T11:42:17.981349573
1.3.6.1.4.1.14519.5.2.1.1239.1759.419003431621165663028084620466,CMMD,NO,https://doi.org/10.7937/tcia.eqde4b16,D2-0256,1.3.6.1.4.1.14519.5.2.1.1239.1759.205173631165265101254287438177,NA,07-18-2011,NA,NA,MG,Digital Mammography X-Ray Image Storage - For Presentation,1.2.840.10008.5.1.4.1.1.1.2,4,17.57 MB,./CMMD/D2-0256/1.3.6.1.4.1.14519.5.2.1.1239.1759.205173631165265101254287438177/1.3.6.1.4.1.14519.5.2.1.1239.1759.419003431621165663028084620466,2025-12-02T11:42:19.208268992
1.3.6.1.4.1.14519.5.2.1.1239.1759.252076291497803960362062154556,CMMD,NO,https://doi.org/10.7937/tcia.eqde4b16,D2-0262,1.3.6.1.4.1.14519.5.2.1.1239.1759.240933574827624675562223226099,NA,07-18-2011,NA,NA,MG,Digital Mammography X-Ray Image Storage - For Presentation,1.2.840.10008.5.1.4.1.1.1.2,4,17.57 MB,./CMMD/D2-0262/1.3.6.1.4.1.14519.5.2.1.1239.1759.240933574827624675562223226099/1.3.6.1.4.1.14519.5.2.1.1239.1759.252076291497803960362062154556,2025-12-02T11:42:28.048977009
1.3.6.1.4.1.14519.5.2.1.1239.1759.167379823707954372722208379193,CMMD,NO,https://doi.org/10.7937/tcia.eqde4b16,D2-0260,1.3.6.1.4.1.14519.5.2.1.1239.1759.337338445238139377686816393733,NA,07-18-2011,NA,NA,MG,Digital Mammography X-Ray Image Storage - For Presentation,1.2.840.10008.5.1.4.1.1.1.2,4,17.57 MB,./CMMD/D2-0260/1.3.6.1.4.1.14519.5.2.1.1239.1759.337338445238139377686816393733/1.3.6.1.4.1.14519.5.2.1.1239.1759.167379823707954372722208379193,2025-12-02T11:42:31.748681102
1.3.6.1.4.1.14519.5.2.1.1239.1759.173434113401964871705571157912,CMMD,NO,https://doi.org/10.7937/tcia.eqde4b16,D2-0261,1.3.6.1.4.1.14519.5.2.1.1239.1759.138305437135339002383877530970,NA,07-18-2011,NA,NA,MG,Digital Mammography X-Ray Image Storage - For Presentation,1.2.840.10008.5.1.4.1.1.1.2,4,17.57 MB,./CMMD/D2-0261/1.3.6.1.4.1.14519.5.2.1.1239.1759.138305437135339002383877530970/1.3.6.1.4.1.14519.5.2.1.1239.1759.173434113401964871705571157912,2025-12-02T11:42:40.832919028
1.3.6.1.4.1.14519.5.2.1.1239.1759.292149889195887670101991418805,CMMD,NO,https://doi.org/10.7937/tcia.eqde4b16,D2-0263,1.3.6.1.4.1.14519.5.2.1.1239.1759.155581634348373281432416434771,NA,07-18-2011,NA,NA,MG,Digital Mammography X-Ray Image Storage - For Presentation,1.2.840.10008.5.1.4.1.1.1.2,4,17.57 MB,./CMMD/D2-0263/1.3.6.1.4.1.14519.5.2.1.1239.1759.155581634348373281432416434771/1.3.6.1.4.1.14519.5.2.1.1239.1759.292149889195887670101991418805,2025-12-02T11:42:43.654211197
1.3.6.1.4.1.14519.5.2.1.1239.1759.292399373047766457790635835009,CMMD,NO,https://doi.org/10.7937/tcia.eqde4b16,D2-0266,1.3.6.1.4.1.14519.5.2.1.1239.1759.148804001746392362207520000995,NA,07-18-2011,NA,NA,MG,Digital Mammography X-Ray Image Storage - For Presentation,1.2.840.10008.5.1.4.1.1.1.2,4,17.57 MB,./CMMD/D2-0266/1.3.6.1.4.1.14519.5.2.1.1239.1759.148804001746392362207520000995/1.3.6.1.4.1.14519.5.2.1.1239.1759.292399373047766457790635835009,2025-12-02T11:42:52.659425612
1.3.6.1.4.1.14519.5.2.1.1239.1759.471600212509908593415387400987,CMMD,NO,https://doi.org/10.7937/tcia.eqde4b16,D2-0264,1.3.6.1.4.1.14519.5.2.1.1239.1759.207463559156461992992495492593,NA,07-18-2011,NA,NA,MG,Digital Mammography X-Ray Image Storage - For Presentation,1.2.840.10008.5.1.4.1.1.1.2,4,17.57 MB,./CMMD/D2-0264/1.3.6.1.4.1.14519.5.2.1.1239.1759.207463559156461992992495492593/1.3.6.1.4.1.14519.5.2.1.1239.1759.471600212509908593415387400987,2025-12-02T11:42:55.133796972
1.3.6.1.4.1.14519.5.2.1.1239.1759.201758168653399533629028178722,CMMD,NO,https://doi.org/10.7937/tcia.eqde4b16,D2-0265,1.3.6.1.4.1.14519.5.2.1.1239.1759.325774952989113641983527926675,NA,07-18-2011,NA,NA,MG,Digital Mammography X-Ray Image Storage - For Presentation,1.2.840.10008.5.1.4.1.1.1.2,4,17.57 MB,./CMMD/D2-0265/1.3.6.1.4.1.14519.5.2.1.1239.1759.325774952989113641983527926675/1.3.6.1.4.1.14519.5.2.1.1239.1759.201758168653399533629028178722,2025-12-02T11:43:00.369243484
1.3.6.1.4.1.14519.5.2.1.1239.1759.435613464291506979387662401094,CMMD,NO,https://doi.org/10.7937/tcia.eqde4b16,D2-0268,1.3.6.1.4.1.14519.5.2.1.1239.1759.279399358951666976882781609073,NA,07-18-2011,NA,NA,MG,Digital Mammography X-Ray Image Storage - For Presentation,1.2.840.10008.5.1.4.1.1.1.2,4,17.57 MB,./CMMD/D2-0268/1.3.6.1.4.1.14519.5.2.1.1239.1759.279399358951666976882781609073/1.3.6.1.4.1.14519.5.2.1.1239.1759.435613464291506979387662401094,2025-12-02T11:43:03.643669965
1.3.6.1.4.1.14519.5.2.1.1239.1759.273340282232473037623452931799,CMMD,NO,https://doi.org/10.7937/tcia.eqde4b16,D2-0267,1.3.6.1.4.1.14519.5.2.1.1239.1759.242634147612885944112874594633,NA,07-18-2011,NA,NA,MG,Digital Mammography X-Ray Image Storage - For Presentation,1.2.840.10008.5.1.4.1.1.1.2,4,17.57 MB,./CMMD/D2-0267/1.3.6.1.4.1.14519.5.2.1.1239.1759.242634147612885944112874594633/1.3.6.1.4.1.14519.5.2.1.1239.1759.273340282232473037623452931799,2025-12-02T11:43:09.847182564
1.3.6.1.4.1.14519.5.2.1.1239.1759.413217182865314443857801106644,CMMD,NO,https://doi.org/10.7937/tcia.eqde4b16,D2-0269,1.3.6.1.4.1.14519.5.2.1.1239.1759.329188960526781475109219065243,NA,07-18-2011,NA,NA,MG,Digital Mammography X-Ray Image Storage - For Presentation,1.2.840.10008.5.1.4.1.1.1.2,4,17.57 MB,./CMMD/D2-0269/1.3.6.1.4.1.14519.5.2.1.1239.1759.329188960526781475109219065243/1.3.6.1.4.1.14519.5.2.1.1239.1759.413217182865314443857801106644,2025-12-02T11:43:20.753080854
1.3.6.1.4.1.14519.5.2.1.1239.1759.128348284746060115641677385522,CMMD,NO,https://doi.org/10.7937/tcia.eqde4b16,D2-0270,1.3.6.1.4.1.14519.5.2.1.1239.1759.111551430018560083972903364125,NA,07-18-2011,NA,NA,MG,Digital Mammography X-Ray Image Storage - For Presentation,1.2.840.10008.5.1.4.1.1.1.2,4,17.57 MB,./CMMD/D2-0270/1.3.6.1.4.1.14519.5.2.1.1239.1759.111551430018560083972903364125/1.3.6.1.4.1.14519.5.2.1.1239.1759.128348284746060115641677385522,2025-12-02T11:43:21.349931568
1.3.6.1.4.1.14519.5.2.1.1239.1759.675262138269725804670555407505,CMMD,NO,https://doi.org/10.7937/tcia.eqde4b16,D2-0271,1.3.6.1.4.1.14519.5.2.1.1239.1759.206752771302990612333066885374,NA,07-18-2011,NA,NA,MG,Digital Mammography X-Ray Image Storage - For Presentation,1.2.840.10008.5.1.4.1.1.1.2,4,17.57 MB,./CMMD/D2-0271/1.3.6.1.4.1.14519.5.2.1.1239.1759.206752771302990612333066885374/1.3.6.1.4.1.14519.5.2.1.1239.1759.675262138269725804670555407505,2025-12-02T11:43:22.367255361
1.3.6.1.4.1.14519.5.2.1.1239.1759.196661851568591947149229240412,CMMD,NO,https://doi.org/10.7937/tcia.eqde4b16,D2-0273,1.3.6.1.4.1.14519.5.2.1.1239.1759.197615819917302270852726941297,NA,07-18-2011,NA,NA,MG,Digital Mammography X-Ray Image Storage - For Presentation,1.2.840.10008.5.1.4.1.1.1.2,4,17.57 MB,./CMMD/D2-0273/1.3.6.1.4.1.14519.5.2.1.1239.1759.197615819917302270852726941297/1.3.6.1.4.1.14519.5.2.1.1239.1759.196661851568591947149229240412,2025-12-02T11:43:31.286219506
1.3.6.1.4.1.14519.5.2.1.1239.1759.269767240843486600436086256738,CMMD,NO,https://doi.org/10.7937/tcia.eqde4b16,D2-0272,1.3.6.1.4.1.14519.5.2.1.1239.1759.268876613600244195014804889065,NA,07-18-2011,NA,NA,MG,Digital Mammography X-Ray Image Storage - For Presentation,1.2.840.10008.5.1.4.1.1.1.2,4,17.57 MB,./CMMD/D2-0272/1.3.6.1.4.1.14519.5.2.1.1239.1759.268876613600244195014804889065/1.3.6.1.4.1.14519.5.2.1.1239.1759.269767240843486600436086256738,2025-12-02T11:43:32.046916114
1.3.6.1.4.1.14519.5.2.1.1239.1759.190754266927499597945938374522,CMMD,NO,https://doi.org/10.7937/tcia.eqde4b16,D2-0274,1.3.6.1.4.1.14519.5.2.1.1239.1759.277253489604662905212881799208,NA,07-18-2011,NA,NA,MG,Digital Mammography X-Ray Image Storage - For Presentation,1.2.840.10008.5.1.4.1.1.1.2,4,17.57 MB,./CMMD/D2-0274/1.3.6.1.4.1.14519.5.2.1.1239.1759.277253489604662905212881799208/1.3.6.1.4.1.14519.5.2.1.1239.1759.190754266927499597945938374522,2025-12-02T11:43:41.418473948
1.3.6.1.4.1.14519.5.2.1.1239.1759.841327381176334436187122657666,CMMD,NO,https://doi.org/10.7937/tcia.eqde4b16,D2-0275,1.3.6.1.4.1.14519.5.2.1.1239.1759.302938611837791384255822822061,NA,07-18-2011,NA,NA,MG,Digital Mammography X-Ray Image Storage - For Presentation,1.2.840.10008.5.1.4.1.1.1.2,4,17.57 MB,./CMMD/D2-0275/1.3.6.1.4.1.14519.5.2.1.1239.1759.302938611837791384255822822061/1.3.6.1.4.1.14519.5.2.1.1239.1759.841327381176334436187122657666,2025-12-02T11:43:51.044597109
1.3.6.1.4.1.14519.5.2.1.1239.1759.129582651161648159257644528898,CMMD,NO,https://doi.org/10.7937/tcia.eqde4b16,D2-0276,1.3.6.1.4.1.14519.5.2.1.1239.1759.289772531309817909130137548896,NA,07-18-2011,NA,NA,MG,Digital Mammography X-Ray Image Storage - For Presentation,1.2.840.10008.5.1.4.1.1.1.2,4,17.57 MB,./CMMD/D2-0276/1.3.6.1.4.1.14519.5.2.1.1239.1759.289772531309817909130137548896/1.3.6.1.4.1.14519.5.2.1.1239.1759.129582651161648159257644528898,2025-12-02T11:43:52.576363632
1.3.6.1.4.1.14519.5.2.1.1239.1759.306515720349878258416793109100,CMMD,NO,https://doi.org/10.7937/tcia.eqde4b16,D2-0277,1.3.6.1.4.1.14519.5.2.1.1239.1759.114532637348296179927004157583,NA,07-18-2011,NA,NA,MG,Digital Mammography X-Ray Image Storage - For Presentation,1.2.840.10008.5.1.4.1.1.1.2,4,17.57 MB,./CMMD/D2-0277/1.3.6.1.4.1.14519.5.2.1.1239.1759.114532637348296179927004157583/1.3.6.1.4.1.14519.5.2.1.1239.1759.306515720349878258416793109100,2025-12-02T11:43:53.903416759
1.3.6.1.4.1.14519.5.2.1.1239.1759.223887762916739267425781658484,CMMD,NO,https://doi.org/10.7937/tcia.eqde4b16,D2-0279,1.3.6.1.4.1.14519.5.2.1.1239.1759.112296744318992810256978631128,NA,07-18-2011,NA,NA,MG,Digital Mammography X-Ray Image Storage - For Presentation,1.2.840.10008.5.1.4.1.1.1.2,4,17.57 MB,./CMMD/D2-0279/1.3.6.1.4.1.14519.5.2.1.1239.1759.112296744318992810256978631128/1.3.6.1.4.1.14519.5.2.1.1239.1759.223887762916739267425781658484,2025-12-02T11:43:59.536664643
1.3.6.1.4.1.14519.5.2.1.1239.1759.311168916879071067287085465628,CMMD,NO,https://doi.org/10.7937/tcia.eqde4b16,D2-0281,1.3.6.1.4.1.14519.5.2.1.1239.1759.671923602437723844754428251946,NA,07-18-2011,NA,NA,MG,Digital Mammography X-Ray Image Storage - For Presentation,1.2.840.10008.5.1.4.1.1.1.2,4,17.57 MB,./CMMD/D2-0281/1.3.6.1.4.1.14519.5.2.1.1239.1759.671923602437723844754428251946/1.3.6.1.4.1.14519.5.2.1.1239.1759.311168916879071067287085465628,2025-12-02T11:44:06.503832875
1.3.6.1.4.1.14519.5.2.1.1239.1759.328285884794245034798898865054,CMMD,NO,https://doi.org/10.7937/tcia.eqde4b16,D2-0282,1.3.6.1.4.1.14519.5.2.1.1239.1759.202676413680086234620952074018,NA,07-18-2011,NA,NA,MG,Digital Mammography X-Ray Image Storage - For Presentation,1.2.840.10008.5.1.4.1.1.1.2,4,17.57 MB,./CMMD/D2-0282/1.3.6.1.4.1.14519.5.2.1.1239.1759.202676413680086234620952074018/1.3.6.1.4.1.14519.5.2.1.1239.1759.328285884794245034798898865054,2025-12-02T11:44:15.21512712
1.3.6.1.4.1.14519.5.2.1.1239.1759.308231132694668556192673843042,CMMD,NO,https://doi.org/10.7937/tcia.eqde4b16,D2-0280,1.3.6.1.4.1.14519.5.2.1.1239.1759.435585509943467696418938463094,NA,07-18-2011,NA,NA,MG,Digital Mammography X-Ray Image Storage - For Presentation,1.2.840.10008.5.1.4.1.1.1.2,4,17.57 MB,./CMMD/D2-0280/1.3.6.1.4.1.14519.5.2.1.1239.1759.435585509943467696418938463094/1.3.6.1.4.1.14519.5.2.1.1239.1759.308231132694668556192673843042,2025-12-02T11:44:19.047017194
1.3.6.1.4.1.14519.5.2.1.1239.1759.230333146972482308128959926519,CMMD,NO,https://doi.org/10.7937/tcia.eqde4b16,D2-0278,1.3.6.1.4.1.14519.5.2.1.1239.1759.132594822192603966207731949692,NA,07-18-2011,NA,NA,MG,Digital Mammography X-Ray Image Storage - For Presentation,1.2.840.10008.5.1.4.1.1.1.2,4,17.57 MB,./CMMD/D2-0278/1.3.6.1.4.1.14519.5.2.1.1239.1759.132594822192603966207731949692/1.3.6.1.4.1.14519.5.2.1.1239.1759.230333146972482308128959926519,2025-12-02T11:44:19.700996469
1.3.6.1.4.1.14519.5.2.1.1239.1759.325509308075184814342501069113,CMMD,NO,https://doi.org/10.7937/tcia.eqde4b16,D2-0283,1.3.6.1.4.1.14519.5.2.1.1239.1759.329718225100928718997871759250,NA,07-18-2011,NA,NA,MG,Digital Mammography X-Ray Image Storage - For Presentation,1.2.840.10008.5.1.4.1.1.1.2,4,17.57 MB,./CMMD/D2-0283/1.3.6.1.4.1.14519.5.2.1.1239.1759.329718225100928718997871759250/1.3.6.1.4.1.14519.5.2.1.1239.1759.325509308075184814342501069113,2025-12-02T11:44:24.80611723
1.3.6.1.4.1.14519.5.2.1.1239.1759.108904473300841363846290335397,CMMD,NO,https://doi.org/10.7937/tcia.eqde4b16,D2-0285,1.3.6.1.4.1.14519.5.2.1.1239.1759.358456466792313503563958148341,NA,07-18-2011,NA,NA,MG,Digital Mammography X-Ray Image Storage - For Presentation,1.2.840.10008.5.1.4.1.1.1.2,4,17.57 MB,./CMMD/D2-0285/1.3.6.1.4.1.14519.5.2.1.1239.1759.358456466792313503563958148341/1.3.6.1.4.1.14519.5.2.1.1239.1759.108904473300841363846290335397,2025-12-02T11:44:35.757036581
1.3.6.1.4.1.14519.5.2.1.1239.1759.238761560698229502107467098151,CMMD,NO,https://doi.org/10.7937/tcia.eqde4b16,D2-0284,1.3.6.1.4.1.14519.5.2.1.1239.1759.543319903970920242026002578825,NA,07-18-2011,NA,NA,MG,Digital Mammography X-Ray Image Storage - For Presentation,1.2.840.10008.5.1.4.1.1.1.2,4,17.57 MB,./CMMD/D2-0284/1.3.6.1.4.1.14519.5.2.1.1239.1759.543319903970920242026002578825/1.3.6.1.4.1.14519.5.2.1.1239.1759.238761560698229502107467098151,2025-12-02T11:44:41.850838766
1.3.6.1.4.1.14519.5.2.1.1239.1759.313994638359657138470409435547,CMMD,NO,https://doi.org/10.7937/tcia.eqde4b16,D2-0286,1.3.6.1.4.1.14519.5.2.1.1239.1759.788173183229990953844425508977,NA,07-18-2011,NA,NA,MG,Digital Mammography X-Ray Image Storage - For Presentation,1.2.840.10008.5.1.4.1.1.1.2,4,17.57 MB,./CMMD/D2-0286/1.3.6.1.4.1.14519.5.2.1.1239.1759.788173183229990953844425508977/1.3.6.1.4.1.14519.5.2.1.1239.1759.313994638359657138470409435547,2025-12-02T11:44:44.07854109
1.3.6.1.4.1.14519.5.2.1.1239.1759.152207948297887518389443966917,CMMD,NO,https://doi.org/10.7937/tcia.eqde4b16,D2-0287,1.3.6.1.4.1.14519.5.2.1.1239.1759.232998516142666908412968109334,NA,07-18-2011,NA,NA,MG,Digital Mammography X-Ray Image Storage - For Presentation,1.2.840.10008.5.1.4.1.1.1.2,4,17.57 MB,./CMMD/D2-0287/1.3.6.1.4.1.14519.5.2.1.1239.1759.232998516142666908412968109334/1.3.6.1.4.1.14519.5.2.1.1239.1759.152207948297887518389443966917,2025-12-02T11:44:46.638104571
1.3.6.1.4.1.14519.5.2.1.1239.1759.489145080256695527547416949451,CMMD,NO,https://doi.org/10.7937/tcia.eqde4b16,D2-0288,1.3.6.1.4.1.14519.5.2.1.1239.1759.148617132701474356375298229046,NA,07-18-2011,NA,NA,MG,Digital Mammography X-Ray Image Storage - For Presentation,1.2.840.10008.5.1.4.1.1.1.2,4,17.57 MB,./CMMD/D2-0288/1.3.6.1.4.1.14519.5.2.1.1239.1759.148617132701474356375298229046/1.3.6.1.4.1.14519.5.2.1.1239.1759.489145080256695527547416949451,2025-12-02T11:44:52.732352536
1.3.6.1.4.1.14519.5.2.1.1239.1759.340122729890008176280527707331,CMMD,NO,https://doi.org/10.7937/tcia.eqde4b16,D2-0290,1.3.6.1.4.1.14519.5.2.1.1239.1759.320881666929423421035357751982,NA,07-18-2011,NA,NA,MG,Digital Mammography X-Ray Image Storage - For Presentation,1.2.840.10008.5.1.4.1.1.1.2,4,17.57 MB,./CMMD/D2-0290/1.3.6.1.4.1.14519.5.2.1.1239.1759.320881666929423421035357751982/1.3.6.1.4.1.14519.5.2.1.1239.1759.340122729890008176280527707331,2025-12-02T11:44:55.644840089
1.3.6.1.4.1.14519.5.2.1.1239.1759.173732061365138560641121014673,CMMD,NO,https://doi.org/10.7937/tcia.eqde4b16,D2-0289,1.3.6.1.4.1.14519.5.2.1.1239.1759.135777318585570211652897264338,NA,07-18-2011,NA,NA,MG,Digital Mammography X-Ray Image Storage - For Presentation,1.2.840.10008.5.1.4.1.1.1.2,4,17.57 MB,./CMMD/D2-0289/1.3.6.1.4.1.14519.5.2.1.1239.1759.135777318585570211652897264338/1.3.6.1.4.1.14519.5.2.1.1239.1759.173732061365138560641121014673,2025-12-02T11:44:57.689030615
1.3.6.1.4.1.14519.5.2.1.1239.1759.218991071604339012835130277206,CMMD,NO,https://doi.org/10.7937/tcia.eqde4b16,D2-0292,1.3.6.1.4.1.14519.5.2.1.1239.1759.121233913630361845357482552080,NA,07-18-2011,NA,NA,MG,Digital Mammography X-Ray Image Storage - For Presentation,1.2.840.10008.5.1.4.1.1.1.2,4,17.57 MB,./CMMD/D2-0292/1.3.6.1.4.1.14519.5.2.1.1239.1759.121233913630361845357482552080/1.3.6.1.4.1.14519.5.2.1.1239.1759.218991071604339012835130277206,2025-12-02T11:45:03.605398974
1.3.6.1.4.1.14519.5.2.1.1239.1759.167624954944309671318761305788,CMMD,NO,https://doi.org/10.7937/tcia.eqde4b16,D2-0293,1.3.6.1.4.1.14519.5.2.1.1239.1759.223111580396770347916373433825,NA,07-18-2011,NA,NA,MG,Digital Mammography X-Ray Image Storage - For Presentation,1.2.840.10008.5.1.4.1.1.1.2,4,17.57 MB,./CMMD/D2-0293/1.3.6.1.4.1.14519.5.2.1.1239.1759.223111580396770347916373433825/1.3.6.1.4.1.14519.5.2.1.1239.1759.167624954944309671318761305788,2025-12-02T11:45:14.765698227
1.3.6.1.4.1.14519.5.2.1.1239.1759.555144737561494295373962345085,CMMD,NO,https://doi.org/10.7937/tcia.eqde4b16,D2-0294,1.3.6.1.4.1.14519.5.2.1.1239.1759.275783556844015827107756572539,NA,07-18-2011,NA,NA,MG,Digital Mammography X-Ray Image Storage - For Presentation,1.2.840.10008.5.1.4.1.1.1.2,4,17.57 MB,./CMMD/D2-0294/1.3.6.1.4.1.14519.5.2.1.1239.1759.275783556844015827107756572539/1.3.6.1.4.1.14519.5.2.1.1239.1759.555144737561494295373962345085,2025-12-02T11:45:18.796958134
1.3.6.1.4.1.14519.5.2.1.1239.1759.205447267766791842683975369559,CMMD,NO,https://doi.org/10.7937/tcia.eqde4b16,D2-0291,1.3.6.1.4.1.14519.5.2.1.1239.1759.897882965557393716137847363961,NA,07-18-2011,NA,NA,MG,Digital Mammography X-Ray Image Storage - For Presentation,1.2.840.10008.5.1.4.1.1.1.2,4,17.57 MB,./CMMD/D2-0291/1.3.6.1.4.1.14519.5.2.1.1239.1759.897882965557393716137847363961/1.3.6.1.4.1.14519.5.2.1.1239.1759.205447267766791842683975369559,2025-12-02T11:45:19.119123084
1.3.6.1.4.1.14519.5.2.1.1239.1759.156290753774684978824772268897,CMMD,NO,https://doi.org/10.7937/tcia.eqde4b16,D2-0295,1.3.6.1.4.1.14519.5.2.1.1239.1759.253341415809686142164180100992,NA,07-18-2011,NA,NA,MG,Digital Mammography X-Ray Image Storage - For Presentation,1.2.840.10008.5.1.4.1.1.1.2,4,17.57 MB,./CMMD/D2-0295/1.3.6.1.4.1.14519.5.2.1.1239.1759.253341415809686142164180100992/1.3.6.1.4.1.14519.5.2.1.1239.1759.156290753774684978824772268897,2025-12-02T11:45:30.920688234
1.3.6.1.4.1.14519.5.2.1.1239.1759.186431526278715598287675576817,CMMD,NO,https://doi.org/10.7937/tcia.eqde4b16,D2-0296,1.3.6.1.4.1.14519.5.2.1.1239.1759.177484284345532924705641486372,NA,07-18-2011,NA,NA,MG,Digital Mammography X-Ray Image Storage - For Presentation,1.2.840.10008.5.1.4.1.1.1.2,2,8.79 MB,./CMMD/D2-0296/1.3.6.1.4.1.14519.5.2.1.1239.1759.177484284345532924705641486372/1.3.6.1.4.1.14519.5.2.1.1239.1759.186431526278715598287675576817,2025-12-02T11:45:35.333141731
1.3.6.1.4.1.14519.5.2.1.1239.1759.309485095831317084465415271349,CMMD,NO,https://doi.org/10.7937/tcia.eqde4b16,D2-0298,1.3.6.1.4.1.14519.5.2.1.1239.1759.716160590505301457539305215504,NA,07-18-2011,NA,NA,MG,Digital Mammography X-Ray Image Storage - For Presentation,1.2.840.10008.5.1.4.1.1.1.2,4,17.57 MB,./CMMD/D2-0298/1.3.6.1.4.1.14519.5.2.1.1239.1759.716160590505301457539305215504/1.3.6.1.4.1.14519.5.2.1.1239.1759.309485095831317084465415271349,2025-12-02T11:45:42.169505507
1.3.6.1.4.1.14519.5.2.1.1239.1759.332202628655485158840891249535,CMMD,NO,https://doi.org/10.7937/tcia.eqde4b16,D2-0297,1.3.6.1.4.1.14519.5.2.1.1239.1759.986266596493469050535476921648,NA,07-18-2011,NA,NA,MG,Digital Mammography X-Ray Image Storage - For Presentation,1.2.840.10008.5.1.4.1.1.1.2,4,17.57 MB,./CMMD/D2-0297/1.3.6.1.4.1.14519.5.2.1.1239.1759.986266596493469050535476921648/1.3.6.1.4.1.14519.5.2.1.1239.1759.332202628655485158840891249535,2025-12-02T11:45:45.503231879
1.3.6.1.4.1.14519.5.2.1.1239.1759.401465483015438775744078016437,CMMD,NO,https://doi.org/10.7937/tcia.eqde4b16,D2-0299,1.3.6.1.4.1.14519.5.2.1.1239.1759.141598640758075014333704536682,NA,07-18-2011,NA,NA,MG,Digital Mammography X-Ray Image Storage - For Presentation,1.2.840.10008.5.1.4.1.1.1.2,4,17.57 MB,./CMMD/D2-0299/1.3.6.1.4.1.14519.5.2.1.1239.1759.141598640758075014333704536682/1.3.6.1.4.1.14519.5.2.1.1239.1759.401465483015438775744078016437,2025-12-02T11:45:48.879812999
1.3.6.1.4.1.14519.5.2.1.1239.1759.178128469915997931242065012980,CMMD,NO,https://doi.org/10.7937/tcia.eqde4b16,D2-0302,1.3.6.1.4.1.14519.5.2.1.1239.1759.557142943861133545208759143212,NA,07-18-2011,NA,NA,MG,Digital Mammography X-Ray Image Storage - For Presentation,1.2.840.10008.5.1.4.1.1.1.2,4,17.57 MB,./CMMD/D2-0302/1.3.6.1.4.1.14519.5.2.1.1239.1759.557142943861133545208759143212/1.3.6.1.4.1.14519.5.2.1.1239.1759.178128469915997931242065012980,2025-12-02T11:45:57.623825729
1.3.6.1.4.1.14519.5.2.1.1239.1759.172179623026937905074229379265,CMMD,NO,https://doi.org/10.7937/tcia.eqde4b16,D2-0300,1.3.6.1.4.1.14519.5.2.1.1239.1759.202102509308261034936638192239,NA,07-18-2011,NA,NA,MG,Digital Mammography X-Ray Image Storage - For Presentation,1.2.840.10008.5.1.4.1.1.1.2,4,17.57 MB,./CMMD/D2-0300/1.3.6.1.4.1.14519.5.2.1.1239.1759.202102509308261034936638192239/1.3.6.1.4.1.14519.5.2.1.1239.1759.172179623026937905074229379265,2025-12-02T11:46:01.408473471
1.3.6.1.4.1.14519.5.2.1.1239.1759.270350500589732915107194745380,CMMD,NO,https://doi.org/10.7937/tcia.eqde4b16,D2-0303,1.3.6.1.4.1.14519.5.2.1.1239.1759.180535432838091112546697739404,NA,07-18-2011,NA,NA,MG,Digital Mammography X-Ray Image Storage - For Presentation,1.2.840.10008.5.1.4.1.1.1.2,4,17.57 MB,./CMMD/D2-0303/1.3.6.1.4.1.14519.5.2.1.1239.1759.180535432838091112546697739404/1.3.6.1.4.1.14519.5.2.1.1239.1759.270350500589732915107194745380,2025-12-02T11:46:08.749092766
1.3.6.1.4.1.14519.5.2.1.1239.1759.221954562921518424467793898014,CMMD,NO,https://doi.org/10.7937/tcia.eqde4b16,D2-0301,1.3.6.1.4.1.14519.5.2.1.1239.1759.253260739253431669089468163692,NA,07-18-2011,NA,NA,MG,Digital Mammography X-Ray Image Storage - For Presentation,1.2.840.10008.5.1.4.1.1.1.2,4,17.57 MB,./CMMD/D2-0301/1.3.6.1.4.1.14519.5.2.1.1239.1759.253260739253431669089468163692/1.3.6.1.4.1.14519.5.2.1.1239.1759.221954562921518424467793898014,2025-12-02T11:46:10.830769896
1.3.6.1.4.1.14519.5.2.1.1239.1759.154689417536710247546678667159,CMMD,NO,https://doi.org/10.7937/tcia.eqde4b16,D2-0304,1.3.6.1.4.1.14519.5.2.1.1239.1759.338558226403217998684168487573,NA,07-18-2011,NA,NA,MG,Digital Mammography X-Ray Image Storage - For Presentation,1.2.840.10008.5.1.4.1.1.1.2,4,17.57 MB,./CMMD/D2-0304/1.3.6.1.4.1.14519.5.2.1.1239.1759.338558226403217998684168487573/1.3.6.1.4.1.14519.5.2.1.1239.1759.154689417536710247546678667159,2025-12-02T11:46:16.972052928
1.3.6.1.4.1.14519.5.2.1.1239.1759.246137833425098059641874535594,CMMD,NO,https://doi.org/10.7937/tcia.eqde4b16,D2-0305,1.3.6.1.4.1.14519.5.2.1.1239.1759.354889691976578955831969826889,NA,07-18-2011,NA,NA,MG,Digital Mammography X-Ray Image Storage - For Presentation,1.2.840.10008.5.1.4.1.1.1.2,4,17.57 MB,./CMMD/D2-0305/1.3.6.1.4.1.14519.5.2.1.1239.1759.354889691976578955831969826889/1.3.6.1.4.1.14519.5.2.1.1239.1759.246137833425098059641874535594,2025-12-02T11:46:23.085707457
1.3.6.1.4.1.14519.5.2.1.1239.1759.167917521726383953822949938092,CMMD,NO,https://doi.org/10.7937/tcia.eqde4b16,D2-0307,1.3.6.1.4.1.14519.5.2.1.1239.1759.162983606086791414083085101642,NA,07-18-2011,NA,NA,MG,Digital Mammography X-Ray Image Storage - For Presentation,1.2.840.10008.5.1.4.1.1.1.2,4,17.57 MB,./CMMD/D2-0307/1.3.6.1.4.1.14519.5.2.1.1239.1759.162983606086791414083085101642/1.3.6.1.4.1.14519.5.2.1.1239.1759.167917521726383953822949938092,2025-12-02T11:46:30.193229607
1.3.6.1.4.1.14519.5.2.1.1239.1759.340157998345954710005525303817,CMMD,NO,https://doi.org/10.7937/tcia.eqde4b16,D2-0306,1.3.6.1.4.1.14519.5.2.1.1239.1759.168112929349745246974229325966,NA,07-18-2011,NA,NA,MG,Digital Mammography X-Ray Image Storage - For Presentation,1.2.840.10008.5.1.4.1.1.1.2,4,17.57 MB,./CMMD/D2-0306/1.3.6.1.4.1.14519.5.2.1.1239.1759.168112929349745246974229325966/1.3.6.1.4.1.14519.5.2.1.1239.1759.340157998345954710005525303817,2025-12-02T11:46:34.000024249
1.3.6.1.4.1.14519.5.2.1.1239.1759.214844796785195012570506169708,CMMD,NO,https://doi.org/10.7937/tcia.eqde4b16,D2-0308,1.3.6.1.4.1.14519.5.2.1.1239.1759.328800690107040768950385508111,NA,07-18-2011,NA,NA,MG,Digital Mammography X-Ray Image Storage - For Presentation,1.2.840.10008.5.1.4.1.1.1.2,4,17.57 MB,./CMMD/D2-0308/1.3.6.1.4.1.14519.5.2.1.1239.1759.328800690107040768950385508111/1.3.6.1.4.1.14519.5.2.1.1239.1759.214844796785195012570506169708,2025-12-02T11:46:37.483419766
1.3.6.1.4.1.14519.5.2.1.1239.1759.178172034648391432794572427947,CMMD,NO,https://doi.org/10.7937/tcia.eqde4b16,D2-0310,1.3.6.1.4.1.14519.5.2.1.1239.1759.101252001858654323859228419638,NA,07-18-2011,NA,NA,MG,Digital Mammography X-Ray Image Storage - For Presentation,1.2.840.10008.5.1.4.1.1.1.2,4,17.57 MB,./CMMD/D2-0310/1.3.6.1.4.1.14519.5.2.1.1239.1759.101252001858654323859228419638/1.3.6.1.4.1.14519.5.2.1.1239.1759.178172034648391432794572427947,2025-12-02T11:46:43.523414271
1.3.6.1.4.1.14519.5.2.1.1239.1759.188818700531540274806657819898,CMMD,NO,https://doi.org/10.7937/tcia.eqde4b16,D2-0311,1.3.6.1.4.1.14519.5.2.1.1239.1759.322012944036109637966067032024,NA,07-18-2011,NA,NA,MG,Digital Mammography X-Ray Image Storage - For Presentation,1.2.840.10008.5.1.4.1.1.1.2,2,8.79 MB,./CMMD/D2-0311/1.3.6.1.4.1.14519.5.2.1.1239.1759.322012944036109637966067032024/1.3.6.1.4.1.14519.5.2.1.1239.1759.188818700531540274806657819898,2025-12-02T11:46:43.735261352
1.3.6.1.4.1.14519.5.2.1.1239.1759.494363443598865147756669234577,CMMD,NO,https://doi.org/10.7937/tcia.eqde4b16,D2-0312,1.3.6.1.4.1.14519.5.2.1.1239.1759.223126147385711574168439947645,NA,07-18-2011,NA,NA,MG,Digital Mammography X-Ray Image Storage - For Presentation,1.2.840.10008.5.1.4.1.1.1.2,4,17.57 MB,./CMMD/D2-0312/1.3.6.1.4.1.14519.5.2.1.1239.1759.223126147385711574168439947645/1.3.6.1.4.1.14519.5.2.1.1239.1759.494363443598865147756669234577,2025-12-02T11:46:58.68199804
1.3.6.1.4.1.14519.5.2.1.1239.1759.329475482993827852932186271453,CMMD,NO,https://doi.org/10.7937/tcia.eqde4b16,D2-0313,1.3.6.1.4.1.14519.5.2.1.1239.1759.237641239682432794842200641478,NA,07-18-2011,NA,NA,MG,Digital Mammography X-Ray Image Storage - For Presentation,1.2.840.10008.5.1.4.1.1.1.2,4,17.57 MB,./CMMD/D2-0313/1.3.6.1.4.1.14519.5.2.1.1239.1759.237641239682432794842200641478/1.3.6.1.4.1.14519.5.2.1.1239.1759.329475482993827852932186271453,2025-12-02T11:47:00.057943642
1.3.6.1.4.1.14519.5.2.1.1239.1759.288730097484389497286994443877,CMMD,NO,https://doi.org/10.7937/tcia.eqde4b16,D2-0309,1.3.6.1.4.1.14519.5.2.1.1239.1759.138832870796585493869147817350,NA,07-18-2011,NA,NA,MG,Digital Mammography X-Ray Image Storage - For Presentation,1.2.840.10008.5.1.4.1.1.1.2,4,17.57 MB,./CMMD/D2-0309/1.3.6.1.4.1.14519.5.2.1.1239.1759.138832870796585493869147817350/1.3.6.1.4.1.14519.5.2.1.1239.1759.288730097484389497286994443877,2025-12-02T11:47:02.571536574
1.3.6.1.4.1.14519.5.2.1.1239.1759.585670729946637748023629059470,CMMD,NO,https://doi.org/10.7937/tcia.eqde4b16,D2-0315,1.3.6.1.4.1.14519.5.2.1.1239.1759.330919378942308302956768912997,NA,07-18-2011,NA,NA,MG,Digital Mammography X-Ray Image Storage - For Presentation,1.2.840.10008.5.1.4.1.1.1.2,4,17.57 MB,./CMMD/D2-0315/1.3.6.1.4.1.14519.5.2.1.1239.1759.330919378942308302956768912997/1.3.6.1.4.1.14519.5.2.1.1239.1759.585670729946637748023629059470,2025-12-02T11:47:09.156424698
1.3.6.1.4.1.14519.5.2.1.1239.1759.339453171833697388270784362425,CMMD,NO,https://doi.org/10.7937/tcia.eqde4b16,D2-0314,1.3.6.1.4.1.14519.5.2.1.1239.1759.323563026917443131765324274513,NA,07-17-2012,NA,NA,MG,Digital Mammography X-Ray Image Storage - For Presentation,1.2.840.10008.5.1.4.1.1.1.2,4,17.57 MB,./CMMD/D2-0314/1.3.6.1.4.1.14519.5.2.1.1239.1759.323563026917443131765324274513/1.3.6.1.4.1.14519.5.2.1.1239.1759.339453171833697388270784362425,2025-12-02T11:47:18.139236817
1.3.6.1.4.1.14519.5.2.1.1239.1759.133785897156924914832930309858,CMMD,NO,https://doi.org/10.7937/tcia.eqde4b16,D2-0316,1.3.6.1.4.1.14519.5.2.1.1239.1759.970219017867479143003136641022,NA,07-18-2011,NA,NA,MG,Digital Mammography X-Ray Image Storage - For Presentation,1.2.840.10008.5.1.4.1.1.1.2,4,17.57 MB,./CMMD/D2-0316/1.3.6.1.4.1.14519.5.2.1.1239.1759.970219017867479143003136641022/1.3.6.1.4.1.14519.5.2.1.1239.1759.133785897156924914832930309858,2025-12-02T11:47:21.251247498
1.3.6.1.4.1.14519.5.2.1.1239.1759.312504541350293877192439845015,CMMD,NO,https://doi.org/10.7937/tcia.eqde4b16,D2-0318,1.3.6.1.4.1.14519.5.2.1.1239.1759.161370606269715856563286066062,NA,07-18-2011,NA,NA,MG,Digital Mammography X-Ray Image Storage - For Presentation,1.2.840.10008.5.1.4.1.1.1.2,4,17.57 MB,./CMMD/D2-0318/1.3.6.1.4.1.14519.5.2.1.1239.1759.161370606269715856563286066062/1.3.6.1.4.1.14519.5.2.1.1239.1759.312504541350293877192439845015,2025-12-02T11:47:27.620749155
1.3.6.1.4.1.14519.5.2.1.1239.1759.886522557051779058870759694682,CMMD,NO,https://doi.org/10.7937/tcia.eqde4b16,D2-0317,1.3.6.1.4.1.14519.5.2.1.1239.1759.825969462259041232751860592332,NA,07-18-2011,NA,NA,MG,Digital Mammography X-Ray Image Storage - For Presentation,1.2.840.10008.5.1.4.1.1.1.2,4,17.57 MB,./CMMD/D2-0317/1.3.6.1.4.1.14519.5.2.1.1239.1759.825969462259041232751860592332/1.3.6.1.4.1.14519.5.2.1.1239.1759.886522557051779058870759694682,2025-12-02T11:47:28.551953667
1.3.6.1.4.1.14519.5.2.1.1239.1759.226008876791546741463905973759,CMMD,NO,https://doi.org/10.7937/tcia.eqde4b16,D2-0321,1.3.6.1.4.1.14519.5.2.1.1239.1759.267056505634664284875033760340,NA,07-18-2011,NA,NA,MG,Digital Mammography X-Ray Image Storage - For Presentation,1.2.840.10008.5.1.4.1.1.1.2,4,17.57 MB,./CMMD/D2-0321/1.3.6.1.4.1.14519.5.2.1.1239.1759.267056505634664284875033760340/1.3.6.1.4.1.14519.5.2.1.1239.1759.226008876791546741463905973759,2025-12-02T11:47:36.42737752
1.3.6.1.4.1.14519.5.2.1.1239.1759.209697374395730032675469369994,CMMD,NO,https://doi.org/10.7937/tcia.eqde4b16,D2-0322,1.3.6.1.4.1.14519.5.2.1.1239.1759.273128588823538688764614234064,NA,07-18-2011,NA,NA,MG,Digital Mammography X-Ray Image Storage - For Presentation,1.2.840.10008.5.1.4.1.1.1.2,4,17.57 MB,./CMMD/D2-0322/1.3.6.1.4.1.14519.5.2.1.1239.1759.273128588823538688764614234064/1.3.6.1.4.1.14519.5.2.1.1239.1759.209697374395730032675469369994,2025-12-02T11:47:44.008490884
1.3.6.1.4.1.14519.5.2.1.1239.1759.123923919052781944024114438116,CMMD,NO,https://doi.org/10.7937/tcia.eqde4b16,D2-0319,1.3.6.1.4.1.14519.5.2.1.1239.1759.700594594192271837958751391242,NA,07-18-2011,NA,NA,MG,Digital Mammography X-Ray Image Storage - For Presentation,1.2.840.10008.5.1.4.1.1.1.2,4,17.57 MB,./CMMD/D2-0319/1.3.6.1.4.1.14519.5.2.1.1239.1759.700594594192271837958751391242/1.3.6.1.4.1.14519.5.2.1.1239.1759.123923919052781944024114438116,2025-12-02T11:47:44.333501475
1.3.6.1.4.1.14519.5.2.1.1239.1759.824208884534515319397404218361,CMMD,NO,https://doi.org/10.7937/tcia.eqde4b16,D2-0320,1.3.6.1.4.1.14519.5.2.1.1239.1759.835041786896887277633889909886,NA,07-18-2011,NA,NA,MG,Digital Mammography X-Ray Image Storage - For Presentation,1.2.840.10008.5.1.4.1.1.1.2,4,17.57 MB,./CMMD/D2-0320/1.3.6.1.4.1.14519.5.2.1.1239.1759.835041786896887277633889909886/1.3.6.1.4.1.14519.5.2.1.1239.1759.824208884534515319397404218361,2025-12-02T11:47:54.196852845
1.3.6.1.4.1.14519.5.2.1.1239.1759.139977865402725862162093066111,CMMD,NO,https://doi.org/10.7937/tcia.eqde4b16,D2-0323,1.3.6.1.4.1.14519.5.2.1.1239.1759.230416534361083579939532745754,NA,07-18-2011,NA,NA,MG,Digital Mammography X-Ray Image Storage - For Presentation,1.2.840.10008.5.1.4.1.1.1.2,4,17.57 MB,./CMMD/D2-0323/1.3.6.1.4.1.14519.5.2.1.1239.1759.230416534361083579939532745754/1.3.6.1.4.1.14519.5.2.1.1239.1759.139977865402725862162093066111,2025-12-02T11:47:54.934090037
1.3.6.1.4.1.14519.5.2.1.1239.1759.274393057653048569080590372784,CMMD,NO,https://doi.org/10.7937/tcia.eqde4b16,D2-0325,1.3.6.1.4.1.14519.5.2.1.1239.1759.144483773197098913801634074123,NA,07-17-2012,NA,NA,MG,Digital Mammography X-Ray Image Storage - For Presentation,1.2.840.10008.5.1.4.1.1.1.2,4,17.57 MB,./CMMD/D2-0325/1.3.6.1.4.1.14519.5.2.1.1239.1759.144483773197098913801634074123/1.3.6.1.4.1.14519.5.2.1.1239.1759.274393057653048569080590372784,2025-12-02T11:48:01.868527462
1.3.6.1.4.1.14519.5.2.1.1239.1759.139641058771243724257128165425,CMMD,NO,https://doi.org/10.7937/tcia.eqde4b16,D2-0324,1.3.6.1.4.1.14519.5.2.1.1239.1759.163803162616278151964205913284,NA,07-17-2012,NA,NA,MG,Digital Mammography X-Ray Image Storage - For Presentation,1.2.840.10008.5.1.4.1.1.1.2,4,17.57 MB,./CMMD/D2-0324/1.3.6.1.4.1.14519.5.2.1.1239.1759.163803162616278151964205913284/1.3.6.1.4.1.14519.5.2.1.1239.1759.139641058771243724257128165425,2025-12-02T11:48:10.592618416
1.3.6.1.4.1.14519.5.2.1.1239.1759.334603159220655132158883054903,CMMD,NO,https://doi.org/10.7937/tcia.eqde4b16,D2-0327,1.3.6.1.4.1.14519.5.2.1.1239.1759.321836193805298109198069005774,NA,07-17-2012,NA,NA,MG,Digital Mammography X-Ray Image Storage - For Presentation,1.2.840.10008.5.1.4.1.1.1.2,4,17.57 MB,./CMMD/D2-0327/1.3.6.1.4.1.14519.5.2.1.1239.1759.321836193805298109198069005774/1.3.6.1.4.1.14519.5.2.1.1239.1759.334603159220655132158883054903,2025-12-02T11:48:10.606585528
1.3.6.1.4.1.14519.5.2.1.1239.1759.167117183389210990186848517187,CMMD,NO,https://doi.org/10.7937/tcia.eqde4b16,D2-0326,1.3.6.1.4.1.14519.5.2.1.1239.1759.315953585118005263172298061616,NA,07-17-2012,NA,NA,MG,Digital Mammography X-Ray Image Storage - For Presentation,1.2.840.10008.5.1.4.1.1.1.2,4,17.57 MB,./CMMD/D2-0326/1.3.6.1.4.1.14519.5.2.1.1239.1759.315953585118005263172298061616/1.3.6.1.4.1.14519.5.2.1.1239.1759.167117183389210990186848517187,2025-12-02T11:48:15.741299826
1.3.6.1.4.1.14519.5.2.1.1239.1759.324559409656330795729629503640,CMMD,NO,https://doi.org/10.7937/tcia.eqde4b16,D2-0328,1.3.6.1.4.1.14519.5.2.1.1239.1759.383434091863681983689563782945,NA,07-17-2012,NA,NA,MG,Digital Mammography X-Ray Image Storage - For Presentation,1.2.840.10008.5.1.4.1.1.1.2,4,17.57 MB,./CMMD/D2-0328/1.3.6.1.4.1.14519.5.2.1.1239.1759.383434091863681983689563782945/1.3.6.1.4.1.14519.5.2.1.1239.1759.324559409656330795729629503640,2025-12-02T11:48:17.970397375
1.3.6.1.4.1.14519.5.2.1.1239.1759.194524614046656249425730097307,CMMD,NO,https://doi.org/10.7937/tcia.eqde4b16,D2-0330,1.3.6.1.4.1.14519.5.2.1.1239.1759.297311724697787861275181889289,NA,07-17-2012,NA,NA,MG,Digital Mammography X-Ray Image Storage - For Presentation,1.2.840.10008.5.1.4.1.1.1.2,4,17.57 MB,./CMMD/D2-0330/1.3.6.1.4.1.14519.5.2.1.1239.1759.297311724697787861275181889289/1.3.6.1.4.1.14519.5.2.1.1239.1759.194524614046656249425730097307,2025-12-02T11:48:24.532015034
1.3.6.1.4.1.14519.5.2.1.1239.1759.157054720160848377383320200888,CMMD,NO,https://doi.org/10.7937/tcia.eqde4b16,D2-0331,1.3.6.1.4.1.14519.5.2.1.1239.1759.177302120851446519682150350948,NA,07-17-2012,NA,NA,MG,Digital Mammography X-Ray Image Storage - For Presentation,1.2.840.10008.5.1.4.1.1.1.2,4,17.57 MB,./CMMD/D2-0331/1.3.6.1.4.1.14519.5.2.1.1239.1759.177302120851446519682150350948/1.3.6.1.4.1.14519.5.2.1.1239.1759.157054720160848377383320200888,2025-12-02T11:48:31.402611854
1.3.6.1.4.1.14519.5.2.1.1239.1759.298106896353446592161209234804,CMMD,NO,https://doi.org/10.7937/tcia.eqde4b16,D2-0332,1.3.6.1.4.1.14519.5.2.1.1239.1759.220527535747216809126622589934,NA,07-17-2012,NA,NA,MG,Digital Mammography X-Ray Image Storage - For Presentation,1.2.840.10008.5.1.4.1.1.1.2,4,17.57 MB,./CMMD/D2-0332/1.3.6.1.4.1.14519.5.2.1.1239.1759.220527535747216809126622589934/1.3.6.1.4.1.14519.5.2.1.1239.1759.298106896353446592161209234804,2025-12-02T11:48:33.063897762
1.3.6.1.4.1.14519.5.2.1.1239.1759.260688605699037307639685541847,CMMD,NO,https://doi.org/10.7937/tcia.eqde4b16,D2-0334,1.3.6.1.4.1.14519.5.2.1.1239.1759.273269762377109148739669269835,NA,07-18-2011,NA,NA,MG,Digital Mammography X-Ray Image Storage - For Presentation,1.2.840.10008.5.1.4.1.1.1.2,4,17.57 MB,./CMMD/D2-0334/1.3.6.1.4.1.14519.5.2.1.1239.1759.273269762377109148739669269835/1.3.6.1.4.1.14519.5.2.1.1239.1759.260688605699037307639685541847,2025-12-02T11:48:43.895213632
1.3.6.1.4.1.14519.5.2.1.1239.1759.208790595775660994083261834074,CMMD,NO,https://doi.org/10.7937/tcia.eqde4b16,D2-0333,1.3.6.1.4.1.14519.5.2.1.1239.1759.200960393922431672998254091896,NA,07-18-2011,NA,NA,MG,Digital Mammography X-Ray Image Storage - For Presentation,1.2.840.10008.5.1.4.1.1.1.2,4,17.57 MB,./CMMD/D2-0333/1.3.6.1.4.1.14519.5.2.1.1239.1759.200960393922431672998254091896/1.3.6.1.4.1.14519.5.2.1.1239.1759.208790595775660994083261834074,2025-12-02T11:48:48.010996811
1.3.6.1.4.1.14519.5.2.1.1239.1759.337661839524913382005176296818,CMMD,NO,https://doi.org/10.7937/tcia.eqde4b16,D2-0329,1.3.6.1.4.1.14519.5.2.1.1239.1759.360010172032277111984387516433,NA,07-17-2012,NA,NA,MG,Digital Mammography X-Ray Image Storage - For Presentation,1.2.840.10008.5.1.4.1.1.1.2,4,17.57 MB,./CMMD/D2-0329/1.3.6.1.4.1.14519.5.2.1.1239.1759.360010172032277111984387516433/1.3.6.1.4.1.14519.5.2.1.1239.1759.337661839524913382005176296818,2025-12-02T11:48:49.945068696
1.3.6.1.4.1.14519.5.2.1.1239.1759.142385185550421405472046942651,CMMD,NO,https://doi.org/10.7937/tcia.eqde4b16,D2-0335,1.3.6.1.4.1.14519.5.2.1.1239.1759.645610034646173425534519817521,NA,07-18-2011,NA,NA,MG,Digital Mammography X-Ray Image Storage - For Presentation,1.2.840.10008.5.1.4.1.1.1.2,4,17.57 MB,./CMMD/D2-0335/1.3.6.1.4.1.14519.5.2.1.1239.1759.645610034646173425534519817521/1.3.6.1.4.1.14519.5.2.1.1239.1759.142385185550421405472046942651,2025-12-02T11:48:53.736926401
1.3.6.1.4.1.14519.5.2.1.1239.1759.179719881231588690706114572686,CMMD,NO,https://doi.org/10.7937/tcia.eqde4b16,D2-0337,1.3.6.1.4.1.14519.5.2.1.1239.1759.309714146789542060494310912152,NA,07-18-2010,NA,NA,MG,Digital Mammography X-Ray Image Storage - For Presentation,1.2.840.10008.5.1.4.1.1.1.2,4,17.57 MB,./CMMD/D2-0337/1.3.6.1.4.1.14519.5.2.1.1239.1759.309714146789542060494310912152/1.3.6.1.4.1.14519.5.2.1.1239.1759.179719881231588690706114572686,2025-12-02T11:49:00.71077298
1.3.6.1.4.1.14519.5.2.1.1239.1759.330614753774304625541421759400,CMMD,NO,https://doi.org/10.7937/tcia.eqde4b16,D2-0338,1.3.6.1.4.1.14519.5.2.1.1239.1759.697709533736083208327803035187,NA,07-18-2010,NA,NA,MG,Digital Mammography X-Ray Image Storage - For Presentation,1.2.840.10008.5.1.4.1.1.1.2,4,17.57 MB,./CMMD/D2-0338/1.3.6.1.4.1.14519.5.2.1.1239.1759.697709533736083208327803035187/1.3.6.1.4.1.14519.5.2.1.1239.1759.330614753774304625541421759400,2025-12-02T11:49:07.454004605
1.3.6.1.4.1.14519.5.2.1.1239.1759.247245452684952819602765871216,CMMD,NO,https://doi.org/10.7937/tcia.eqde4b16,D2-0336,1.3.6.1.4.1.14519.5.2.1.1239.1759.512772048859472945536361000704,NA,07-18-2011,NA,NA,MG,Digital Mammography X-Ray Image Storage - For Presentation,1.2.840.10008.5.1.4.1.1.1.2,4,17.57 MB,./CMMD/D2-0336/1.3.6.1.4.1.14519.5.2.1.1239.1759.512772048859472945536361000704/1.3.6.1.4.1.14519.5.2.1.1239.1759.247245452684952819602765871216,2025-12-02T11:49:11.061534347
1.3.6.1.4.1.14519.5.2.1.1239.1759.422297005842108452440316033849,CMMD,NO,https://doi.org/10.7937/tcia.eqde4b16,D2-0340,1.3.6.1.4.1.14519.5.2.1.1239.1759.867026987002267526767158757804,NA,07-18-2010,NA,NA,MG,Digital Mammography X-Ray Image Storage - For Presentation,1.2.840.10008.5.1.4.1.1.1.2,4,17.57 MB,./CMMD/D2-0340/1.3.6.1.4.1.14519.5.2.1.1239.1759.867026987002267526767158757804/1.3.6.1.4.1.14519.5.2.1.1239.1759.422297005842108452440316033849,2025-12-02T11:49:16.285069016
1.3.6.1.4.1.14519.5.2.1.1239.1759.112426801394604654252245563847,CMMD,NO,https://doi.org/10.7937/tcia.eqde4b16,D2-0339,1.3.6.1.4.1.14519.5.2.1.1239.1759.331644931859499776099121190214,NA,07-18-2011,NA,NA,MG,Digital Mammography X-Ray Image Storage - For Presentation,1.2.840.10008.5.1.4.1.1.1.2,4,17.57 MB,./CMMD/D2-0339/1.3.6.1.4.1.14519.5.2.1.1239.1759.331644931859499776099121190214/1.3.6.1.4.1.14519.5.2.1.1239.1759.112426801394604654252245563847,2025-12-02T11:49:20.594968401
1.3.6.1.4.1.14519.5.2.1.1239.1759.150765681161078254600319706142,CMMD,NO,https://doi.org/10.7937/tcia.eqde4b16,D2-0341,1.3.6.1.4.1.14519.5.2.1.1239.1759.147610489263672280950582666192,NA,07-18-2010,NA,NA,MG,Digital Mammography X-Ray Image Storage - For Presentation,1.2.840.10008.5.1.4.1.1.1.2,4,17.57 MB,./CMMD/D2-0341/1.3.6.1.4.1.14519.5.2.1.1239.1759.147610489263672280950582666192/1.3.6.1.4.1.14519.5.2.1.1239.1759.150765681161078254600319706142,2025-12-02T11:49:29.123656041
1.3.6.1.4.1.14519.5.2.1.1239.1759.101631185461808289841255871190,CMMD,NO,https://doi.org/10.7937/tcia.eqde4b16,D2-0343,1.3.6.1.4.1.14519.5.2.1.1239.1759.251865515896534188282576862803,NA,07-18-2010,NA,NA,MG,Digital Mammography X-Ray Image Storage - For Presentation,1.2.840.10008.5.1.4.1.1.1.2,4,17.57 MB,./CMMD/D2-0343/1.3.6.1.4.1.14519.5.2.1.1239.1759.251865515896534188282576862803/1.3.6.1.4.1.14519.5.2.1.1239.1759.101631185461808289841255871190,2025-12-02T11:49:29.759166876
1.3.6.1.4.1.14519.5.2.1.1239.1759.123947796184150689726463088321,CMMD,NO,https://doi.org/10.7937/tcia.eqde4b16,D2-0345,1.3.6.1.4.1.14519.5.2.1.1239.1759.138728644577404177779544020418,NA,07-18-2011,NA,NA,MG,Digital Mammography X-Ray Image Storage - For Presentation,1.2.840.10008.5.1.4.1.1.1.2,4,17.57 MB,./CMMD/D2-0345/1.3.6.1.4.1.14519.5.2.1.1239.1759.138728644577404177779544020418/1.3.6.1.4.1.14519.5.2.1.1239.1759.123947796184150689726463088321,2025-12-02T11:49:41.096109145
1.3.6.1.4.1.14519.5.2.1.1239.1759.237612676638450263363270131740,CMMD,NO,https://doi.org/10.7937/tcia.eqde4b16,D2-0344,1.3.6.1.4.1.14519.5.2.1.1239.1759.297932839374252406034449041520,NA,07-18-2010,NA,NA,MG,Digital Mammography X-Ray Image Storage - For Presentation,1.2.840.10008.5.1.4.1.1.1.2,4,17.57 MB,./CMMD/D2-0344/1.3.6.1.4.1.14519.5.2.1.1239.1759.297932839374252406034449041520/1.3.6.1.4.1.14519.5.2.1.1239.1759.237612676638450263363270131740,2025-12-02T11:49:41.471488137
1.3.6.1.4.1.14519.5.2.1.1239.1759.130545750510263171652844812190,CMMD,NO,https://doi.org/10.7937/tcia.eqde4b16,D2-0346,1.3.6.1.4.1.14519.5.2.1.1239.1759.244267814583419768016383959945,NA,07-18-2009,NA,NA,MG,Digital Mammography X-Ray Image Storage - For Presentation,1.2.840.10008.5.1.4.1.1.1.2,4,17.57 MB,./CMMD/D2-0346/1.3.6.1.4.1.14519.5.2.1.1239.1759.244267814583419768016383959945/1.3.6.1.4.1.14519.5.2.1.1239.1759.130545750510263171652844812190,2025-12-02T11:49:49.738988842
1.3.6.1.4.1.14519.5.2.1.1239.1759.248417290915009270167137634247,CMMD,NO,https://doi.org/10.7937/tcia.eqde4b16,D2-0342,1.3.6.1.4.1.14519.5.2.1.1239.1759.112908396118744194513749054835,NA,07-18-2011,NA,NA,MG,Digital Mammography X-Ray Image Storage - For Presentation,1.2.840.10008.5.1.4.1.1.1.2,4,17.57 MB,./CMMD/D2-0342/1.3.6.1.4.1.14519.5.2.1.1239.1759.112908396118744194513749054835/1.3.6.1.4.1.14519.5.2.1.1239.1759.248417290915009270167137634247,2025-12-02T11:49:51.30398695
1.3.6.1.4.1.14519.5.2.1.1239.1759.265666217888468038123040186191,CMMD,NO,https://doi.org/10.7937/tcia.eqde4b16,D2-0347,1.3.6.1.4.1.14519.5.2.1.1239.1759.921514421630359626107337638291,NA,07-18-2010,NA,NA,MG,Digital Mammography X-Ray Image Storage - For Presentation,1.2.840.10008.5.1.4.1.1.1.2,4,17.57 MB,./CMMD/D2-0347/1.3.6.1.4.1.14519.5.2.1.1239.1759.921514421630359626107337638291/1.3.6.1.4.1.14519.5.2.1.1239.1759.265666217888468038123040186191,2025-12-02T11:50:00.172047903
1.3.6.1.4.1.14519.5.2.1.1239.1759.282032014098651216568626143331,CMMD,NO,https://doi.org/10.7937/tcia.eqde4b16,D2-0349,1.3.6.1.4.1.14519.5.2.1.1239.1759.258323181923688224360709020340,NA,07-18-2010,NA,NA,MG,Digital Mammography X-Ray Image Storage - For Presentation,1.2.840.10008.5.1.4.1.1.1.2,4,17.57 MB,./CMMD/D2-0349/1.3.6.1.4.1.14519.5.2.1.1239.1759.258323181923688224360709020340/1.3.6.1.4.1.14519.5.2.1.1239.1759.282032014098651216568626143331,2025-12-02T11:50:01.560904357
1.3.6.1.4.1.14519.5.2.1.1239.1759.337331553213758306268752224403,CMMD,NO,https://doi.org/10.7937/tcia.eqde4b16,D2-0350,1.3.6.1.4.1.14519.5.2.1.1239.1759.271038782258211891431765114814,NA,07-18-2010,NA,NA,MG,Digital Mammography X-Ray Image Storage - For Presentation,1.2.840.10008.5.1.4.1.1.1.2,4,17.57 MB,./CMMD/D2-0350/1.3.6.1.4.1.14519.5.2.1.1239.1759.271038782258211891431765114814/1.3.6.1.4.1.14519.5.2.1.1239.1759.337331553213758306268752224403,2025-12-02T11:50:06.787293445
1.3.6.1.4.1.14519.5.2.1.1239.1759.196824741816452750480256219898,CMMD,NO,https://doi.org/10.7937/tcia.eqde4b16,D2-0348,1.3.6.1.4.1.14519.5.2.1.1239.1759.711347000277506728872243922919,NA,07-18-2010,NA,NA,MG,Digital Mammography X-Ray Image Storage - For Presentation,1.2.840.10008.5.1.4.1.1.1.2,4,17.57 MB,./CMMD/D2-0348/1.3.6.1.4.1.14519.5.2.1.1239.1759.711347000277506728872243922919/1.3.6.1.4.1.14519.5.2.1.1239.1759.196824741816452750480256219898,2025-12-02T11:50:15.324831592
1.3.6.1.4.1.14519.5.2.1.1239.1759.338878731212281477376963264397,CMMD,NO,https://doi.org/10.7937/tcia.eqde4b16,D2-0352,1.3.6.1.4.1.14519.5.2.1.1239.1759.338885531447699146052292539884,NA,07-18-2010,NA,NA,MG,Digital Mammography X-Ray Image Storage - For Presentation,1.2.840.10008.5.1.4.1.1.1.2,4,17.57 MB,./CMMD/D2-0352/1.3.6.1.4.1.14519.5.2.1.1239.1759.338885531447699146052292539884/1.3.6.1.4.1.14519.5.2.1.1239.1759.338878731212281477376963264397,2025-12-02T11:50:15.657113718
1.3.6.1.4.1.14519.5.2.1.1239.1759.228626043386540302722077428883,CMMD,NO,https://doi.org/10.7937/tcia.eqde4b16,D2-0354,1.3.6.1.4.1.14519.5.2.1.1239.1759.113287142868254009444674297493,NA,07-18-2010,NA,NA,MG,Digital Mammography X-Ray Image Storage - For Presentation,1.2.840.10008.5.1.4.1.1.1.2,4,17.57 MB,./CMMD/D2-0354/1.3.6.1.4.1.14519.5.2.1.1239.1759.113287142868254009444674297493/1.3.6.1.4.1.14519.5.2.1.1239.1759.228626043386540302722077428883,2025-12-02T11:50:31.548145635
1.3.6.1.4.1.14519.5.2.1.1239.1759.566226483691454317993163699678,CMMD,NO,https://doi.org/10.7937/tcia.eqde4b16,D2-0353,1.3.6.1.4.1.14519.5.2.1.1239.1759.210785151394713644477681317345,NA,07-18-2010,NA,NA,MG,Digital Mammography X-Ray Image Storage - For Presentation,1.2.840.10008.5.1.4.1.1.1.2,4,17.57 MB,./CMMD/D2-0353/1.3.6.1.4.1.14519.5.2.1.1239.1759.210785151394713644477681317345/1.3.6.1.4.1.14519.5.2.1.1239.1759.566226483691454317993163699678,2025-12-02T11:50:33.655390527
1.3.6.1.4.1.14519.5.2.1.1239.1759.174480155807738529082848624951,CMMD,NO,https://doi.org/10.7937/tcia.eqde4b16,D2-0351,1.3.6.1.4.1.14519.5.2.1.1239.1759.300345377677663323164325232295,NA,07-18-2010,NA,NA,MG,Digital Mammography X-Ray Image Storage - For Presentation,1.2.840.10008.5.1.4.1.1.1.2,4,17.57 MB,./CMMD/D2-0351/1.3.6.1.4.1.14519.5.2.1.1239.1759.300345377677663323164325232295/1.3.6.1.4.1.14519.5.2.1.1239.1759.174480155807738529082848624951,2025-12-02T11:50:34.125063513
1.3.6.1.4.1.14519.5.2.1.1239.1759.314678196055051824004033627344,CMMD,NO,https://doi.org/10.7937/tcia.eqde4b16,D2-0355,1.3.6.1.4.1.14519.5.2.1.1239.1759.142205876615233830798743347106,NA,07-18-2010,NA,NA,MG,Digital Mammography X-Ray Image Storage - For Presentation,1.2.840.10008.5.1.4.1.1.1.2,4,17.57 MB,./CMMD/D2-0355/1.3.6.1.4.1.14519.5.2.1.1239.1759.142205876615233830798743347106/1.3.6.1.4.1.14519.5.2.1.1239.1759.314678196055051824004033627344,2025-12-02T11:50:47.641879504
1.3.6.1.4.1.14519.5.2.1.1239.1759.247689004363175383884646609934,CMMD,NO,https://doi.org/10.7937/tcia.eqde4b16,D2-0357,1.3.6.1.4.1.14519.5.2.1.1239.1759.283923038061499952741896782969,NA,07-18-2010,NA,NA,MG,Digital Mammography X-Ray Image Storage - For Presentation,1.2.840.10008.5.1.4.1.1.1.2,4,17.57 MB,./CMMD/D2-0357/1.3.6.1.4.1.14519.5.2.1.1239.1759.283923038061499952741896782969/1.3.6.1.4.1.14519.5.2.1.1239.1759.247689004363175383884646609934,2025-12-02T11:50:53.12469582
1.3.6.1.4.1.14519.5.2.1.1239.1759.945330310678612803843291793033,CMMD,NO,https://doi.org/10.7937/tcia.eqde4b16,D2-0358,1.3.6.1.4.1.14519.5.2.1.1239.1759.268591047151945253234119838557,NA,07-18-2010,NA,NA,MG,Digital Mammography X-Ray Image Storage - For Presentation,1.2.840.10008.5.1.4.1.1.1.2,4,17.57 MB,./CMMD/D2-0358/1.3.6.1.4.1.14519.5.2.1.1239.1759.268591047151945253234119838557/1.3.6.1.4.1.14519.5.2.1.1239.1759.945330310678612803843291793033,2025-12-02T11:50:57.170627439
1.3.6.1.4.1.14519.5.2.1.1239.1759.207765652180657700215551519974,CMMD,NO,https://doi.org/10.7937/tcia.eqde4b16,D2-0356,1.3.6.1.4.1.14519.5.2.1.1239.1759.313202063902113106784172442373,NA,07-18-2010,NA,NA,MG,Digital Mammography X-Ray Image Storage - For Presentation,1.2.840.10008.5.1.4.1.1.1.2,4,17.57 MB,./CMMD/D2-0356/1.3.6.1.4.1.14519.5.2.1.1239.1759.313202063902113106784172442373/1.3.6.1.4.1.14519.5.2.1.1239.1759.207765652180657700215551519974,2025-12-02T11:51:00.673983886
1.3.6.1.4.1.14519.5.2.1.1239.1759.211239367796636280607646641613,CMMD,NO,https://doi.org/10.7937/tcia.eqde4b16,D2-0359,1.3.6.1.4.1.14519.5.2.1.1239.1759.108864365600256846148324452950,NA,07-18-2010,NA,NA,MG,Digital Mammography X-Ray Image Storage - For Presentation,1.2.840.10008.5.1.4.1.1.1.2,4,17.57 MB,./CMMD/D2-0359/1.3.6.1.4.1.14519.5.2.1.1239.1759.108864365600256846148324452950/1.3.6.1.4.1.14519.5.2.1.1239.1759.211239367796636280607646641613,2025-12-02T11:51:01.275686332
1.3.6.1.4.1.14519.5.2.1.1239.1759.828995834780516857546460945190,CMMD,NO,https://doi.org/10.7937/tcia.eqde4b16,D2-0361,1.3.6.1.4.1.14519.5.2.1.1239.1759.202245580937853537919527928878,NA,07-18-2010,NA,NA,MG,Digital Mammography X-Ray Image Storage - For Presentation,1.2.840.10008.5.1.4.1.1.1.2,4,17.57 MB,./CMMD/D2-0361/1.3.6.1.4.1.14519.5.2.1.1239.1759.202245580937853537919527928878/1.3.6.1.4.1.14519.5.2.1.1239.1759.828995834780516857546460945190,2025-12-02T11:51:10.587078464
1.3.6.1.4.1.14519.5.2.1.1239.1759.218125552916672611804375999512,CMMD,NO,https://doi.org/10.7937/tcia.eqde4b16,D2-0360,1.3.6.1.4.1.14519.5.2.1.1239.1759.142439212512117792623544556083,NA,07-18-2010,NA,NA,MG,Digital Mammography X-Ray Image Storage - For Presentation,1.2.840.10008.5.1.4.1.1.1.2,4,17.57 MB,./CMMD/D2-0360/1.3.6.1.4.1.14519.5.2.1.1239.1759.142439212512117792623544556083/1.3.6.1.4.1.14519.5.2.1.1239.1759.218125552916672611804375999512,2025-12-02T11:51:15.404091366
1.3.6.1.4.1.14519.5.2.1.1239.1759.132231809561725124277276570742,CMMD,NO,https://doi.org/10.7937/tcia.eqde4b16,D2-0363,1.3.6.1.4.1.14519.5.2.1.1239.1759.254830106403509442687377317175,NA,07-18-2010,NA,NA,MG,Digital Mammography X-Ray Image Storage - For Presentation,1.2.840.10008.5.1.4.1.1.1.2,4,17.57 MB,./CMMD/D2-0363/1.3.6.1.4.1.14519.5.2.1.1239.1759.254830106403509442687377317175/1.3.6.1.4.1.14519.5.2.1.1239.1759.132231809561725124277276570742,2025-12-02T11:51:17.854961231
1.3.6.1.4.1.14519.5.2.1.1239.1759.276846710640122450324540229650,CMMD,NO,https://doi.org/10.7937/tcia.eqde4b16,D2-0362,1.3.6.1.4.1.14519.5.2.1.1239.1759.676975883381294104146247666132,NA,07-18-2010,NA,NA,MG,Digital Mammography X-Ray Image Storage - For Presentation,1.2.840.10008.5.1.4.1.1.1.2,4,17.57 MB,./CMMD/D2-0362/1.3.6.1.4.1.14519.5.2.1.1239.1759.676975883381294104146247666132/1.3.6.1.4.1.14519.5.2.1.1239.1759.276846710640122450324540229650,2025-12-02T11:51:29.594078398
1.3.6.1.4.1.14519.5.2.1.1239.1759.273426155333362906151478746276,CMMD,NO,https://doi.org/10.7937/tcia.eqde4b16,D2-0365,1.3.6.1.4.1.14519.5.2.1.1239.1759.361185888471066023090214749844,NA,07-18-2010,NA,NA,MG,Digital Mammography X-Ray Image Storage - For Presentation,1.2.840.10008.5.1.4.1.1.1.2,4,17.57 MB,./CMMD/D2-0365/1.3.6.1.4.1.14519.5.2.1.1239.1759.361185888471066023090214749844/1.3.6.1.4.1.14519.5.2.1.1239.1759.273426155333362906151478746276,2025-12-02T11:51:30.692966967
1.3.6.1.4.1.14519.5.2.1.1239.1759.221977835907103414528425904625,CMMD,NO,https://doi.org/10.7937/tcia.eqde4b16,D2-0364,1.3.6.1.4.1.14519.5.2.1.1239.1759.880034835855550488001681531176,NA,07-18-2010,NA,NA,MG,Digital Mammography X-Ray Image Storage - For Presentation,1.2.840.10008.5.1.4.1.1.1.2,4,17.57 MB,./CMMD/D2-0364/1.3.6.1.4.1.14519.5.2.1.1239.1759.880034835855550488001681531176/1.3.6.1.4.1.14519.5.2.1.1239.1759.221977835907103414528425904625,2025-12-02T11:51:35.561766178
1.3.6.1.4.1.14519.5.2.1.1239.1759.293994418170098068399760390057,CMMD,NO,https://doi.org/10.7937/tcia.eqde4b16,D2-0367,1.3.6.1.4.1.14519.5.2.1.1239.1759.116847178550168786854726202355,NA,07-18-2010,NA,NA,MG,Digital Mammography X-Ray Image Storage - For Presentation,1.2.840.10008.5.1.4.1.1.1.2,4,17.57 MB,./CMMD/D2-0367/1.3.6.1.4.1.14519.5.2.1.1239.1759.116847178550168786854726202355/1.3.6.1.4.1.14519.5.2.1.1239.1759.293994418170098068399760390057,2025-12-02T11:51:44.839131738
1.3.6.1.4.1.14519.5.2.1.1239.1759.887467498044824983490619801689,CMMD,NO,https://doi.org/10.7937/tcia.eqde4b16,D2-0368,1.3.6.1.4.1.14519.5.2.1.1239.1759.255721392418213202625651825488,NA,07-18-2010,NA,NA,MG,Digital Mammography X-Ray Image Storage - For Presentation,1.2.840.10008.5.1.4.1.1.1.2,4,17.57 MB,./CMMD/D2-0368/1.3.6.1.4.1.14519.5.2.1.1239.1759.255721392418213202625651825488/1.3.6.1.4.1.14519.5.2.1.1239.1759.887467498044824983490619801689,2025-12-02T11:51:47.512635107
1.3.6.1.4.1.14519.5.2.1.1239.1759.135914162451161156567115758770,CMMD,NO,https://doi.org/10.7937/tcia.eqde4b16,D2-0366,1.3.6.1.4.1.14519.5.2.1.1239.1759.697666912913827974399442790687,NA,07-18-2010,NA,NA,MG,Digital Mammography X-Ray Image Storage - For Presentation,1.2.840.10008.5.1.4.1.1.1.2,4,17.57 MB,./CMMD/D2-0366/1.3.6.1.4.1.14519.5.2.1.1239.1759.697666912913827974399442790687/1.3.6.1.4.1.14519.5.2.1.1239.1759.135914162451161156567115758770,2025-12-02T11:51:49.564380379
1.3.6.1.4.1.14519.5.2.1.1239.1759.137042476943265546585251627800,CMMD,NO,https://doi.org/10.7937/tcia.eqde4b16,D2-0370,1.3.6.1.4.1.14519.5.2.1.1239.1759.119122542351421157916089661049,NA,07-18-2010,NA,NA,MG,Digital Mammography X-Ray Image Storage - For Presentation,1.2.840.10008.5.1.4.1.1.1.2,4,17.57 MB,./CMMD/D2-0370/1.3.6.1.4.1.14519.5.2.1.1239.1759.119122542351421157916089661049/1.3.6.1.4.1.14519.5.2.1.1239.1759.137042476943265546585251627800,2025-12-02T11:51:55.121264505
1.3.6.1.4.1.14519.5.2.1.1239.1759.479200984460072026984523634413,CMMD,NO,https://doi.org/10.7937/tcia.eqde4b16,D2-0369,1.3.6.1.4.1.14519.5.2.1.1239.1759.137742674494712728487789089115,NA,07-18-2010,NA,NA,MG,Digital Mammography X-Ray Image Storage - For Presentation,1.2.840.10008.5.1.4.1.1.1.2,4,17.57 MB,./CMMD/D2-0369/1.3.6.1.4.1.14519.5.2.1.1239.1759.137742674494712728487789089115/1.3.6.1.4.1.14519.5.2.1.1239.1759.479200984460072026984523634413,2025-12-02T11:52:09.49199879
1.3.6.1.4.1.14519.5.2.1.1239.1759.241223758118021141487342215782,CMMD,NO,https://doi.org/10.7937/tcia.eqde4b16,D2-0372,1.3.6.1.4.1.14519.5.2.1.1239.1759.424406652968485060233007477826,NA,07-18-2010,NA,NA,MG,Digital Mammography X-Ray Image Storage - For Presentation,1.2.840.10008.5.1.4.1.1.1.2,4,17.57 MB,./CMMD/D2-0372/1.3.6.1.4.1.14519.5.2.1.1239.1759.424406652968485060233007477826/1.3.6.1.4.1.14519.5.2.1.1239.1759.241223758118021141487342215782,2025-12-02T11:52:11.86991849
1.3.6.1.4.1.14519.5.2.1.1239.1759.230984615809868839786687054575,CMMD,NO,https://doi.org/10.7937/tcia.eqde4b16,D2-0371,1.3.6.1.4.1.14519.5.2.1.1239.1759.216848036350478898393239153959,NA,07-18-2010,NA,NA,MG,Digital Mammography X-Ray Image Storage - For Presentation,1.2.840.10008.5.1.4.1.1.1.2,4,17.57 MB,./CMMD/D2-0371/1.3.6.1.4.1.14519.5.2.1.1239.1759.216848036350478898393239153959/1.3.6.1.4.1.14519.5.2.1.1239.1759.230984615809868839786687054575,2025-12-02T11:52:13.303228368
1.3.6.1.4.1.14519.5.2.1.1239.1759.200380642662702031072075935899,CMMD,NO,https://doi.org/10.7937/tcia.eqde4b16,D2-0373,1.3.6.1.4.1.14519.5.2.1.1239.1759.574663186033504634619082105586,NA,07-18-2010,NA,NA,MG,Digital Mammography X-Ray Image Storage - For Presentation,1.2.840.10008.5.1.4.1.1.1.2,4,17.57 MB,./CMMD/D2-0373/1.3.6.1.4.1.14519.5.2.1.1239.1759.574663186033504634619082105586/1.3.6.1.4.1.14519.5.2.1.1239.1759.200380642662702031072075935899,2025-12-02T11:52:17.162551799
1.3.6.1.4.1.14519.5.2.1.1239.1759.221984743186619364951128119484,CMMD,NO,https://doi.org/10.7937/tcia.eqde4b16,D2-0375,1.3.6.1.4.1.14519.5.2.1.1239.1759.703504113096207973399704782630,NA,07-18-2010,NA,NA,MG,Digital Mammography X-Ray Image Storage - For Presentation,1.2.840.10008.5.1.4.1.1.1.2,4,17.57 MB,./CMMD/D2-0375/1.3.6.1.4.1.14519.5.2.1.1239.1759.703504113096207973399704782630/1.3.6.1.4.1.14519.5.2.1.1239.1759.221984743186619364951128119484,2025-12-02T11:52:26.301170748
1.3.6.1.4.1.14519.5.2.1.1239.1759.484789882113651358128668658485,CMMD,NO,https://doi.org/10.7937/tcia.eqde4b16,D2-0374,1.3.6.1.4.1.14519.5.2.1.1239.1759.164240405456909768579389260423,NA,07-18-2010,NA,NA,MG,Digital Mammography X-Ray Image Storage - For Presentation,1.2.840.10008.5.1.4.1.1.1.2,4,17.57 MB,./CMMD/D2-0374/1.3.6.1.4.1.14519.5.2.1.1239.1759.164240405456909768579389260423/1.3.6.1.4.1.14519.5.2.1.1239.1759.484789882113651358128668658485,2025-12-02T11:52:29.847261396
1.3.6.1.4.1.14519.5.2.1.1239.1759.130152510699402509370971903635,CMMD,NO,https://doi.org/10.7937/tcia.eqde4b16,D2-0376,1.3.6.1.4.1.14519.5.2.1.1239.1759.838914563116996184803235825608,NA,07-18-2010,NA,NA,MG,Digital Mammography X-Ray Image Storage - For Presentation,1.2.840.10008.5.1.4.1.1.1.2,4,17.57 MB,./CMMD/D2-0376/1.3.6.1.4.1.14519.5.2.1.1239.1759.838914563116996184803235825608/1.3.6.1.4.1.14519.5.2.1.1239.1759.130152510699402509370971903635,2025-12-02T11:52:39.955359377
1.3.6.1.4.1.14519.5.2.1.1239.1759.227227178316310576472922667336,CMMD,NO,https://doi.org/10.7937/tcia.eqde4b16,D2-0377,1.3.6.1.4.1.14519.5.2.1.1239.1759.717850526352634947596245814878,NA,07-18-2010,NA,NA,MG,Digital Mammography X-Ray Image Storage - For Presentation,1.2.840.10008.5.1.4.1.1.1.2,4,17.57 MB,./CMMD/D2-0377/1.3.6.1.4.1.14519.5.2.1.1239.1759.717850526352634947596245814878/1.3.6.1.4.1.14519.5.2.1.1239.1759.227227178316310576472922667336,2025-12-02T11:52:45.825527994
1.3.6.1.4.1.14519.5.2.1.1239.1759.101492456955602820983057175349,CMMD,NO,https://doi.org/10.7937/tcia.eqde4b16,D2-0379,1.3.6.1.4.1.14519.5.2.1.1239.1759.118584572877039418461030231785,NA,07-18-2010,NA,NA,MG,Digital Mammography X-Ray Image Storage - For Presentation,1.2.840.10008.5.1.4.1.1.1.2,4,17.57 MB,./CMMD/D2-0379/1.3.6.1.4.1.14519.5.2.1.1239.1759.118584572877039418461030231785/1.3.6.1.4.1.14519.5.2.1.1239.1759.101492456955602820983057175349,2025-12-02T11:52:48.470473563
1.3.6.1.4.1.14519.5.2.1.1239.1759.286261370852873000702193092103,CMMD,NO,https://doi.org/10.7937/tcia.eqde4b16,D2-0380,1.3.6.1.4.1.14519.5.2.1.1239.1759.258126977003110394814528424338,NA,07-18-2010,NA,NA,MG,Digital Mammography X-Ray Image Storage - For Presentation,1.2.840.10008.5.1.4.1.1.1.2,4,17.57 MB,./CMMD/D2-0380/1.3.6.1.4.1.14519.5.2.1.1239.1759.258126977003110394814528424338/1.3.6.1.4.1.14519.5.2.1.1239.1759.286261370852873000702193092103,2025-12-02T11:52:54.592879031
1.3.6.1.4.1.14519.5.2.1.1239.1759.571567558460932029354384462648,CMMD,NO,https://doi.org/10.7937/tcia.eqde4b16,D2-0381,1.3.6.1.4.1.14519.5.2.1.1239.1759.736604709470860782083896855320,NA,07-18-2010,NA,NA,MG,Digital Mammography X-Ray Image Storage - For Presentation,1.2.840.10008.5.1.4.1.1.1.2,4,17.57 MB,./CMMD/D2-0381/1.3.6.1.4.1.14519.5.2.1.1239.1759.736604709470860782083896855320/1.3.6.1.4.1.14519.5.2.1.1239.1759.571567558460932029354384462648,2025-12-02T11:53:04.984573631
1.3.6.1.4.1.14519.5.2.1.1239.1759.925002698698378645666969633747,CMMD,NO,https://doi.org/10.7937/tcia.eqde4b16,D2-0382,1.3.6.1.4.1.14519.5.2.1.1239.1759.150718849313899872312512489782,NA,07-18-2010,NA,NA,MG,Digital Mammography X-Ray Image Storage - For Presentation,1.2.840.10008.5.1.4.1.1.1.2,4,17.57 MB,./CMMD/D2-0382/1.3.6.1.4.1.14519.5.2.1.1239.1759.150718849313899872312512489782/1.3.6.1.4.1.14519.5.2.1.1239.1759.925002698698378645666969633747,2025-12-02T11:53:05.65438173
1.3.6.1.4.1.14519.5.2.1.1239.1759.321836830005715500008210775877,CMMD,NO,https://doi.org/10.7937/tcia.eqde4b16,D2-0378,1.3.6.1.4.1.14519.5.2.1.1239.1759.339226602779155525206034760618,NA,07-18-2010,NA,NA,MG,Digital Mammography X-Ray Image Storage - For Presentation,1.2.840.10008.5.1.4.1.1.1.2,4,17.57 MB,./CMMD/D2-0378/1.3.6.1.4.1.14519.5.2.1.1239.1759.339226602779155525206034760618/1.3.6.1.4.1.14519.5.2.1.1239.1759.321836830005715500008210775877,2025-12-02T11:53:11.117276786
1.3.6.1.4.1.14519.5.2.1.1239.1759.192703405465554126501946143711,CMMD,NO,https://doi.org/10.7937/tcia.eqde4b16,D2-0384,1.3.6.1.4.1.14519.5.2.1.1239.1759.315207144890030138889513367527,NA,07-18-2010,NA,NA,MG,Digital Mammography X-Ray Image Storage - For Presentation,1.2.840.10008.5.1.4.1.1.1.2,4,17.57 MB,./CMMD/D2-0384/1.3.6.1.4.1.14519.5.2.1.1239.1759.315207144890030138889513367527/1.3.6.1.4.1.14519.5.2.1.1239.1759.192703405465554126501946143711,2025-12-02T11:53:16.345806424
1.3.6.1.4.1.14519.5.2.1.1239.1759.333133225100689336655155341483,CMMD,NO,https://doi.org/10.7937/tcia.eqde4b16,D2-0383,1.3.6.1.4.1.14519.5.2.1.1239.1759.331706824383515944190550455393,NA,07-18-2010,NA,NA,MG,Digital Mammography X-Ray Image Storage - For Presentation,1.2.840.10008.5.1.4.1.1.1.2,4,17.57 MB,./CMMD/D2-0383/1.3.6.1.4.1.14519.5.2.1.1239.1759.331706824383515944190550455393/1.3.6.1.4.1.14519.5.2.1.1239.1759.333133225100689336655155341483,2025-12-02T11:53:19.075893752
1.3.6.1.4.1.14519.5.2.1.1239.1759.958461334791134664871559384075,CMMD,NO,https://doi.org/10.7937/tcia.eqde4b16,D2-0385,1.3.6.1.4.1.14519.5.2.1.1239.1759.296249359788175729857455614078,NA,07-18-2010,NA,NA,MG,Digital Mammography X-Ray Image Storage - For Presentation,1.2.840.10008.5.1.4.1.1.1.2,4,17.57 MB,./CMMD/D2-0385/1.3.6.1.4.1.14519.5.2.1.1239.1759.296249359788175729857455614078/1.3.6.1.4.1.14519.5.2.1.1239.1759.958461334791134664871559384075,2025-12-02T11:53:23.226928758
1.3.6.1.4.1.14519.5.2.1.1239.1759.310510688998828782057438438821,CMMD,NO,https://doi.org/10.7937/tcia.eqde4b16,D2-0387,1.3.6.1.4.1.14519.5.2.1.1239.1759.182486085626008952178672042748,NA,07-18-2010,NA,NA,MG,Digital Mammography X-Ray Image Storage - For Presentation,1.2.840.10008.5.1.4.1.1.1.2,4,17.57 MB,./CMMD/D2-0387/1.3.6.1.4.1.14519.5.2.1.1239.1759.182486085626008952178672042748/1.3.6.1.4.1.14519.5.2.1.1239.1759.310510688998828782057438438821,2025-12-02T11:53:28.419201636
1.3.6.1.4.1.14519.5.2.1.1239.1759.268200743662974556778341211314,CMMD,NO,https://doi.org/10.7937/tcia.eqde4b16,D2-0386,1.3.6.1.4.1.14519.5.2.1.1239.1759.307058360829688273814942218013,NA,07-18-2010,NA,NA,MG,Digital Mammography X-Ray Image Storage - For Presentation,1.2.840.10008.5.1.4.1.1.1.2,4,17.57 MB,./CMMD/D2-0386/1.3.6.1.4.1.14519.5.2.1.1239.1759.307058360829688273814942218013/1.3.6.1.4.1.14519.5.2.1.1239.1759.268200743662974556778341211314,2025-12-02T11:53:30.708715377
1.3.6.1.4.1.14519.5.2.1.1239.1759.194354565914369158257452943319,CMMD,NO,https://doi.org/10.7937/tcia.eqde4b16,D2-0390,1.3.6.1.4.1.14519.5.2.1.1239.1759.324049542518095917503579697330,NA,07-18-2010,NA,NA,MG,Digital Mammography X-Ray Image Storage - For Presentation,1.2.840.10008.5.1.4.1.1.1.2,4,17.57 MB,./CMMD/D2-0390/1.3.6.1.4.1.14519.5.2.1.1239.1759.324049542518095917503579697330/1.3.6.1.4.1.14519.5.2.1.1239.1759.194354565914369158257452943319,2025-12-02T11:53:37.613216402
1.3.6.1.4.1.14519.5.2.1.1239.1759.627826070155269991934174894724,CMMD,NO,https://doi.org/10.7937/tcia.eqde4b16,D2-0391,1.3.6.1.4.1.14519.5.2.1.1239.1759.248626061548242399105686278762,NA,07-18-2010,NA,NA,MG,Digital Mammography X-Ray Image Storage - For Presentation,1.2.840.10008.5.1.4.1.1.1.2,4,17.57 MB,./CMMD/D2-0391/1.3.6.1.4.1.14519.5.2.1.1239.1759.248626061548242399105686278762/1.3.6.1.4.1.14519.5.2.1.1239.1759.627826070155269991934174894724,2025-12-02T11:53:45.420474988
1.3.6.1.4.1.14519.5.2.1.1239.1759.243640748792246759089298714709,CMMD,NO,https://doi.org/10.7937/tcia.eqde4b16,D2-0392,1.3.6.1.4.1.14519.5.2.1.1239.1759.718401606487574580529594591072,NA,07-18-2010,NA,NA,MG,Digital Mammography X-Ray Image Storage - For Presentation,1.2.840.10008.5.1.4.1.1.1.2,4,17.57 MB,./CMMD/D2-0392/1.3.6.1.4.1.14519.5.2.1.1239.1759.718401606487574580529594591072/1.3.6.1.4.1.14519.5.2.1.1239.1759.243640748792246759089298714709,2025-12-02T11:53:54.642094658
1.3.6.1.4.1.14519.5.2.1.1239.1759.199653937160676524067617856177,CMMD,NO,https://doi.org/10.7937/tcia.eqde4b16,D2-0389,1.3.6.1.4.1.14519.5.2.1.1239.1759.101720641641044055026453516410,NA,07-18-2010,NA,NA,MG,Digital Mammography X-Ray Image Storage - For Presentation,1.2.840.10008.5.1.4.1.1.1.2,4,17.57 MB,./CMMD/D2-0389/1.3.6.1.4.1.14519.5.2.1.1239.1759.101720641641044055026453516410/1.3.6.1.4.1.14519.5.2.1.1239.1759.199653937160676524067617856177,2025-12-02T11:53:57.671110563
1.3.6.1.4.1.14519.5.2.1.1239.1759.251763570746370275411661788396,CMMD,NO,https://doi.org/10.7937/tcia.eqde4b16,D2-0388,1.3.6.1.4.1.14519.5.2.1.1239.1759.298515860259217517291052803707,NA,07-18-2010,NA,NA,MG,Digital Mammography X-Ray Image Storage - For Presentation,1.2.840.10008.5.1.4.1.1.1.2,4,17.57 MB,./CMMD/D2-0388/1.3.6.1.4.1.14519.5.2.1.1239.1759.298515860259217517291052803707/1.3.6.1.4.1.14519.5.2.1.1239.1759.251763570746370275411661788396,2025-12-02T11:54:02.758239507
1.3.6.1.4.1.14519.5.2.1.1239.1759.226081151078154681436304518787,CMMD,NO,https://doi.org/10.7937/tcia.eqde4b16,D2-0395,1.3.6.1.4.1.14519.5.2.1.1239.1759.323093161863080041137480127452,NA,07-18-2010,NA,NA,MG,Digital Mammography X-Ray Image Storage - For Presentation,1.2.840.10008.5.1.4.1.1.1.2,4,17.57 MB,./CMMD/D2-0395/1.3.6.1.4.1.14519.5.2.1.1239.1759.323093161863080041137480127452/1.3.6.1.4.1.14519.5.2.1.1239.1759.226081151078154681436304518787,2025-12-02T11:54:12.347506108
1.3.6.1.4.1.14519.5.2.1.1239.1759.172794742560316960460882559309,CMMD,NO,https://doi.org/10.7937/tcia.eqde4b16,D2-0394,1.3.6.1.4.1.14519.5.2.1.1239.1759.334994427605750239733179444636,NA,07-18-2010,NA,NA,MG,Digital Mammography X-Ray Image Storage - For Presentation,1.2.840.10008.5.1.4.1.1.1.2,4,17.57 MB,./CMMD/D2-0394/1.3.6.1.4.1.14519.5.2.1.1239.1759.334994427605750239733179444636/1.3.6.1.4.1.14519.5.2.1.1239.1759.172794742560316960460882559309,2025-12-02T11:54:16.274009803
1.3.6.1.4.1.14519.5.2.1.1239.1759.414558554051235053853673986684,CMMD,NO,https://doi.org/10.7937/tcia.eqde4b16,D2-0396,1.3.6.1.4.1.14519.5.2.1.1239.1759.134841817129758019790083878279,NA,07-18-2010,NA,NA,MG,Digital Mammography X-Ray Image Storage - For Presentation,1.2.840.10008.5.1.4.1.1.1.2,4,17.57 MB,./CMMD/D2-0396/1.3.6.1.4.1.14519.5.2.1.1239.1759.134841817129758019790083878279/1.3.6.1.4.1.14519.5.2.1.1239.1759.414558554051235053853673986684,2025-12-02T11:54:19.776149102
1.3.6.1.4.1.14519.5.2.1.1239.1759.173707815196344683603658303777,CMMD,NO,https://doi.org/10.7937/tcia.eqde4b16,D2-0393,1.3.6.1.4.1.14519.5.2.1.1239.1759.175355820874844533624007056813,NA,07-18-2010,NA,NA,MG,Digital Mammography X-Ray Image Storage - For Presentation,1.2.840.10008.5.1.4.1.1.1.2,4,17.57 MB,./CMMD/D2-0393/1.3.6.1.4.1.14519.5.2.1.1239.1759.175355820874844533624007056813/1.3.6.1.4.1.14519.5.2.1.1239.1759.173707815196344683603658303777,2025-12-02T11:54:22.092643567
1.3.6.1.4.1.14519.5.2.1.1239.1759.163340034565159840240313232018,CMMD,NO,https://doi.org/10.7937/tcia.eqde4b16,D2-0397,1.3.6.1.4.1.14519.5.2.1.1239.1759.111872817737844510587368178844,NA,07-18-2010,NA,NA,MG,Digital Mammography X-Ray Image Storage - For Presentation,1.2.840.10008.5.1.4.1.1.1.2,4,17.57 MB,./CMMD/D2-0397/1.3.6.1.4.1.14519.5.2.1.1239.1759.111872817737844510587368178844/1.3.6.1.4.1.14519.5.2.1.1239.1759.163340034565159840240313232018,2025-12-02T11:54:25.464988634
1.3.6.1.4.1.14519.5.2.1.1239.1759.838450094186778881788826633604,CMMD,NO,https://doi.org/10.7937/tcia.eqde4b16,D2-0398,1.3.6.1.4.1.14519.5.2.1.1239.1759.553797852066350402794095962755,NA,07-18-2010,NA,NA,MG,Digital Mammography X-Ray Image Storage - For Presentation,1.2.840.10008.5.1.4.1.1.1.2,4,17.57 MB,./CMMD/D2-0398/1.3.6.1.4.1.14519.5.2.1.1239.1759.553797852066350402794095962755/1.3.6.1.4.1.14519.5.2.1.1239.1759.838450094186778881788826633604,2025-12-02T11:54:29.383945333
1.3.6.1.4.1.14519.5.2.1.1239.1759.926881214007472823313124879648,CMMD,NO,https://doi.org/10.7937/tcia.eqde4b16,D2-0400,1.3.6.1.4.1.14519.5.2.1.1239.1759.135973167163916403748810408585,NA,07-18-2010,NA,NA,MG,Digital Mammography X-Ray Image Storage - For Presentation,1.2.840.10008.5.1.4.1.1.1.2,4,17.57 MB,./CMMD/D2-0400/1.3.6.1.4.1.14519.5.2.1.1239.1759.135973167163916403748810408585/1.3.6.1.4.1.14519.5.2.1.1239.1759.926881214007472823313124879648,2025-12-02T11:54:37.567567338
1.3.6.1.4.1.14519.5.2.1.1239.1759.256563572710426124971837272194,CMMD,NO,https://doi.org/10.7937/tcia.eqde4b16,D2-0401,1.3.6.1.4.1.14519.5.2.1.1239.1759.180732558080099330677753555602,NA,07-18-2010,NA,NA,MG,Digital Mammography X-Ray Image Storage - For Presentation,1.2.840.10008.5.1.4.1.1.1.2,4,17.57 MB,./CMMD/D2-0401/1.3.6.1.4.1.14519.5.2.1.1239.1759.180732558080099330677753555602/1.3.6.1.4.1.14519.5.2.1.1239.1759.256563572710426124971837272194,2025-12-02T11:54:45.241200368
1.3.6.1.4.1.14519.5.2.1.1239.1759.121358499842334609713996256740,CMMD,NO,https://doi.org/10.7937/tcia.eqde4b16,D2-0399,1.3.6.1.4.1.14519.5.2.1.1239.1759.153433450700265877554325027150,NA,07-18-2010,NA,NA,MG,Digital Mammography X-Ray Image Storage - For Presentation,1.2.840.10008.5.1.4.1.1.1.2,4,17.57 MB,./CMMD/D2-0399/1.3.6.1.4.1.14519.5.2.1.1239.1759.153433450700265877554325027150/1.3.6.1.4.1.14519.5.2.1.1239.1759.121358499842334609713996256740,2025-12-02T11:54:46.208979205
1.3.6.1.4.1.14519.5.2.1.1239.1759.188719512891359088664532056645,CMMD,NO,https://doi.org/10.7937/tcia.eqde4b16,D2-0402,1.3.6.1.4.1.14519.5.2.1.1239.1759.269344066709299781305797063784,NA,07-18-2010,NA,NA,MG,Digital Mammography X-Ray Image Storage - For Presentation,1.2.840.10008.5.1.4.1.1.1.2,2,8.79 MB,./CMMD/D2-0402/1.3.6.1.4.1.14519.5.2.1.1239.1759.269344066709299781305797063784/1.3.6.1.4.1.14519.5.2.1.1239.1759.188719512891359088664532056645,2025-12-02T11:54:46.724785303
1.3.6.1.4.1.14519.5.2.1.1239.1759.166497322924161575520750513237,CMMD,NO,https://doi.org/10.7937/tcia.eqde4b16,D2-0403,1.3.6.1.4.1.14519.5.2.1.1239.1759.303779136587270302076330234625,NA,07-18-2010,NA,NA,MG,Digital Mammography X-Ray Image Storage - For Presentation,1.2.840.10008.5.1.4.1.1.1.2,4,17.57 MB,./CMMD/D2-0403/1.3.6.1.4.1.14519.5.2.1.1239.1759.303779136587270302076330234625/1.3.6.1.4.1.14519.5.2.1.1239.1759.166497322924161575520750513237,2025-12-02T11:54:53.005711319
1.3.6.1.4.1.14519.5.2.1.1239.1759.318047661248392739989709199643,CMMD,NO,https://doi.org/10.7937/tcia.eqde4b16,D2-0405,1.3.6.1.4.1.14519.5.2.1.1239.1759.245139958728028232101716486373,NA,07-18-2010,NA,NA,MG,Digital Mammography X-Ray Image Storage - For Presentation,1.2.840.10008.5.1.4.1.1.1.2,4,17.57 MB,./CMMD/D2-0405/1.3.6.1.4.1.14519.5.2.1.1239.1759.245139958728028232101716486373/1.3.6.1.4.1.14519.5.2.1.1239.1759.318047661248392739989709199643,2025-12-02T11:55:00.724996206
1.3.6.1.4.1.14519.5.2.1.1239.1759.312276644038429908464406519244,CMMD,NO,https://doi.org/10.7937/tcia.eqde4b16,D2-0404,1.3.6.1.4.1.14519.5.2.1.1239.1759.317634277358453280599769946970,NA,07-18-2010,NA,NA,MG,Digital Mammography X-Ray Image Storage - For Presentation,1.2.840.10008.5.1.4.1.1.1.2,4,17.57 MB,./CMMD/D2-0404/1.3.6.1.4.1.14519.5.2.1.1239.1759.317634277358453280599769946970/1.3.6.1.4.1.14519.5.2.1.1239.1759.312276644038429908464406519244,2025-12-02T11:55:06.898905408
1.3.6.1.4.1.14519.5.2.1.1239.1759.251731507674558723417810676085,CMMD,NO,https://doi.org/10.7937/tcia.eqde4b16,D2-0406,1.3.6.1.4.1.14519.5.2.1.1239.1759.185701940659382055993805980589,NA,07-18-2010,NA,NA,MG,Digital Mammography X-Ray Image Storage - For Presentation,1.2.840.10008.5.1.4.1.1.1.2,4,17.57 MB,./CMMD/D2-0406/1.3.6.1.4.1.14519.5.2.1.1239.1759.185701940659382055993805980589/1.3.6.1.4.1.14519.5.2.1.1239.1759.251731507674558723417810676085,2025-12-02T11:55:08.822533593
1.3.6.1.4.1.14519.5.2.1.1239.1759.234020052086902264371817963501,CMMD,NO,https://doi.org/10.7937/tcia.eqde4b16,D2-0408,1.3.6.1.4.1.14519.5.2.1.1239.1759.131064806879144493263348753879,NA,07-18-2010,NA,NA,MG,Digital Mammography X-Ray Image Storage - For Presentation,1.2.840.10008.5.1.4.1.1.1.2,4,17.57 MB,./CMMD/D2-0408/1.3.6.1.4.1.14519.5.2.1.1239.1759.131064806879144493263348753879/1.3.6.1.4.1.14519.5.2.1.1239.1759.234020052086902264371817963501,2025-12-02T11:55:15.503397608
1.3.6.1.4.1.14519.5.2.1.1239.1759.147936330086254124082332438921,CMMD,NO,https://doi.org/10.7937/tcia.eqde4b16,D2-0410,1.3.6.1.4.1.14519.5.2.1.1239.1759.330346585398113676829959409106,NA,07-18-2010,NA,NA,MG,Digital Mammography X-Ray Image Storage - For Presentation,1.2.840.10008.5.1.4.1.1.1.2,4,17.57 MB,./CMMD/D2-0410/1.3.6.1.4.1.14519.5.2.1.1239.1759.330346585398113676829959409106/1.3.6.1.4.1.14519.5.2.1.1239.1759.147936330086254124082332438921,2025-12-02T11:55:24.890504167
1.3.6.1.4.1.14519.5.2.1.1239.1759.183729360362629882464441110694,CMMD,NO,https://doi.org/10.7937/tcia.eqde4b16,D2-0407,1.3.6.1.4.1.14519.5.2.1.1239.1759.265419035601361411217961717336,NA,07-18-2011,NA,NA,MG,Digital Mammography X-Ray Image Storage - For Presentation,1.2.840.10008.5.1.4.1.1.1.2,4,17.57 MB,./CMMD/D2-0407/1.3.6.1.4.1.14519.5.2.1.1239.1759.265419035601361411217961717336/1.3.6.1.4.1.14519.5.2.1.1239.1759.183729360362629882464441110694,2025-12-02T11:55:27.216534247
1.3.6.1.4.1.14519.5.2.1.1239.1759.245795956918162086053891259026,CMMD,NO,https://doi.org/10.7937/tcia.eqde4b16,D2-0409,1.3.6.1.4.1.14519.5.2.1.1239.1759.281817641160950781977898171659,NA,07-18-2010,NA,NA,MG,Digital Mammography X-Ray Image Storage - For Presentation,1.2.840.10008.5.1.4.1.1.1.2,4,17.57 MB,./CMMD/D2-0409/1.3.6.1.4.1.14519.5.2.1.1239.1759.281817641160950781977898171659/1.3.6.1.4.1.14519.5.2.1.1239.1759.245795956918162086053891259026,2025-12-02T11:55:28.318392211
1.3.6.1.4.1.14519.5.2.1.1239.1759.659204204060051219846554050038,CMMD,NO,https://doi.org/10.7937/tcia.eqde4b16,D2-0413,1.3.6.1.4.1.14519.5.2.1.1239.1759.235466812702234953948895994806,NA,07-18-2010,NA,NA,MG,Digital Mammography X-Ray Image Storage - For Presentation,1.2.840.10008.5.1.4.1.1.1.2,4,17.57 MB,./CMMD/D2-0413/1.3.6.1.4.1.14519.5.2.1.1239.1759.235466812702234953948895994806/1.3.6.1.4.1.14519.5.2.1.1239.1759.659204204060051219846554050038,2025-12-02T11:55:39.90902807
1.3.6.1.4.1.14519.5.2.1.1239.1759.340045987537856072004263216957,CMMD,NO,https://doi.org/10.7937/tcia.eqde4b16,D2-0411,1.3.6.1.4.1.14519.5.2.1.1239.1759.149330898587190095194456757380,NA,07-18-2010,NA,NA,MG,Digital Mammography X-Ray Image Storage - For Presentation,1.2.840.10008.5.1.4.1.1.1.2,4,17.57 MB,./CMMD/D2-0411/1.3.6.1.4.1.14519.5.2.1.1239.1759.149330898587190095194456757380/1.3.6.1.4.1.14519.5.2.1.1239.1759.340045987537856072004263216957,2025-12-02T11:55:41.92064032
1.3.6.1.4.1.14519.5.2.1.1239.1759.310639640404435885216988331666,CMMD,NO,https://doi.org/10.7937/tcia.eqde4b16,D2-0414,1.3.6.1.4.1.14519.5.2.1.1239.1759.308159995401649438890590187095,NA,07-18-2010,NA,NA,MG,Digital Mammography X-Ray Image Storage - For Presentation,1.2.840.10008.5.1.4.1.1.1.2,4,17.57 MB,./CMMD/D2-0414/1.3.6.1.4.1.14519.5.2.1.1239.1759.308159995401649438890590187095/1.3.6.1.4.1.14519.5.2.1.1239.1759.310639640404435885216988331666,2025-12-02T11:55:49.794072765
1.3.6.1.4.1.14519.5.2.1.1239.1759.237487844283163784548827372757,CMMD,NO,https://doi.org/10.7937/tcia.eqde4b16,D2-0415,1.3.6.1.4.1.14519.5.2.1.1239.1759.745843765102872426154424791678,NA,07-18-2010,NA,NA,MG,Digital Mammography X-Ray Image Storage - For Presentation,1.2.840.10008.5.1.4.1.1.1.2,4,17.57 MB,./CMMD/D2-0415/1.3.6.1.4.1.14519.5.2.1.1239.1759.745843765102872426154424791678/1.3.6.1.4.1.14519.5.2.1.1239.1759.237487844283163784548827372757,2025-12-02T11:55:54.199730622
1.3.6.1.4.1.14519.5.2.1.1239.1759.337171514523052948632767130783,CMMD,NO,https://doi.org/10.7937/tcia.eqde4b16,D2-0412,1.3.6.1.4.1.14519.5.2.1.1239.1759.259981163041402472263828198357,NA,07-18-2010,NA,NA,MG,Digital Mammography X-Ray Image Storage - For Presentation,1.2.840.10008.5.1.4.1.1.1.2,4,17.57 MB,./CMMD/D2-0412/1.3.6.1.4.1.14519.5.2.1.1239.1759.259981163041402472263828198357/1.3.6.1.4.1.14519.5.2.1.1239.1759.337171514523052948632767130783,2025-12-02T11:55:57.506731294
1.3.6.1.4.1.14519.5.2.1.1239.1759.603593200105487862044597170492,CMMD,NO,https://doi.org/10.7937/tcia.eqde4b16,D2-0416,1.3.6.1.4.1.14519.5.2.1.1239.1759.288366824552408233552956617627,NA,07-18-2010,NA,NA,MG,Digital Mammography X-Ray Image Storage - For Presentation,1.2.840.10008.5.1.4.1.1.1.2,4,17.57 MB,./CMMD/D2-0416/1.3.6.1.4.1.14519.5.2.1.1239.1759.288366824552408233552956617627/1.3.6.1.4.1.14519.5.2.1.1239.1759.603593200105487862044597170492,2025-12-02T11:55:59.723105605
1.3.6.1.4.1.14519.5.2.1.1239.1759.202560247507806254869717375973,CMMD,NO,https://doi.org/10.7937/tcia.eqde4b16,D2-0417,1.3.6.1.4.1.14519.5.2.1.1239.1759.634549448320701629770716776594,NA,07-18-2010,NA,NA,MG,Digital Mammography X-Ray Image Storage - For Presentation,1.2.840.10008.5.1.4.1.1.1.2,4,17.57 MB,./CMMD/D2-0417/1.3.6.1.4.1.14519.5.2.1.1239.1759.634549448320701629770716776594/1.3.6.1.4.1.14519.5.2.1.1239.1759.202560247507806254869717375973,2025-12-02T11:56:06.054395608
1.3.6.1.4.1.14519.5.2.1.1239.1759.310840864544618402072463372939,CMMD,NO,https://doi.org/10.7937/tcia.eqde4b16,D2-0418,1.3.6.1.4.1.14519.5.2.1.1239.1759.189706683068186134570937036339,NA,07-18-2010,NA,NA,MG,Digital Mammography X-Ray Image Storage - For Presentation,1.2.840.10008.5.1.4.1.1.1.2,4,17.57 MB,./CMMD/D2-0418/1.3.6.1.4.1.14519.5.2.1.1239.1759.189706683068186134570937036339/1.3.6.1.4.1.14519.5.2.1.1239.1759.310840864544618402072463372939,2025-12-02T11:56:07.767983026
1.3.6.1.4.1.14519.5.2.1.1239.1759.696940919060229520501860438353,CMMD,NO,https://doi.org/10.7937/tcia.eqde4b16,D2-0419,1.3.6.1.4.1.14519.5.2.1.1239.1759.192690264656496227288932306534,NA,07-18-2010,NA,NA,MG,Digital Mammography X-Ray Image Storage - For Presentation,1.2.840.10008.5.1.4.1.1.1.2,4,17.57 MB,./CMMD/D2-0419/1.3.6.1.4.1.14519.5.2.1.1239.1759.192690264656496227288932306534/1.3.6.1.4.1.14519.5.2.1.1239.1759.696940919060229520501860438353,2025-12-02T11:56:16.383275206
1.3.6.1.4.1.14519.5.2.1.1239.1759.185906395977847358242849657017,CMMD,NO,https://doi.org/10.7937/tcia.eqde4b16,D2-0421,1.3.6.1.4.1.14519.5.2.1.1239.1759.829375905191093490801453308911,NA,07-18-2010,NA,NA,MG,Digital Mammography X-Ray Image Storage - For Presentation,1.2.840.10008.5.1.4.1.1.1.2,4,17.57 MB,./CMMD/D2-0421/1.3.6.1.4.1.14519.5.2.1.1239.1759.829375905191093490801453308911/1.3.6.1.4.1.14519.5.2.1.1239.1759.185906395977847358242849657017,2025-12-02T11:56:26.173441193
1.3.6.1.4.1.14519.5.2.1.1239.1759.129710442396660227381031636518,CMMD,NO,https://doi.org/10.7937/tcia.eqde4b16,D2-0420,1.3.6.1.4.1.14519.5.2.1.1239.1759.269898024366216986630834131067,NA,07-18-2010,NA,NA,MG,Digital Mammography X-Ray Image Storage - For Presentation,1.2.840.10008.5.1.4.1.1.1.2,4,17.57 MB,./CMMD/D2-0420/1.3.6.1.4.1.14519.5.2.1.1239.1759.269898024366216986630834131067/1.3.6.1.4.1.14519.5.2.1.1239.1759.129710442396660227381031636518,2025-12-02T11:56:30.891469215
1.3.6.1.4.1.14519.5.2.1.1239.1759.304551262425972988223889485728,CMMD,NO,https://doi.org/10.7937/tcia.eqde4b16,D2-0422,1.3.6.1.4.1.14519.5.2.1.1239.1759.105632675575643244419768564691,NA,07-18-2010,NA,NA,MG,Digital Mammography X-Ray Image Storage - For Presentation,1.2.840.10008.5.1.4.1.1.1.2,4,17.57 MB,./CMMD/D2-0422/1.3.6.1.4.1.14519.5.2.1.1239.1759.105632675575643244419768564691/1.3.6.1.4.1.14519.5.2.1.1239.1759.304551262425972988223889485728,2025-12-02T11:56:32.595822948
1.3.6.1.4.1.14519.5.2.1.1239.1759.450305189192199602259551901543,CMMD,NO,https://doi.org/10.7937/tcia.eqde4b16,D2-0424,1.3.6.1.4.1.14519.5.2.1.1239.1759.135555413503914720355890996049,NA,07-18-2010,NA,NA,MG,Digital Mammography X-Ray Image Storage - For Presentation,1.2.840.10008.5.1.4.1.1.1.2,4,17.57 MB,./CMMD/D2-0424/1.3.6.1.4.1.14519.5.2.1.1239.1759.135555413503914720355890996049/1.3.6.1.4.1.14519.5.2.1.1239.1759.450305189192199602259551901543,2025-12-02T11:56:44.621880095
1.3.6.1.4.1.14519.5.2.1.1239.1759.890144157060402383826901810237,CMMD,NO,https://doi.org/10.7937/tcia.eqde4b16,D2-0425,1.3.6.1.4.1.14519.5.2.1.1239.1759.209430629231459847032613752396,NA,07-18-2010,NA,NA,MG,Digital Mammography X-Ray Image Storage - For Presentation,1.2.840.10008.5.1.4.1.1.1.2,4,17.57 MB,./CMMD/D2-0425/1.3.6.1.4.1.14519.5.2.1.1239.1759.209430629231459847032613752396/1.3.6.1.4.1.14519.5.2.1.1239.1759.890144157060402383826901810237,2025-12-02T11:56:46.959023107
1.3.6.1.4.1.14519.5.2.1.1239.1759.725772738093405886445863670169,CMMD,NO,https://doi.org/10.7937/tcia.eqde4b16,D2-0423,1.3.6.1.4.1.14519.5.2.1.1239.1759.860502043886043938075747571015,NA,07-18-2010,NA,NA,MG,Digital Mammography X-Ray Image Storage - For Presentation,1.2.840.10008.5.1.4.1.1.1.2,4,17.57 MB,./CMMD/D2-0423/1.3.6.1.4.1.14519.5.2.1.1239.1759.860502043886043938075747571015/1.3.6.1.4.1.14519.5.2.1.1239.1759.725772738093405886445863670169,2025-12-02T11:56:51.452831633
1.3.6.1.4.1.14519.5.2.1.1239.1759.169412976854047731044995827247,CMMD,NO,https://doi.org/10.7937/tcia.eqde4b16,D2-0426,1.3.6.1.4.1.14519.5.2.1.1239.1759.335884961350401614617460053604,NA,07-18-2010,NA,NA,MG,Digital Mammography X-Ray Image Storage - For Presentation,1.2.840.10008.5.1.4.1.1.1.2,4,17.57 MB,./CMMD/D2-0426/1.3.6.1.4.1.14519.5.2.1.1239.1759.335884961350401614617460053604/1.3.6.1.4.1.14519.5.2.1.1239.1759.169412976854047731044995827247,2025-12-02T11:56:54.089838342
1.3.6.1.4.1.14519.5.2.1.1239.1759.294387970988006703759015971251,CMMD,NO,https://doi.org/10.7937/tcia.eqde4b16,D2-0427,1.3.6.1.4.1.14519.5.2.1.1239.1759.237976082596058861135631943705,NA,07-18-2010,NA,NA,MG,Digital Mammography X-Ray Image Storage - For Presentation,1.2.840.10008.5.1.4.1.1.1.2,4,17.57 MB,./CMMD/D2-0427/1.3.6.1.4.1.14519.5.2.1.1239.1759.237976082596058861135631943705/1.3.6.1.4.1.14519.5.2.1.1239.1759.294387970988006703759015971251,2025-12-02T11:56:58.294981791
1.3.6.1.4.1.14519.5.2.1.1239.1759.713873993526081748617100589703,CMMD,NO,https://doi.org/10.7937/tcia.eqde4b16,D2-0428,1.3.6.1.4.1.14519.5.2.1.1239.1759.333021631827510642618165686343,NA,07-18-2010,NA,NA,MG,Digital Mammography X-Ray Image Storage - For Presentation,1.2.840.10008.5.1.4.1.1.1.2,4,17.57 MB,./CMMD/D2-0428/1.3.6.1.4.1.14519.5.2.1.1239.1759.333021631827510642618165686343/1.3.6.1.4.1.14519.5.2.1.1239.1759.713873993526081748617100589703,2025-12-02T11:57:01.994753364
1.3.6.1.4.1.14519.5.2.1.1239.1759.134838866107162291070940494909,CMMD,NO,https://doi.org/10.7937/tcia.eqde4b16,D2-0430,1.3.6.1.4.1.14519.5.2.1.1239.1759.153803307282387331980484523004,NA,07-18-2010,NA,NA,MG,Digital Mammography X-Ray Image Storage - For Presentation,1.2.840.10008.5.1.4.1.1.1.2,4,17.57 MB,./CMMD/D2-0430/1.3.6.1.4.1.14519.5.2.1.1239.1759.153803307282387331980484523004/1.3.6.1.4.1.14519.5.2.1.1239.1759.134838866107162291070940494909,2025-12-02T11:57:10.513446566
1.3.6.1.4.1.14519.5.2.1.1239.1759.331985241625041647038623048472,CMMD,NO,https://doi.org/10.7937/tcia.eqde4b16,D2-0429,1.3.6.1.4.1.14519.5.2.1.1239.1759.190438554777104855326469237839,NA,07-18-2010,NA,NA,MG,Digital Mammography X-Ray Image Storage - For Presentation,1.2.840.10008.5.1.4.1.1.1.2,4,17.57 MB,./CMMD/D2-0429/1.3.6.1.4.1.14519.5.2.1.1239.1759.190438554777104855326469237839/1.3.6.1.4.1.14519.5.2.1.1239.1759.331985241625041647038623048472,2025-12-02T11:57:16.399903524
1.3.6.1.4.1.14519.5.2.1.1239.1759.245478365602880104744042508729,CMMD,NO,https://doi.org/10.7937/tcia.eqde4b16,D2-0431,1.3.6.1.4.1.14519.5.2.1.1239.1759.218233683586501959251290106598,NA,07-18-2010,NA,NA,MG,Digital Mammography X-Ray Image Storage - For Presentation,1.2.840.10008.5.1.4.1.1.1.2,4,17.57 MB,./CMMD/D2-0431/1.3.6.1.4.1.14519.5.2.1.1239.1759.218233683586501959251290106598/1.3.6.1.4.1.14519.5.2.1.1239.1759.245478365602880104744042508729,2025-12-02T11:57:18.536177635
1.3.6.1.4.1.14519.5.2.1.1239.1759.242083768369093563119293614686,CMMD,NO,https://doi.org/10.7937/tcia.eqde4b16,D2-0432,1.3.6.1.4.1.14519.5.2.1.1239.1759.948803831751203253466380858010,NA,07-18-2010,NA,NA,MG,Digital Mammography X-Ray Image Storage - For Presentation,1.2.840.10008.5.1.4.1.1.1.2,4,17.57 MB,./CMMD/D2-0432/1.3.6.1.4.1.14519.5.2.1.1239.1759.948803831751203253466380858010/1.3.6.1.4.1.14519.5.2.1.1239.1759.242083768369093563119293614686,2025-12-02T11:57:21.549091946
1.3.6.1.4.1.14519.5.2.1.1239.1759.332243998984346521720837709129,CMMD,NO,https://doi.org/10.7937/tcia.eqde4b16,D2-0433,1.3.6.1.4.1.14519.5.2.1.1239.1759.926695633574460681557417210622,NA,07-18-2010,NA,NA,MG,Digital Mammography X-Ray Image Storage - For Presentation,1.2.840.10008.5.1.4.1.1.1.2,4,17.57 MB,./CMMD/D2-0433/1.3.6.1.4.1.14519.5.2.1.1239.1759.926695633574460681557417210622/1.3.6.1.4.1.14519.5.2.1.1239.1759.332243998984346521720837709129,2025-12-02T11:57:26.861253702
1.3.6.1.4.1.14519.5.2.1.1239.1759.590615167028020350477382974810,CMMD,NO,https://doi.org/10.7937/tcia.eqde4b16,D2-0434,1.3.6.1.4.1.14519.5.2.1.1239.1759.151082817701316399197642181489,NA,07-18-2010,NA,NA,MG,Digital Mammography X-Ray Image Storage - For Presentation,1.2.840.10008.5.1.4.1.1.1.2,4,17.57 MB,./CMMD/D2-0434/1.3.6.1.4.1.14519.5.2.1.1239.1759.151082817701316399197642181489/1.3.6.1.4.1.14519.5.2.1.1239.1759.590615167028020350477382974810,2025-12-02T11:57:41.190150944
1.3.6.1.4.1.14519.5.2.1.1239.1759.403712835226522232057849258686,CMMD,NO,https://doi.org/10.7937/tcia.eqde4b16,D2-0436,1.3.6.1.4.1.14519.5.2.1.1239.1759.266972802173818507047157797808,NA,07-18-2010,NA,NA,MG,Digital Mammography X-Ray Image Storage - For Presentation,1.2.840.10008.5.1.4.1.1.1.2,4,17.57 MB,./CMMD/D2-0436/1.3.6.1.4.1.14519.5.2.1.1239.1759.266972802173818507047157797808/1.3.6.1.4.1.14519.5.2.1.1239.1759.403712835226522232057849258686,2025-12-02T11:57:41.247193345
1.3.6.1.4.1.14519.5.2.1.1239.1759.190418637732107275100986097688,CMMD,NO,https://doi.org/10.7937/tcia.eqde4b16,D2-0435,1.3.6.1.4.1.14519.5.2.1.1239.1759.304708824036041331002208157873,NA,07-18-2010,NA,NA,MG,Digital Mammography X-Ray Image Storage - For Presentation,1.2.840.10008.5.1.4.1.1.1.2,4,17.57 MB,./CMMD/D2-0435/1.3.6.1.4.1.14519.5.2.1.1239.1759.304708824036041331002208157873/1.3.6.1.4.1.14519.5.2.1.1239.1759.190418637732107275100986097688,2025-12-02T11:57:43.516435182
1.3.6.1.4.1.14519.5.2.1.1239.1759.309574394530515774814749398997,CMMD,NO,https://doi.org/10.7937/tcia.eqde4b16,D2-0437,1.3.6.1.4.1.14519.5.2.1.1239.1759.264834182732154589826667824645,NA,07-18-2010,NA,NA,MG,Digital Mammography X-Ray Image Storage - For Presentation,1.2.840.10008.5.1.4.1.1.1.2,4,17.57 MB,./CMMD/D2-0437/1.3.6.1.4.1.14519.5.2.1.1239.1759.264834182732154589826667824645/1.3.6.1.4.1.14519.5.2.1.1239.1759.309574394530515774814749398997,2025-12-02T11:57:48.024373682
1.3.6.1.4.1.14519.5.2.1.1239.1759.272077398057525370228969740557,CMMD,NO,https://doi.org/10.7937/tcia.eqde4b16,D2-0438,1.3.6.1.4.1.14519.5.2.1.1239.1759.312186356429907973215756313118,NA,07-18-2010,NA,NA,MG,Digital Mammography X-Ray Image Storage - For Presentation,1.2.840.10008.5.1.4.1.1.1.2,4,17.57 MB,./CMMD/D2-0438/1.3.6.1.4.1.14519.5.2.1.1239.1759.312186356429907973215756313118/1.3.6.1.4.1.14519.5.2.1.1239.1759.272077398057525370228969740557,2025-12-02T11:58:03.654430704
1.3.6.1.4.1.14519.5.2.1.1239.1759.995798034680825757439968328808,CMMD,NO,https://doi.org/10.7937/tcia.eqde4b16,D2-0439,1.3.6.1.4.1.14519.5.2.1.1239.1759.743291882958169235767971335320,NA,07-18-2010,NA,NA,MG,Digital Mammography X-Ray Image Storage - For Presentation,1.2.840.10008.5.1.4.1.1.1.2,4,17.57 MB,./CMMD/D2-0439/1.3.6.1.4.1.14519.5.2.1.1239.1759.743291882958169235767971335320/1.3.6.1.4.1.14519.5.2.1.1239.1759.995798034680825757439968328808,2025-12-02T11:58:09.112837879
1.3.6.1.4.1.14519.5.2.1.1239.1759.656578895598137733235470661348,CMMD,NO,https://doi.org/10.7937/tcia.eqde4b16,D2-0441,1.3.6.1.4.1.14519.5.2.1.1239.1759.490742003089094930728801076434,NA,07-18-2010,NA,NA,MG,Digital Mammography X-Ray Image Storage - For Presentation,1.2.840.10008.5.1.4.1.1.1.2,4,17.57 MB,./CMMD/D2-0441/1.3.6.1.4.1.14519.5.2.1.1239.1759.490742003089094930728801076434/1.3.6.1.4.1.14519.5.2.1.1239.1759.656578895598137733235470661348,2025-12-02T11:58:15.01425034
1.3.6.1.4.1.14519.5.2.1.1239.1759.115122376678540620027593511382,CMMD,NO,https://doi.org/10.7937/tcia.eqde4b16,D2-0440,1.3.6.1.4.1.14519.5.2.1.1239.1759.291587127363842956042258533327,NA,07-18-2010,NA,NA,MG,Digital Mammography X-Ray Image Storage - For Presentation,1.2.840.10008.5.1.4.1.1.1.2,4,17.57 MB,./CMMD/D2-0440/1.3.6.1.4.1.14519.5.2.1.1239.1759.291587127363842956042258533327/1.3.6.1.4.1.14519.5.2.1.1239.1759.115122376678540620027593511382,2025-12-02T11:58:15.365001589
1.3.6.1.4.1.14519.5.2.1.1239.1759.467655542815636111846535736683,CMMD,NO,https://doi.org/10.7937/tcia.eqde4b16,D2-0442,1.3.6.1.4.1.14519.5.2.1.1239.1759.314522622798757832099114465777,NA,07-18-2010,NA,NA,MG,Digital Mammography X-Ray Image Storage - For Presentation,1.2.840.10008.5.1.4.1.1.1.2,4,17.57 MB,./CMMD/D2-0442/1.3.6.1.4.1.14519.5.2.1.1239.1759.314522622798757832099114465777/1.3.6.1.4.1.14519.5.2.1.1239.1759.467655542815636111846535736683,2025-12-02T11:58:24.000991829
1.3.6.1.4.1.14519.5.2.1.1239.1759.170338507449551315505391016132,CMMD,NO,https://doi.org/10.7937/tcia.eqde4b16,D2-0443,1.3.6.1.4.1.14519.5.2.1.1239.1759.156141339540182963777817605776,NA,07-18-2010,NA,NA,MG,Digital Mammography X-Ray Image Storage - For Presentation,1.2.840.10008.5.1.4.1.1.1.2,4,17.57 MB,./CMMD/D2-0443/1.3.6.1.4.1.14519.5.2.1.1239.1759.156141339540182963777817605776/1.3.6.1.4.1.14519.5.2.1.1239.1759.170338507449551315505391016132,2025-12-02T11:58:33.159355815
1.3.6.1.4.1.14519.5.2.1.1239.1759.140335890704281942689862204106,CMMD,NO,https://doi.org/10.7937/tcia.eqde4b16,D2-0445,1.3.6.1.4.1.14519.5.2.1.1239.1759.252505124442075599614520512161,NA,07-18-2010,NA,NA,MG,Digital Mammography X-Ray Image Storage - For Presentation,1.2.840.10008.5.1.4.1.1.1.2,4,17.57 MB,./CMMD/D2-0445/1.3.6.1.4.1.14519.5.2.1.1239.1759.252505124442075599614520512161/1.3.6.1.4.1.14519.5.2.1.1239.1759.140335890704281942689862204106,2025-12-02T11:58:35.702162107
1.3.6.1.4.1.14519.5.2.1.1239.1759.147636547075978463429237029587,CMMD,NO,https://doi.org/10.7937/tcia.eqde4b16,D2-0446,1.3.6.1.4.1.14519.5.2.1.1239.1759.321699189067618785986740797114,NA,07-18-2010,NA,NA,MG,Digital Mammography X-Ray Image Storage - For Presentation,1.2.840.10008.5.1.4.1.1.1.2,4,17.57 MB,./CMMD/D2-0446/1.3.6.1.4.1.14519.5.2.1.1239.1759.321699189067618785986740797114/1.3.6.1.4.1.14519.5.2.1.1239.1759.147636547075978463429237029587,2025-12-02T11:58:40.916195521
1.3.6.1.4.1.14519.5.2.1.1239.1759.378084371300152291526950037209,CMMD,NO,https://doi.org/10.7937/tcia.eqde4b16,D2-0448,1.3.6.1.4.1.14519.5.2.1.1239.1759.744773683160723503535546685886,NA,07-18-2010,NA,NA,MG,Digital Mammography X-Ray Image Storage - For Presentation,1.2.840.10008.5.1.4.1.1.1.2,4,17.57 MB,./CMMD/D2-0448/1.3.6.1.4.1.14519.5.2.1.1239.1759.744773683160723503535546685886/1.3.6.1.4.1.14519.5.2.1.1239.1759.378084371300152291526950037209,2025-12-02T11:58:49.177478765
1.3.6.1.4.1.14519.5.2.1.1239.1759.119874499313695433748841691503,CMMD,NO,https://doi.org/10.7937/tcia.eqde4b16,D2-0447,1.3.6.1.4.1.14519.5.2.1.1239.1759.263406227679702217052942837053,NA,07-18-2010,NA,NA,MG,Digital Mammography X-Ray Image Storage - For Presentation,1.2.840.10008.5.1.4.1.1.1.2,4,17.57 MB,./CMMD/D2-0447/1.3.6.1.4.1.14519.5.2.1.1239.1759.263406227679702217052942837053/1.3.6.1.4.1.14519.5.2.1.1239.1759.119874499313695433748841691503,2025-12-02T11:58:57.113909976
1.3.6.1.4.1.14519.5.2.1.1239.1759.170804485078381522328806528819,CMMD,NO,https://doi.org/10.7937/tcia.eqde4b16,D2-0444,1.3.6.1.4.1.14519.5.2.1.1239.1759.277570198462243965107907707033,NA,07-18-2010,NA,NA,MG,Digital Mammography X-Ray Image Storage - For Presentation,1.2.840.10008.5.1.4.1.1.1.2,4,17.57 MB,./CMMD/D2-0444/1.3.6.1.4.1.14519.5.2.1.1239.1759.277570198462243965107907707033/1.3.6.1.4.1.14519.5.2.1.1239.1759.170804485078381522328806528819,2025-12-02T11:58:57.362431669
1.3.6.1.4.1.14519.5.2.1.1239.1759.207075950614653619766205978339,CMMD,NO,https://doi.org/10.7937/tcia.eqde4b16,D2-0449,1.3.6.1.4.1.14519.5.2.1.1239.1759.133288080719686649027142591842,NA,07-18-2010,NA,NA,MG,Digital Mammography X-Ray Image Storage - For Presentation,1.2.840.10008.5.1.4.1.1.1.2,4,17.57 MB,./CMMD/D2-0449/1.3.6.1.4.1.14519.5.2.1.1239.1759.133288080719686649027142591842/1.3.6.1.4.1.14519.5.2.1.1239.1759.207075950614653619766205978339,2025-12-02T11:58:58.455598695
1.3.6.1.4.1.14519.5.2.1.1239.1759.578454555438231327852944964312,CMMD,NO,https://doi.org/10.7937/tcia.eqde4b16,D2-0450,1.3.6.1.4.1.14519.5.2.1.1239.1759.119835184225788130305522616024,NA,07-18-2010,NA,NA,MG,Digital Mammography X-Ray Image Storage - For Presentation,1.2.840.10008.5.1.4.1.1.1.2,4,17.57 MB,./CMMD/D2-0450/1.3.6.1.4.1.14519.5.2.1.1239.1759.119835184225788130305522616024/1.3.6.1.4.1.14519.5.2.1.1239.1759.578454555438231327852944964312,2025-12-02T11:59:05.015899567
1.3.6.1.4.1.14519.5.2.1.1239.1759.283561401919799796916215469599,CMMD,NO,https://doi.org/10.7937/tcia.eqde4b16,D2-0451,1.3.6.1.4.1.14519.5.2.1.1239.1759.460312728890352356702110208014,NA,07-18-2010,NA,NA,MG,Digital Mammography X-Ray Image Storage - For Presentation,1.2.840.10008.5.1.4.1.1.1.2,4,17.57 MB,./CMMD/D2-0451/1.3.6.1.4.1.14519.5.2.1.1239.1759.460312728890352356702110208014/1.3.6.1.4.1.14519.5.2.1.1239.1759.283561401919799796916215469599,2025-12-02T11:59:16.392170857
1.3.6.1.4.1.14519.5.2.1.1239.1759.135423468108552171468038920682,CMMD,NO,https://doi.org/10.7937/tcia.eqde4b16,D2-0453,1.3.6.1.4.1.14519.5.2.1.1239.1759.244441635524602481133579861840,NA,07-18-2010,NA,NA,MG,Digital Mammography X-Ray Image Storage - For Presentation,1.2.840.10008.5.1.4.1.1.1.2,4,17.57 MB,./CMMD/D2-0453/1.3.6.1.4.1.14519.5.2.1.1239.1759.244441635524602481133579861840/1.3.6.1.4.1.14519.5.2.1.1239.1759.135423468108552171468038920682,2025-12-02T11:59:16.71572615
1.3.6.1.4.1.14519.5.2.1.1239.1759.176260346774668081819953328687,CMMD,NO,https://doi.org/10.7937/tcia.eqde4b16,D2-0455,1.3.6.1.4.1.14519.5.2.1.1239.1759.157984481087404765445854672742,NA,07-18-2010,NA,NA,MG,Digital Mammography X-Ray Image Storage - For Presentation,1.2.840.10008.5.1.4.1.1.1.2,4,17.57 MB,./CMMD/D2-0455/1.3.6.1.4.1.14519.5.2.1.1239.1759.157984481087404765445854672742/1.3.6.1.4.1.14519.5.2.1.1239.1759.176260346774668081819953328687,2025-12-02T11:59:24.431202159
1.3.6.1.4.1.14519.5.2.1.1239.1759.572698377432249260807485529935,CMMD,NO,https://doi.org/10.7937/tcia.eqde4b16,D2-0452,1.3.6.1.4.1.14519.5.2.1.1239.1759.772378484451089850190960393148,NA,07-18-2010,NA,NA,MG,Digital Mammography X-Ray Image Storage - For Presentation,1.2.840.10008.5.1.4.1.1.1.2,4,17.57 MB,./CMMD/D2-0452/1.3.6.1.4.1.14519.5.2.1.1239.1759.772378484451089850190960393148/1.3.6.1.4.1.14519.5.2.1.1239.1759.572698377432249260807485529935,2025-12-02T11:59:25.800577866
1.3.6.1.4.1.14519.5.2.1.1239.1759.217284447003320726331741571721,CMMD,NO,https://doi.org/10.7937/tcia.eqde4b16,D2-0454,1.3.6.1.4.1.14519.5.2.1.1239.1759.207264976319744591462753927650,NA,07-18-2010,NA,NA,MG,Digital Mammography X-Ray Image Storage - For Presentation,1.2.840.10008.5.1.4.1.1.1.2,4,17.57 MB,./CMMD/D2-0454/1.3.6.1.4.1.14519.5.2.1.1239.1759.207264976319744591462753927650/1.3.6.1.4.1.14519.5.2.1.1239.1759.217284447003320726331741571721,2025-12-02T11:59:32.189827891
1.3.6.1.4.1.14519.5.2.1.1239.1759.186928323150702427972141252340,CMMD,NO,https://doi.org/10.7937/tcia.eqde4b16,D2-0458,1.3.6.1.4.1.14519.5.2.1.1239.1759.279917956857133290131238042796,NA,07-18-2010,NA,NA,MG,Digital Mammography X-Ray Image Storage - For Presentation,1.2.840.10008.5.1.4.1.1.1.2,4,17.57 MB,./CMMD/D2-0458/1.3.6.1.4.1.14519.5.2.1.1239.1759.279917956857133290131238042796/1.3.6.1.4.1.14519.5.2.1.1239.1759.186928323150702427972141252340,2025-12-02T11:59:44.96791335
1.3.6.1.4.1.14519.5.2.1.1239.1759.248857902268011545893636455837,CMMD,NO,https://doi.org/10.7937/tcia.eqde4b16,D2-0456,1.3.6.1.4.1.14519.5.2.1.1239.1759.270696921740189379382795810354,NA,07-18-2010,NA,NA,MG,Digital Mammography X-Ray Image Storage - For Presentation,1.2.840.10008.5.1.4.1.1.1.2,4,17.57 MB,./CMMD/D2-0456/1.3.6.1.4.1.14519.5.2.1.1239.1759.270696921740189379382795810354/1.3.6.1.4.1.14519.5.2.1.1239.1759.248857902268011545893636455837,2025-12-02T11:59:49.971567513
1.3.6.1.4.1.14519.5.2.1.1239.1759.880245689930116352623249360972,CMMD,NO,https://doi.org/10.7937/tcia.eqde4b16,D2-0457,1.3.6.1.4.1.14519.5.2.1.1239.1759.130908523700323921985564800503,NA,07-18-2010,NA,NA,MG,Digital Mammography X-Ray Image Storage - For Presentation,1.2.840.10008.5.1.4.1.1.1.2,4,17.57 MB,./CMMD/D2-0457/1.3.6.1.4.1.14519.5.2.1.1239.1759.130908523700323921985564800503/1.3.6.1.4.1.14519.5.2.1.1239.1759.880245689930116352623249360972,2025-12-02T11:59:51.783157671
1.3.6.1.4.1.14519.5.2.1.1239.1759.227737502718640782928464292740,CMMD,NO,https://doi.org/10.7937/tcia.eqde4b16,D2-0460,1.3.6.1.4.1.14519.5.2.1.1239.1759.307109685592634142900904131131,NA,07-18-2010,NA,NA,MG,Digital Mammography X-Ray Image Storage - For Presentation,1.2.840.10008.5.1.4.1.1.1.2,4,17.57 MB,./CMMD/D2-0460/1.3.6.1.4.1.14519.5.2.1.1239.1759.307109685592634142900904131131/1.3.6.1.4.1.14519.5.2.1.1239.1759.227737502718640782928464292740,2025-12-02T11:59:58.290120662
1.3.6.1.4.1.14519.5.2.1.1239.1759.242535760031596300787987694626,CMMD,NO,https://doi.org/10.7937/tcia.eqde4b16,D2-0459,1.3.6.1.4.1.14519.5.2.1.1239.1759.170527468634736957828125212152,NA,07-17-2012,NA,NA,MG,Digital Mammography X-Ray Image Storage - For Presentation,1.2.840.10008.5.1.4.1.1.1.2,4,17.57 MB,./CMMD/D2-0459/1.3.6.1.4.1.14519.5.2.1.1239.1759.170527468634736957828125212152/1.3.6.1.4.1.14519.5.2.1.1239.1759.242535760031596300787987694626,2025-12-02T12:00:03.588009986
1.3.6.1.4.1.14519.5.2.1.1239.1759.213181267715251390702260279086,CMMD,NO,https://doi.org/10.7937/tcia.eqde4b16,D2-0462,1.3.6.1.4.1.14519.5.2.1.1239.1759.128055478380555826161968004731,NA,07-18-2010,NA,NA,MG,Digital Mammography X-Ray Image Storage - For Presentation,1.2.840.10008.5.1.4.1.1.1.2,4,17.57 MB,./CMMD/D2-0462/1.3.6.1.4.1.14519.5.2.1.1239.1759.128055478380555826161968004731/1.3.6.1.4.1.14519.5.2.1.1239.1759.213181267715251390702260279086,2025-12-02T12:00:06.582371026
1.3.6.1.4.1.14519.5.2.1.1239.1759.830116653501623417116788378468,CMMD,NO,https://doi.org/10.7937/tcia.eqde4b16,D2-0461,1.3.6.1.4.1.14519.5.2.1.1239.1759.251540407764532480332357494378,NA,07-18-2010,NA,NA,MG,Digital Mammography X-Ray Image Storage - For Presentation,1.2.840.10008.5.1.4.1.1.1.2,4,17.57 MB,./CMMD/D2-0461/1.3.6.1.4.1.14519.5.2.1.1239.1759.251540407764532480332357494378/1.3.6.1.4.1.14519.5.2.1.1239.1759.830116653501623417116788378468,2025-12-02T12:00:10.78088418
1.3.6.1.4.1.14519.5.2.1.1239.1759.116428783789590073151285297553,CMMD,NO,https://doi.org/10.7937/tcia.eqde4b16,D2-0463,1.3.6.1.4.1.14519.5.2.1.1239.1759.186236956253163248056559944895,NA,07-18-2010,NA,NA,MG,Digital Mammography X-Ray Image Storage - For Presentation,1.2.840.10008.5.1.4.1.1.1.2,4,17.57 MB,./CMMD/D2-0463/1.3.6.1.4.1.14519.5.2.1.1239.1759.186236956253163248056559944895/1.3.6.1.4.1.14519.5.2.1.1239.1759.116428783789590073151285297553,2025-12-02T12:00:12.56502235
1.3.6.1.4.1.14519.5.2.1.1239.1759.163893350113685917335396090349,CMMD,NO,https://doi.org/10.7937/tcia.eqde4b16,D2-0465,1.3.6.1.4.1.14519.5.2.1.1239.1759.243811184430133231016714969125,NA,07-18-2010,NA,NA,MG,Digital Mammography X-Ray Image Storage - For Presentation,1.2.840.10008.5.1.4.1.1.1.2,4,17.57 MB,./CMMD/D2-0465/1.3.6.1.4.1.14519.5.2.1.1239.1759.243811184430133231016714969125/1.3.6.1.4.1.14519.5.2.1.1239.1759.163893350113685917335396090349,2025-12-02T12:00:22.048624158
1.3.6.1.4.1.14519.5.2.1.1239.1759.189365409531385942775744522876,CMMD,NO,https://doi.org/10.7937/tcia.eqde4b16,D2-0466,1.3.6.1.4.1.14519.5.2.1.1239.1759.162938093476451307508848410726,NA,07-18-2010,NA,NA,MG,Digital Mammography X-Ray Image Storage - For Presentation,1.2.840.10008.5.1.4.1.1.1.2,4,17.57 MB,./CMMD/D2-0466/1.3.6.1.4.1.14519.5.2.1.1239.1759.162938093476451307508848410726/1.3.6.1.4.1.14519.5.2.1.1239.1759.189365409531385942775744522876,2025-12-02T12:00:25.894096595
1.3.6.1.4.1.14519.5.2.1.1239.1759.150643520429217297009659487184,CMMD,NO,https://doi.org/10.7937/tcia.eqde4b16,D2-0464,1.3.6.1.4.1.14519.5.2.1.1239.1759.313973299629966683219166543565,NA,07-18-2010,NA,NA,MG,Digital Mammography X-Ray Image Storage - For Presentation,1.2.840.10008.5.1.4.1.1.1.2,4,17.57 MB,./CMMD/D2-0464/1.3.6.1.4.1.14519.5.2.1.1239.1759.313973299629966683219166543565/1.3.6.1.4.1.14519.5.2.1.1239.1759.150643520429217297009659487184,2025-12-02T12:00:31.778934739
1.3.6.1.4.1.14519.5.2.1.1239.1759.294884575413784171927566767498,CMMD,NO,https://doi.org/10.7937/tcia.eqde4b16,D2-0467,1.3.6.1.4.1.14519.5.2.1.1239.1759.191839668644946451455032960540,NA,07-18-2010,NA,NA,MG,Digital Mammography X-Ray Image Storage - For Presentation,1.2.840.10008.5.1.4.1.1.1.2,4,17.57 MB,./CMMD/D2-0467/1.3.6.1.4.1.14519.5.2.1.1239.1759.191839668644946451455032960540/1.3.6.1.4.1.14519.5.2.1.1239.1759.294884575413784171927566767498,2025-12-02T12:00:33.162299438
1.3.6.1.4.1.14519.5.2.1.1239.1759.289913171325725152443310889216,CMMD,NO,https://doi.org/10.7937/tcia.eqde4b16,D2-0469,1.3.6.1.4.1.14519.5.2.1.1239.1759.112815168189570774821287268702,NA,07-18-2010,NA,NA,MG,Digital Mammography X-Ray Image Storage - For Presentation,1.2.840.10008.5.1.4.1.1.1.2,4,17.57 MB,./CMMD/D2-0469/1.3.6.1.4.1.14519.5.2.1.1239.1759.112815168189570774821287268702/1.3.6.1.4.1.14519.5.2.1.1239.1759.289913171325725152443310889216,2025-12-02T12:00:40.696169333
1.3.6.1.4.1.14519.5.2.1.1239.1759.187345108584812899153087508277,CMMD,NO,https://doi.org/10.7937/tcia.eqde4b16,D2-0470,1.3.6.1.4.1.14519.5.2.1.1239.1759.124524747243486754087381690736,NA,07-18-2010,NA,NA,MG,Digital Mammography X-Ray Image Storage - For Presentation,1.2.840.10008.5.1.4.1.1.1.2,4,17.57 MB,./CMMD/D2-0470/1.3.6.1.4.1.14519.5.2.1.1239.1759.124524747243486754087381690736/1.3.6.1.4.1.14519.5.2.1.1239.1759.187345108584812899153087508277,2025-12-02T12:00:49.685125748
1.3.6.1.4.1.14519.5.2.1.1239.1759.236372872723376969571081789580,CMMD,NO,https://doi.org/10.7937/tcia.eqde4b16,D2-0468,1.3.6.1.4.1.14519.5.2.1.1239.1759.955890618909915462801444027287,NA,07-18-2010,NA,NA,MG,Digital Mammography X-Ray Image Storage - For Presentation,1.2.840.10008.5.1.4.1.1.1.2,4,17.57 MB,./CMMD/D2-0468/1.3.6.1.4.1.14519.5.2.1.1239.1759.955890618909915462801444027287/1.3.6.1.4.1.14519.5.2.1.1239.1759.236372872723376969571081789580,2025-12-02T12:00:50.087763178
1.3.6.1.4.1.14519.5.2.1.1239.1759.257678989316853736668884598677,CMMD,NO,https://doi.org/10.7937/tcia.eqde4b16,D2-0471,1.3.6.1.4.1.14519.5.2.1.1239.1759.311855304822007546731286934203,NA,07-18-2010,NA,NA,MG,Digital Mammography X-Ray Image Storage - For Presentation,1.2.840.10008.5.1.4.1.1.1.2,4,17.57 MB,./CMMD/D2-0471/1.3.6.1.4.1.14519.5.2.1.1239.1759.311855304822007546731286934203/1.3.6.1.4.1.14519.5.2.1.1239.1759.257678989316853736668884598677,2025-12-02T12:00:53.841382893
1.3.6.1.4.1.14519.5.2.1.1239.1759.119501713757106601299544523038,CMMD,NO,https://doi.org/10.7937/tcia.eqde4b16,D2-0472,1.3.6.1.4.1.14519.5.2.1.1239.1759.128256969574227270380009403974,NA,07-18-2010,NA,NA,MG,Digital Mammography X-Ray Image Storage - For Presentation,1.2.840.10008.5.1.4.1.1.1.2,4,17.57 MB,./CMMD/D2-0472/1.3.6.1.4.1.14519.5.2.1.1239.1759.128256969574227270380009403974/1.3.6.1.4.1.14519.5.2.1.1239.1759.119501713757106601299544523038,2025-12-02T12:00:58.782892734
1.3.6.1.4.1.14519.5.2.1.1239.1759.132417306636315243806782527976,CMMD,NO,https://doi.org/10.7937/tcia.eqde4b16,D2-0475,1.3.6.1.4.1.14519.5.2.1.1239.1759.136564919793745397022471093488,NA,07-18-2010,NA,NA,MG,Digital Mammography X-Ray Image Storage - For Presentation,1.2.840.10008.5.1.4.1.1.1.2,4,17.57 MB,./CMMD/D2-0475/1.3.6.1.4.1.14519.5.2.1.1239.1759.136564919793745397022471093488/1.3.6.1.4.1.14519.5.2.1.1239.1759.132417306636315243806782527976,2025-12-02T12:01:07.722882772
1.3.6.1.4.1.14519.5.2.1.1239.1759.527469346174251688637018391672,CMMD,NO,https://doi.org/10.7937/tcia.eqde4b16,D2-0473,1.3.6.1.4.1.14519.5.2.1.1239.1759.213504370885943512056711470798,NA,07-18-2010,NA,NA,MG,Digital Mammography X-Ray Image Storage - For Presentation,1.2.840.10008.5.1.4.1.1.1.2,4,17.57 MB,./CMMD/D2-0473/1.3.6.1.4.1.14519.5.2.1.1239.1759.213504370885943512056711470798/1.3.6.1.4.1.14519.5.2.1.1239.1759.527469346174251688637018391672,2025-12-02T12:01:11.058548886
1.3.6.1.4.1.14519.5.2.1.1239.1759.852973536489947628630006422729,CMMD,NO,https://doi.org/10.7937/tcia.eqde4b16,D2-0476,1.3.6.1.4.1.14519.5.2.1.1239.1759.217220157270921493591308860385,NA,07-18-2010,NA,NA,MG,Digital Mammography X-Ray Image Storage - For Presentation,1.2.840.10008.5.1.4.1.1.1.2,4,17.57 MB,./CMMD/D2-0476/1.3.6.1.4.1.14519.5.2.1.1239.1759.217220157270921493591308860385/1.3.6.1.4.1.14519.5.2.1.1239.1759.852973536489947628630006422729,2025-12-02T12:01:16.347595446
1.3.6.1.4.1.14519.5.2.1.1239.1759.269076647905711393335121613940,CMMD,NO,https://doi.org/10.7937/tcia.eqde4b16,D2-0474,1.3.6.1.4.1.14519.5.2.1.1239.1759.183525225130101651159065858581,NA,07-18-2010,NA,NA,MG,Digital Mammography X-Ray Image Storage - For Presentation,1.2.840.10008.5.1.4.1.1.1.2,4,17.57 MB,./CMMD/D2-0474/1.3.6.1.4.1.14519.5.2.1.1239.1759.183525225130101651159065858581/1.3.6.1.4.1.14519.5.2.1.1239.1759.269076647905711393335121613940,2025-12-02T12:01:17.857570034
1.3.6.1.4.1.14519.5.2.1.1239.1759.241586836804583638567419204081,CMMD,NO,https://doi.org/10.7937/tcia.eqde4b16,D2-0478,1.3.6.1.4.1.14519.5.2.1.1239.1759.185827541195829253636817787055,NA,07-17-2012,NA,NA,MG,Digital Mammography X-Ray Image Storage - For Presentation,1.2.840.10008.5.1.4.1.1.1.2,4,17.57 MB,./CMMD/D2-0478/1.3.6.1.4.1.14519.5.2.1.1239.1759.185827541195829253636817787055/1.3.6.1.4.1.14519.5.2.1.1239.1759.241586836804583638567419204081,2025-12-02T12:01:25.54474424
1.3.6.1.4.1.14519.5.2.1.1239.1759.183227962096426434263905084942,CMMD,NO,https://doi.org/10.7937/tcia.eqde4b16,D2-0477,1.3.6.1.4.1.14519.5.2.1.1239.1759.335980465281902640949811575998,NA,07-18-2010,NA,NA,MG,Digital Mammography X-Ray Image Storage - For Presentation,1.2.840.10008.5.1.4.1.1.1.2,4,17.57 MB,./CMMD/D2-0477/1.3.6.1.4.1.14519.5.2.1.1239.1759.335980465281902640949811575998/1.3.6.1.4.1.14519.5.2.1.1239.1759.183227962096426434263905084942,2025-12-02T12:01:32.702290172
1.3.6.1.4.1.14519.5.2.1.1239.1759.250058611674803274390574202412,CMMD,NO,https://doi.org/10.7937/tcia.eqde4b16,D2-0480,1.3.6.1.4.1.14519.5.2.1.1239.1759.269030759464939806212995614852,NA,07-18-2010,NA,NA,MG,Digital Mammography X-Ray Image Storage - For Presentation,1.2.840.10008.5.1.4.1.1.1.2,4,17.57 MB,./CMMD/D2-0480/1.3.6.1.4.1.14519.5.2.1.1239.1759.269030759464939806212995614852/1.3.6.1.4.1.14519.5.2.1.1239.1759.250058611674803274390574202412,2025-12-02T12:01:34.031852097
1.3.6.1.4.1.14519.5.2.1.1239.1759.294866838424775189673515296439,CMMD,NO,https://doi.org/10.7937/tcia.eqde4b16,D2-0479,1.3.6.1.4.1.14519.5.2.1.1239.1759.296580217253062506063411887711,NA,07-18-2010,NA,NA,MG,Digital Mammography X-Ray Image Storage - For Presentation,1.2.840.10008.5.1.4.1.1.1.2,4,17.57 MB,./CMMD/D2-0479/1.3.6.1.4.1.14519.5.2.1.1239.1759.296580217253062506063411887711/1.3.6.1.4.1.14519.5.2.1.1239.1759.294866838424775189673515296439,2025-12-02T12:01:39.518016962
1.3.6.1.4.1.14519.5.2.1.1239.1759.104187514365412387752259375676,CMMD,NO,https://doi.org/10.7937/tcia.eqde4b16,D2-0481,1.3.6.1.4.1.14519.5.2.1.1239.1759.190206017341458165351634287915,NA,07-18-2011,NA,NA,MG,Digital Mammography X-Ray Image Storage - For Presentation,1.2.840.10008.5.1.4.1.1.1.2,4,17.57 MB,./CMMD/D2-0481/1.3.6.1.4.1.14519.5.2.1.1239.1759.190206017341458165351634287915/1.3.6.1.4.1.14519.5.2.1.1239.1759.104187514365412387752259375676,2025-12-02T12:01:40.915510967
1.3.6.1.4.1.14519.5.2.1.1239.1759.528154344377219406478041189631,CMMD,NO,https://doi.org/10.7937/tcia.eqde4b16,D2-0483,1.3.6.1.4.1.14519.5.2.1.1239.1759.106805695870772440507260956918,NA,07-18-2010,NA,NA,MG,Digital Mammography X-Ray Image Storage - For Presentation,1.2.840.10008.5.1.4.1.1.1.2,4,17.57 MB,./CMMD/D2-0483/1.3.6.1.4.1.14519.5.2.1.1239.1759.106805695870772440507260956918/1.3.6.1.4.1.14519.5.2.1.1239.1759.528154344377219406478041189631,2025-12-02T12:01:47.910172613
1.3.6.1.4.1.14519.5.2.1.1239.1759.141127599132022891700950703977,CMMD,NO,https://doi.org/10.7937/tcia.eqde4b16,D2-0485,1.3.6.1.4.1.14519.5.2.1.1239.1759.276744142507907896031061017137,NA,07-18-2010,NA,NA,MG,Digital Mammography X-Ray Image Storage - For Presentation,1.2.840.10008.5.1.4.1.1.1.2,4,17.57 MB,./CMMD/D2-0485/1.3.6.1.4.1.14519.5.2.1.1239.1759.276744142507907896031061017137/1.3.6.1.4.1.14519.5.2.1.1239.1759.141127599132022891700950703977,2025-12-02T12:01:57.148770059
1.3.6.1.4.1.14519.5.2.1.1239.1759.263865823885961061897820248435,CMMD,NO,https://doi.org/10.7937/tcia.eqde4b16,D2-0482,1.3.6.1.4.1.14519.5.2.1.1239.1759.246217140117585561299513570749,NA,07-18-2010,NA,NA,MG,Digital Mammography X-Ray Image Storage - For Presentation,1.2.840.10008.5.1.4.1.1.1.2,4,17.57 MB,./CMMD/D2-0482/1.3.6.1.4.1.14519.5.2.1.1239.1759.246217140117585561299513570749/1.3.6.1.4.1.14519.5.2.1.1239.1759.263865823885961061897820248435,2025-12-02T12:01:59.865289105
1.3.6.1.4.1.14519.5.2.1.1239.1759.195203698514937767520145909806,CMMD,NO,https://doi.org/10.7937/tcia.eqde4b16,D2-0484,1.3.6.1.4.1.14519.5.2.1.1239.1759.476629490281338057480964153350,NA,07-18-2010,NA,NA,MG,Digital Mammography X-Ray Image Storage - For Presentation,1.2.840.10008.5.1.4.1.1.1.2,4,17.57 MB,./CMMD/D2-0484/1.3.6.1.4.1.14519.5.2.1.1239.1759.476629490281338057480964153350/1.3.6.1.4.1.14519.5.2.1.1239.1759.195203698514937767520145909806,2025-12-02T12:02:00.920911209
1.3.6.1.4.1.14519.5.2.1.1239.1759.585582882999013323664991973296,CMMD,NO,https://doi.org/10.7937/tcia.eqde4b16,D2-0487,1.3.6.1.4.1.14519.5.2.1.1239.1759.118142773985042243123442679055,NA,07-18-2010,NA,NA,MG,Digital Mammography X-Ray Image Storage - For Presentation,1.2.840.10008.5.1.4.1.1.1.2,4,17.57 MB,./CMMD/D2-0487/1.3.6.1.4.1.14519.5.2.1.1239.1759.118142773985042243123442679055/1.3.6.1.4.1.14519.5.2.1.1239.1759.585582882999013323664991973296,2025-12-02T12:02:19.494137062
1.3.6.1.4.1.14519.5.2.1.1239.1759.245453822022527161601549242446,CMMD,NO,https://doi.org/10.7937/tcia.eqde4b16,D2-0488,1.3.6.1.4.1.14519.5.2.1.1239.1759.245618383167834013647224615090,NA,07-18-2010,NA,NA,MG,Digital Mammography X-Ray Image Storage - For Presentation,1.2.840.10008.5.1.4.1.1.1.2,4,17.57 MB,./CMMD/D2-0488/1.3.6.1.4.1.14519.5.2.1.1239.1759.245618383167834013647224615090/1.3.6.1.4.1.14519.5.2.1.1239.1759.245453822022527161601549242446,2025-12-02T12:02:23.26135011
1.3.6.1.4.1.14519.5.2.1.1239.1759.299331127255811202905566691426,CMMD,NO,https://doi.org/10.7937/tcia.eqde4b16,D2-0486,1.3.6.1.4.1.14519.5.2.1.1239.1759.608022806223184046061239927798,NA,07-18-2010,NA,NA,MG,Digital Mammography X-Ray Image Storage - For Presentation,1.2.840.10008.5.1.4.1.1.1.2,4,17.57 MB,./CMMD/D2-0486/1.3.6.1.4.1.14519.5.2.1.1239.1759.608022806223184046061239927798/1.3.6.1.4.1.14519.5.2.1.1239.1759.299331127255811202905566691426,2025-12-02T12:02:33.986135889
1.3.6.1.4.1.14519.5.2.1.1239.1759.206954555939194542950277792542,CMMD,NO,https://doi.org/10.7937/tcia.eqde4b16,D2-0489,1.3.6.1.4.1.14519.5.2.1.1239.1759.242538634470235591671533358430,NA,07-18-2010,NA,NA,MG,Digital Mammography X-Ray Image Storage - For Presentation,1.2.840.10008.5.1.4.1.1.1.2,4,17.57 MB,./CMMD/D2-0489/1.3.6.1.4.1.14519.5.2.1.1239.1759.242538634470235591671533358430/1.3.6.1.4.1.14519.5.2.1.1239.1759.206954555939194542950277792542,2025-12-02T12:02:38.083939819
1.3.6.1.4.1.14519.5.2.1.1239.1759.191964686153758982089253169728,CMMD,NO,https://doi.org/10.7937/tcia.eqde4b16,D2-0490,1.3.6.1.4.1.14519.5.2.1.1239.1759.370191522211637295235502527329,NA,07-18-2010,NA,NA,MG,Digital Mammography X-Ray Image Storage - For Presentation,1.2.840.10008.5.1.4.1.1.1.2,4,17.57 MB,./CMMD/D2-0490/1.3.6.1.4.1.14519.5.2.1.1239.1759.370191522211637295235502527329/1.3.6.1.4.1.14519.5.2.1.1239.1759.191964686153758982089253169728,2025-12-02T12:02:46.281111517
1.3.6.1.4.1.14519.5.2.1.1239.1759.314958371330058880304148847862,CMMD,NO,https://doi.org/10.7937/tcia.eqde4b16,D2-0492,1.3.6.1.4.1.14519.5.2.1.1239.1759.287817925871461490228376062623,NA,07-18-2010,NA,NA,MG,Digital Mammography X-Ray Image Storage - For Presentation,1.2.840.10008.5.1.4.1.1.1.2,4,17.57 MB,./CMMD/D2-0492/1.3.6.1.4.1.14519.5.2.1.1239.1759.287817925871461490228376062623/1.3.6.1.4.1.14519.5.2.1.1239.1759.314958371330058880304148847862,2025-12-02T12:02:47.578901698
1.3.6.1.4.1.14519.5.2.1.1239.1759.191465698305385368154587474850,CMMD,NO,https://doi.org/10.7937/tcia.eqde4b16,D2-0491,1.3.6.1.4.1.14519.5.2.1.1239.1759.599556300198346862557813605648,NA,07-18-2010,NA,NA,MG,Digital Mammography X-Ray Image Storage - For Presentation,1.2.840.10008.5.1.4.1.1.1.2,4,17.57 MB,./CMMD/D2-0491/1.3.6.1.4.1.14519.5.2.1.1239.1759.599556300198346862557813605648/1.3.6.1.4.1.14519.5.2.1.1239.1759.191465698305385368154587474850,2025-12-02T12:02:48.147917047
1.3.6.1.4.1.14519.5.2.1.1239.1759.119526479213288075859531623144,CMMD,NO,https://doi.org/10.7937/tcia.eqde4b16,D2-0493,1.3.6.1.4.1.14519.5.2.1.1239.1759.334976684710930185508345855291,NA,07-18-2010,NA,NA,MG,Digital Mammography X-Ray Image Storage - For Presentation,1.2.840.10008.5.1.4.1.1.1.2,4,17.57 MB,./CMMD/D2-0493/1.3.6.1.4.1.14519.5.2.1.1239.1759.334976684710930185508345855291/1.3.6.1.4.1.14519.5.2.1.1239.1759.119526479213288075859531623144,2025-12-02T12:02:53.86511974
1.3.6.1.4.1.14519.5.2.1.1239.1759.196399001257157099780143693586,CMMD,NO,https://doi.org/10.7937/tcia.eqde4b16,D2-0494,1.3.6.1.4.1.14519.5.2.1.1239.1759.163064911298138768803542836682,NA,07-18-2010,NA,NA,MG,Digital Mammography X-Ray Image Storage - For Presentation,1.2.840.10008.5.1.4.1.1.1.2,4,17.57 MB,./CMMD/D2-0494/1.3.6.1.4.1.14519.5.2.1.1239.1759.163064911298138768803542836682/1.3.6.1.4.1.14519.5.2.1.1239.1759.196399001257157099780143693586,2025-12-02T12:02:58.344259789
1.3.6.1.4.1.14519.5.2.1.1239.1759.232545693695533314410647072407,CMMD,NO,https://doi.org/10.7937/tcia.eqde4b16,D2-0496,1.3.6.1.4.1.14519.5.2.1.1239.1759.267513960549808117108082317867,NA,07-18-2010,NA,NA,MG,Digital Mammography X-Ray Image Storage - For Presentation,1.2.840.10008.5.1.4.1.1.1.2,4,17.57 MB,./CMMD/D2-0496/1.3.6.1.4.1.14519.5.2.1.1239.1759.267513960549808117108082317867/1.3.6.1.4.1.14519.5.2.1.1239.1759.232545693695533314410647072407,2025-12-02T12:03:05.992995516
1.3.6.1.4.1.14519.5.2.1.1239.1759.186793044824065646452793583219,CMMD,NO,https://doi.org/10.7937/tcia.eqde4b16,D2-0495,1.3.6.1.4.1.14519.5.2.1.1239.1759.170860072769125542617372990417,NA,07-18-2010,NA,NA,MG,Digital Mammography X-Ray Image Storage - For Presentation,1.2.840.10008.5.1.4.1.1.1.2,4,17.57 MB,./CMMD/D2-0495/1.3.6.1.4.1.14519.5.2.1.1239.1759.170860072769125542617372990417/1.3.6.1.4.1.14519.5.2.1.1239.1759.186793044824065646452793583219,2025-12-02T12:03:09.377570353
1.3.6.1.4.1.14519.5.2.1.1239.1759.169521973072446723207242620706,CMMD,NO,https://doi.org/10.7937/tcia.eqde4b16,D2-0497,1.3.6.1.4.1.14519.5.2.1.1239.1759.153567114116271031003343636721,NA,07-18-2010,NA,NA,MG,Digital Mammography X-Ray Image Storage - For Presentation,1.2.840.10008.5.1.4.1.1.1.2,4,17.57 MB,./CMMD/D2-0497/1.3.6.1.4.1.14519.5.2.1.1239.1759.153567114116271031003343636721/1.3.6.1.4.1.14519.5.2.1.1239.1759.169521973072446723207242620706,2025-12-02T12:03:14.289082846
1.3.6.1.4.1.14519.5.2.1.1239.1759.156359819982804079068374255692,CMMD,NO,https://doi.org/10.7937/tcia.eqde4b16,D2-0498,1.3.6.1.4.1.14519.5.2.1.1239.1759.323351859288660705042638093127,NA,07-18-2010,NA,NA,MG,Digital Mammography X-Ray Image Storage - For Presentation,1.2.840.10008.5.1.4.1.1.1.2,4,17.57 MB,./CMMD/D2-0498/1.3.6.1.4.1.14519.5.2.1.1239.1759.323351859288660705042638093127/1.3.6.1.4.1.14519.5.2.1.1239.1759.156359819982804079068374255692,2025-12-02T12:03:15.09855383
1.3.6.1.4.1.14519.5.2.1.1239.1759.291933713183380150283788871799,CMMD,NO,https://doi.org/10.7937/tcia.eqde4b16,D2-0499,1.3.6.1.4.1.14519.5.2.1.1239.1759.219126277177454111447095412688,NA,07-18-2010,NA,NA,MG,Digital Mammography X-Ray Image Storage - For Presentation,1.2.840.10008.5.1.4.1.1.1.2,4,17.57 MB,./CMMD/D2-0499/1.3.6.1.4.1.14519.5.2.1.1239.1759.219126277177454111447095412688/1.3.6.1.4.1.14519.5.2.1.1239.1759.291933713183380150283788871799,2025-12-02T12:03:21.29469235
1.3.6.1.4.1.14519.5.2.1.1239.1759.680494546170133139214829343096,CMMD,NO,https://doi.org/10.7937/tcia.eqde4b16,D2-0500,1.3.6.1.4.1.14519.5.2.1.1239.1759.153802234910818029942643223791,NA,07-18-2010,NA,NA,MG,Digital Mammography X-Ray Image Storage - For Presentation,1.2.840.10008.5.1.4.1.1.1.2,4,17.57 MB,./CMMD/D2-0500/1.3.6.1.4.1.14519.5.2.1.1239.1759.153802234910818029942643223791/1.3.6.1.4.1.14519.5.2.1.1239.1759.680494546170133139214829343096,2025-12-02T12:03:24.047772233
1.3.6.1.4.1.14519.5.2.1.1239.1759.114791674146704129231869112426,CMMD,NO,https://doi.org/10.7937/tcia.eqde4b16,D2-0501,1.3.6.1.4.1.14519.5.2.1.1239.1759.181634699194367355809870690448,NA,07-18-2010,NA,NA,MG,Digital Mammography X-Ray Image Storage - For Presentation,1.2.840.10008.5.1.4.1.1.1.2,4,17.57 MB,./CMMD/D2-0501/1.3.6.1.4.1.14519.5.2.1.1239.1759.181634699194367355809870690448/1.3.6.1.4.1.14519.5.2.1.1239.1759.114791674146704129231869112426,2025-12-02T12:03:30.260574564
1.3.6.1.4.1.14519.5.2.1.1239.1759.338505459958433121677359279022,CMMD,NO,https://doi.org/10.7937/tcia.eqde4b16,D2-0502,1.3.6.1.4.1.14519.5.2.1.1239.1759.403765646473383798253874429212,NA,07-18-2010,NA,NA,MG,Digital Mammography X-Ray Image Storage - For Presentation,1.2.840.10008.5.1.4.1.1.1.2,4,17.57 MB,./CMMD/D2-0502/1.3.6.1.4.1.14519.5.2.1.1239.1759.403765646473383798253874429212/1.3.6.1.4.1.14519.5.2.1.1239.1759.338505459958433121677359279022,2025-12-02T12:03:37.363543571
1.3.6.1.4.1.14519.5.2.1.1239.1759.134411307096077401504408942598,CMMD,NO,https://doi.org/10.7937/tcia.eqde4b16,D2-0504,1.3.6.1.4.1.14519.5.2.1.1239.1759.272051235083907143821285627339,NA,07-18-2010,NA,NA,MG,Digital Mammography X-Ray Image Storage - For Presentation,1.2.840.10008.5.1.4.1.1.1.2,4,17.57 MB,./CMMD/D2-0504/1.3.6.1.4.1.14519.5.2.1.1239.1759.272051235083907143821285627339/1.3.6.1.4.1.14519.5.2.1.1239.1759.134411307096077401504408942598,2025-12-02T12:03:39.146507769
1.3.6.1.4.1.14519.5.2.1.1239.1759.291915745406017822413162208412,CMMD,NO,https://doi.org/10.7937/tcia.eqde4b16,D2-0503,1.3.6.1.4.1.14519.5.2.1.1239.1759.943706192258119323018825203444,NA,07-18-2010,NA,NA,MG,Digital Mammography X-Ray Image Storage - For Presentation,1.2.840.10008.5.1.4.1.1.1.2,4,17.57 MB,./CMMD/D2-0503/1.3.6.1.4.1.14519.5.2.1.1239.1759.943706192258119323018825203444/1.3.6.1.4.1.14519.5.2.1.1239.1759.291915745406017822413162208412,2025-12-02T12:03:43.296458583
1.3.6.1.4.1.14519.5.2.1.1239.1759.139683569498196217269964994287,CMMD,NO,https://doi.org/10.7937/tcia.eqde4b16,D2-0505,1.3.6.1.4.1.14519.5.2.1.1239.1759.259198014948632965149545784578,NA,07-18-2010,NA,NA,MG,Digital Mammography X-Ray Image Storage - For Presentation,1.2.840.10008.5.1.4.1.1.1.2,4,17.57 MB,./CMMD/D2-0505/1.3.6.1.4.1.14519.5.2.1.1239.1759.259198014948632965149545784578/1.3.6.1.4.1.14519.5.2.1.1239.1759.139683569498196217269964994287,2025-12-02T12:03:48.693806674
1.3.6.1.4.1.14519.5.2.1.1239.1759.204882996268245798303957952229,CMMD,NO,https://doi.org/10.7937/tcia.eqde4b16,D2-0506,1.3.6.1.4.1.14519.5.2.1.1239.1759.338008157205455591654735310420,NA,07-18-2010,NA,NA,MG,Digital Mammography X-Ray Image Storage - For Presentation,1.2.840.10008.5.1.4.1.1.1.2,4,17.57 MB,./CMMD/D2-0506/1.3.6.1.4.1.14519.5.2.1.1239.1759.338008157205455591654735310420/1.3.6.1.4.1.14519.5.2.1.1239.1759.204882996268245798303957952229,2025-12-02T12:03:56.851945784
1.3.6.1.4.1.14519.5.2.1.1239.1759.189959525361902669494796986112,CMMD,NO,https://doi.org/10.7937/tcia.eqde4b16,D2-0508,1.3.6.1.4.1.14519.5.2.1.1239.1759.258785169156571427396829088294,NA,07-18-2010,NA,NA,MG,Digital Mammography X-Ray Image Storage - For Presentation,1.2.840.10008.5.1.4.1.1.1.2,4,17.57 MB,./CMMD/D2-0508/1.3.6.1.4.1.14519.5.2.1.1239.1759.258785169156571427396829088294/1.3.6.1.4.1.14519.5.2.1.1239.1759.189959525361902669494796986112,2025-12-02T12:04:05.957976762
1.3.6.1.4.1.14519.5.2.1.1239.1759.550352775913126319205952938133,CMMD,NO,https://doi.org/10.7937/tcia.eqde4b16,D2-0507,1.3.6.1.4.1.14519.5.2.1.1239.1759.287834802180590658767666973330,NA,07-18-2010,NA,NA,MG,Digital Mammography X-Ray Image Storage - For Presentation,1.2.840.10008.5.1.4.1.1.1.2,4,17.57 MB,./CMMD/D2-0507/1.3.6.1.4.1.14519.5.2.1.1239.1759.287834802180590658767666973330/1.3.6.1.4.1.14519.5.2.1.1239.1759.550352775913126319205952938133,2025-12-02T12:04:09.508421521
1.3.6.1.4.1.14519.5.2.1.1239.1759.201322924516468175617318450706,CMMD,NO,https://doi.org/10.7937/tcia.eqde4b16,D2-0509,1.3.6.1.4.1.14519.5.2.1.1239.1759.101000078264453674686144559128,NA,07-18-2010,NA,NA,MG,Digital Mammography X-Ray Image Storage - For Presentation,1.2.840.10008.5.1.4.1.1.1.2,4,17.57 MB,./CMMD/D2-0509/1.3.6.1.4.1.14519.5.2.1.1239.1759.101000078264453674686144559128/1.3.6.1.4.1.14519.5.2.1.1239.1759.201322924516468175617318450706,2025-12-02T12:04:18.618197165
1.3.6.1.4.1.14519.5.2.1.1239.1759.203311654314705969169163760180,CMMD,NO,https://doi.org/10.7937/tcia.eqde4b16,D2-0510,1.3.6.1.4.1.14519.5.2.1.1239.1759.238895913025319626583278400999,NA,07-18-2010,NA,NA,MG,Digital Mammography X-Ray Image Storage - For Presentation,1.2.840.10008.5.1.4.1.1.1.2,4,17.57 MB,./CMMD/D2-0510/1.3.6.1.4.1.14519.5.2.1.1239.1759.238895913025319626583278400999/1.3.6.1.4.1.14519.5.2.1.1239.1759.203311654314705969169163760180,2025-12-02T12:04:19.400698306
1.3.6.1.4.1.14519.5.2.1.1239.1759.100443320968447860536306898638,CMMD,NO,https://doi.org/10.7937/tcia.eqde4b16,D2-0511,1.3.6.1.4.1.14519.5.2.1.1239.1759.332216665218009593401190360753,NA,07-18-2010,NA,NA,MG,Digital Mammography X-Ray Image Storage - For Presentation,1.2.840.10008.5.1.4.1.1.1.2,4,17.57 MB,./CMMD/D2-0511/1.3.6.1.4.1.14519.5.2.1.1239.1759.332216665218009593401190360753/1.3.6.1.4.1.14519.5.2.1.1239.1759.100443320968447860536306898638,2025-12-02T12:04:20.483734219
1.3.6.1.4.1.14519.5.2.1.1239.1759.100119950136187525846976412402,CMMD,NO,https://doi.org/10.7937/tcia.eqde4b16,D2-0512,1.3.6.1.4.1.14519.5.2.1.1239.1759.119627228013837215292076348840,NA,07-18-2010,NA,NA,MG,Digital Mammography X-Ray Image Storage - For Presentation,1.2.840.10008.5.1.4.1.1.1.2,4,17.57 MB,./CMMD/D2-0512/1.3.6.1.4.1.14519.5.2.1.1239.1759.119627228013837215292076348840/1.3.6.1.4.1.14519.5.2.1.1239.1759.100119950136187525846976412402,2025-12-02T12:04:31.312538182
1.3.6.1.4.1.14519.5.2.1.1239.1759.982683400096013565719031266719,CMMD,NO,https://doi.org/10.7937/tcia.eqde4b16,D2-0514,1.3.6.1.4.1.14519.5.2.1.1239.1759.194776936339154950906754344673,NA,07-18-2010,NA,NA,MG,Digital Mammography X-Ray Image Storage - For Presentation,1.2.840.10008.5.1.4.1.1.1.2,4,17.57 MB,./CMMD/D2-0514/1.3.6.1.4.1.14519.5.2.1.1239.1759.194776936339154950906754344673/1.3.6.1.4.1.14519.5.2.1.1239.1759.982683400096013565719031266719,2025-12-02T12:04:36.297418091
1.3.6.1.4.1.14519.5.2.1.1239.1759.875893915743477367533422617057,CMMD,NO,https://doi.org/10.7937/tcia.eqde4b16,D2-0513,1.3.6.1.4.1.14519.5.2.1.1239.1759.119981131376574278506090073384,NA,07-18-2010,NA,NA,MG,Digital Mammography X-Ray Image Storage - For Presentation,1.2.840.10008.5.1.4.1.1.1.2,4,17.57 MB,./CMMD/D2-0513/1.3.6.1.4.1.14519.5.2.1.1239.1759.119981131376574278506090073384/1.3.6.1.4.1.14519.5.2.1.1239.1759.875893915743477367533422617057,2025-12-02T12:04:38.075898761
1.3.6.1.4.1.14519.5.2.1.1239.1759.252032826736378184517529057806,CMMD,NO,https://doi.org/10.7937/tcia.eqde4b16,D2-0515,1.3.6.1.4.1.14519.5.2.1.1239.1759.234236075815453904928311259140,NA,07-18-2010,NA,NA,MG,Digital Mammography X-Ray Image Storage - For Presentation,1.2.840.10008.5.1.4.1.1.1.2,4,17.57 MB,./CMMD/D2-0515/1.3.6.1.4.1.14519.5.2.1.1239.1759.234236075815453904928311259140/1.3.6.1.4.1.14519.5.2.1.1239.1759.252032826736378184517529057806,2025-12-02T12:04:40.09540827
1.3.6.1.4.1.14519.5.2.1.1239.1759.193833135729704892754918009845,CMMD,NO,https://doi.org/10.7937/tcia.eqde4b16,D2-0516,1.3.6.1.4.1.14519.5.2.1.1239.1759.924198689306954417995439015124,NA,07-18-2010,NA,NA,MG,Digital Mammography X-Ray Image Storage - For Presentation,1.2.840.10008.5.1.4.1.1.1.2,4,17.57 MB,./CMMD/D2-0516/1.3.6.1.4.1.14519.5.2.1.1239.1759.924198689306954417995439015124/1.3.6.1.4.1.14519.5.2.1.1239.1759.193833135729704892754918009845,2025-12-02T12:04:52.357809364
1.3.6.1.4.1.14519.5.2.1.1239.1759.206522383222471170267399245673,CMMD,NO,https://doi.org/10.7937/tcia.eqde4b16,D2-0517,1.3.6.1.4.1.14519.5.2.1.1239.1759.151882108576990427016102601987,NA,07-18-2010,NA,NA,MG,Digital Mammography X-Ray Image Storage - For Presentation,1.2.840.10008.5.1.4.1.1.1.2,4,17.57 MB,./CMMD/D2-0517/1.3.6.1.4.1.14519.5.2.1.1239.1759.151882108576990427016102601987/1.3.6.1.4.1.14519.5.2.1.1239.1759.206522383222471170267399245673,2025-12-02T12:04:53.976447553
1.3.6.1.4.1.14519.5.2.1.1239.1759.191559068440211626967488332457,CMMD,NO,https://doi.org/10.7937/tcia.eqde4b16,D2-0518,1.3.6.1.4.1.14519.5.2.1.1239.1759.103147545521347602333472838749,NA,07-18-2010,NA,NA,MG,Digital Mammography X-Ray Image Storage - For Presentation,1.2.840.10008.5.1.4.1.1.1.2,4,17.57 MB,./CMMD/D2-0518/1.3.6.1.4.1.14519.5.2.1.1239.1759.103147545521347602333472838749/1.3.6.1.4.1.14519.5.2.1.1239.1759.191559068440211626967488332457,2025-12-02T12:04:56.52912152
1.3.6.1.4.1.14519.5.2.1.1239.1759.248286710009437207172406527556,CMMD,NO,https://doi.org/10.7937/tcia.eqde4b16,D2-0519,1.3.6.1.4.1.14519.5.2.1.1239.1759.393072303681001239737769838099,NA,07-18-2010,NA,NA,MG,Digital Mammography X-Ray Image Storage - For Presentation,1.2.840.10008.5.1.4.1.1.1.2,4,17.57 MB,./CMMD/D2-0519/1.3.6.1.4.1.14519.5.2.1.1239.1759.393072303681001239737769838099/1.3.6.1.4.1.14519.5.2.1.1239.1759.248286710009437207172406527556,2025-12-02T12:05:04.605188137
1.3.6.1.4.1.14519.5.2.1.1239.1759.248746347188344368470508081688,CMMD,NO,https://doi.org/10.7937/tcia.eqde4b16,D2-0520,1.3.6.1.4.1.14519.5.2.1.1239.1759.233092016435860871849621711027,NA,07-18-2010,NA,NA,MG,Digital Mammography X-Ray Image Storage - For Presentation,1.2.840.10008.5.1.4.1.1.1.2,4,17.57 MB,./CMMD/D2-0520/1.3.6.1.4.1.14519.5.2.1.1239.1759.233092016435860871849621711027/1.3.6.1.4.1.14519.5.2.1.1239.1759.248746347188344368470508081688,2025-12-02T12:05:07.9340047
1.3.6.1.4.1.14519.5.2.1.1239.1759.298987066835634441006779514858,CMMD,NO,https://doi.org/10.7937/tcia.eqde4b16,D2-0521,1.3.6.1.4.1.14519.5.2.1.1239.1759.230888215997644826549638761612,NA,07-18-2010,NA,NA,MG,Digital Mammography X-Ray Image Storage - For Presentation,1.2.840.10008.5.1.4.1.1.1.2,4,17.57 MB,./CMMD/D2-0521/1.3.6.1.4.1.14519.5.2.1.1239.1759.230888215997644826549638761612/1.3.6.1.4.1.14519.5.2.1.1239.1759.298987066835634441006779514858,2025-12-02T12:05:09.730190611
1.3.6.1.4.1.14519.5.2.1.1239.1759.222923181043387393051075254880,CMMD,NO,https://doi.org/10.7937/tcia.eqde4b16,D2-0522,1.3.6.1.4.1.14519.5.2.1.1239.1759.165142889846266830696537673089,NA,07-18-2010,NA,NA,MG,Digital Mammography X-Ray Image Storage - For Presentation,1.2.840.10008.5.1.4.1.1.1.2,4,17.57 MB,./CMMD/D2-0522/1.3.6.1.4.1.14519.5.2.1.1239.1759.165142889846266830696537673089/1.3.6.1.4.1.14519.5.2.1.1239.1759.222923181043387393051075254880,2025-12-02T12:05:13.598415895
1.3.6.1.4.1.14519.5.2.1.1239.1759.325768818738608239909073003883,CMMD,NO,https://doi.org/10.7937/tcia.eqde4b16,D2-0524,1.3.6.1.4.1.14519.5.2.1.1239.1759.623575904516650413609690006795,NA,07-18-2010,NA,NA,MG,Digital Mammography X-Ray Image Storage - For Presentation,1.2.840.10008.5.1.4.1.1.1.2,4,17.57 MB,./CMMD/D2-0524/1.3.6.1.4.1.14519.5.2.1.1239.1759.623575904516650413609690006795/1.3.6.1.4.1.14519.5.2.1.1239.1759.325768818738608239909073003883,2025-12-02T12:05:23.37538613
1.3.6.1.4.1.14519.5.2.1.1239.1759.374684594854655692516183888490,CMMD,NO,https://doi.org/10.7937/tcia.eqde4b16,D2-0523,1.3.6.1.4.1.14519.5.2.1.1239.1759.344844396693185896648154019940,NA,07-18-2010,NA,NA,MG,Digital Mammography X-Ray Image Storage - For Presentation,1.2.840.10008.5.1.4.1.1.1.2,4,17.57 MB,./CMMD/D2-0523/1.3.6.1.4.1.14519.5.2.1.1239.1759.344844396693185896648154019940/1.3.6.1.4.1.14519.5.2.1.1239.1759.374684594854655692516183888490,2025-12-02T12:05:28.411072362
1.3.6.1.4.1.14519.5.2.1.1239.1759.100887576789866082098985902557,CMMD,NO,https://doi.org/10.7937/tcia.eqde4b16,D2-0525,1.3.6.1.4.1.14519.5.2.1.1239.1759.179417923419475696324644343002,NA,07-18-2010,NA,NA,MG,Digital Mammography X-Ray Image Storage - For Presentation,1.2.840.10008.5.1.4.1.1.1.2,4,17.57 MB,./CMMD/D2-0525/1.3.6.1.4.1.14519.5.2.1.1239.1759.179417923419475696324644343002/1.3.6.1.4.1.14519.5.2.1.1239.1759.100887576789866082098985902557,2025-12-02T12:05:29.11917471
1.3.6.1.4.1.14519.5.2.1.1239.1759.243420008138242746109884885739,CMMD,NO,https://doi.org/10.7937/tcia.eqde4b16,D2-0526,1.3.6.1.4.1.14519.5.2.1.1239.1759.181274685244019494056704015996,NA,07-18-2010,NA,NA,MG,Digital Mammography X-Ray Image Storage - For Presentation,1.2.840.10008.5.1.4.1.1.1.2,4,17.57 MB,./CMMD/D2-0526/1.3.6.1.4.1.14519.5.2.1.1239.1759.181274685244019494056704015996/1.3.6.1.4.1.14519.5.2.1.1239.1759.243420008138242746109884885739,2025-12-02T12:05:31.690254859
1.3.6.1.4.1.14519.5.2.1.1239.1759.255969132429660771858989687405,CMMD,NO,https://doi.org/10.7937/tcia.eqde4b16,D2-0528,1.3.6.1.4.1.14519.5.2.1.1239.1759.114418369715909428652867733236,NA,07-18-2010,NA,NA,MG,Digital Mammography X-Ray Image Storage - For Presentation,1.2.840.10008.5.1.4.1.1.1.2,4,17.57 MB,./CMMD/D2-0528/1.3.6.1.4.1.14519.5.2.1.1239.1759.114418369715909428652867733236/1.3.6.1.4.1.14519.5.2.1.1239.1759.255969132429660771858989687405,2025-12-02T12:05:49.390968634
1.3.6.1.4.1.14519.5.2.1.1239.1759.311973464371044118785124178801,CMMD,NO,https://doi.org/10.7937/tcia.eqde4b16,D2-0527,1.3.6.1.4.1.14519.5.2.1.1239.1759.240677916498602976219496120952,NA,07-18-2010,NA,NA,MG,Digital Mammography X-Ray Image Storage - For Presentation,1.2.840.10008.5.1.4.1.1.1.2,4,17.57 MB,./CMMD/D2-0527/1.3.6.1.4.1.14519.5.2.1.1239.1759.240677916498602976219496120952/1.3.6.1.4.1.14519.5.2.1.1239.1759.311973464371044118785124178801,2025-12-02T12:05:51.423429655
1.3.6.1.4.1.14519.5.2.1.1239.1759.201096034829354337268212546287,CMMD,NO,https://doi.org/10.7937/tcia.eqde4b16,D2-0529,1.3.6.1.4.1.14519.5.2.1.1239.1759.303723666709727043011544562996,NA,07-18-2010,NA,NA,MG,Digital Mammography X-Ray Image Storage - For Presentation,1.2.840.10008.5.1.4.1.1.1.2,4,17.57 MB,./CMMD/D2-0529/1.3.6.1.4.1.14519.5.2.1.1239.1759.303723666709727043011544562996/1.3.6.1.4.1.14519.5.2.1.1239.1759.201096034829354337268212546287,2025-12-02T12:05:56.246081307
1.3.6.1.4.1.14519.5.2.1.1239.1759.117289866954654913239036870010,CMMD,NO,https://doi.org/10.7937/tcia.eqde4b16,D2-0530,1.3.6.1.4.1.14519.5.2.1.1239.1759.272272273744698671736205545239,NA,07-18-2010,NA,NA,MG,Digital Mammography X-Ray Image Storage - For Presentation,1.2.840.10008.5.1.4.1.1.1.2,4,17.57 MB,./CMMD/D2-0530/1.3.6.1.4.1.14519.5.2.1.1239.1759.272272273744698671736205545239/1.3.6.1.4.1.14519.5.2.1.1239.1759.117289866954654913239036870010,2025-12-02T12:06:03.29311215
1.3.6.1.4.1.14519.5.2.1.1239.1759.295127108269360399606563862330,CMMD,NO,https://doi.org/10.7937/tcia.eqde4b16,D2-0531,1.3.6.1.4.1.14519.5.2.1.1239.1759.293184985801860827137022608627,NA,07-18-2010,NA,NA,MG,Digital Mammography X-Ray Image Storage - For Presentation,1.2.840.10008.5.1.4.1.1.1.2,4,17.57 MB,./CMMD/D2-0531/1.3.6.1.4.1.14519.5.2.1.1239.1759.293184985801860827137022608627/1.3.6.1.4.1.14519.5.2.1.1239.1759.295127108269360399606563862330,2025-12-02T12:06:06.497986687
1.3.6.1.4.1.14519.5.2.1.1239.1759.117325534546000130696425601065,CMMD,NO,https://doi.org/10.7937/tcia.eqde4b16,D2-0532,1.3.6.1.4.1.14519.5.2.1.1239.1759.253348749123583579399546141059,NA,07-18-2010,NA,NA,MG,Digital Mammography X-Ray Image Storage - For Presentation,1.2.840.10008.5.1.4.1.1.1.2,4,17.57 MB,./CMMD/D2-0532/1.3.6.1.4.1.14519.5.2.1.1239.1759.253348749123583579399546141059/1.3.6.1.4.1.14519.5.2.1.1239.1759.117325534546000130696425601065,2025-12-02T12:06:09.975765018
1.3.6.1.4.1.14519.5.2.1.1239.1759.183403536632899826653823005837,CMMD,NO,https://doi.org/10.7937/tcia.eqde4b16,D2-0533,1.3.6.1.4.1.14519.5.2.1.1239.1759.190696472110240246394760175625,NA,07-18-2010,NA,NA,MG,Digital Mammography X-Ray Image Storage - For Presentation,1.2.840.10008.5.1.4.1.1.1.2,4,17.57 MB,./CMMD/D2-0533/1.3.6.1.4.1.14519.5.2.1.1239.1759.190696472110240246394760175625/1.3.6.1.4.1.14519.5.2.1.1239.1759.183403536632899826653823005837,2025-12-02T12:06:10.879081314
1.3.6.1.4.1.14519.5.2.1.1239.1759.211796650922958134405926171949,CMMD,NO,https://doi.org/10.7937/tcia.eqde4b16,D2-0535,1.3.6.1.4.1.14519.5.2.1.1239.1759.150823888067866240100449257075,NA,07-18-2010,NA,NA,MG,Digital Mammography X-Ray Image Storage - For Presentation,1.2.840.10008.5.1.4.1.1.1.2,4,17.57 MB,./CMMD/D2-0535/1.3.6.1.4.1.14519.5.2.1.1239.1759.150823888067866240100449257075/1.3.6.1.4.1.14519.5.2.1.1239.1759.211796650922958134405926171949,2025-12-02T12:06:22.841982983
1.3.6.1.4.1.14519.5.2.1.1239.1759.364162748394980597446451126445,CMMD,NO,https://doi.org/10.7937/tcia.eqde4b16,D2-0534,1.3.6.1.4.1.14519.5.2.1.1239.1759.411763074583326967841001483923,NA,07-18-2010,NA,NA,MG,Digital Mammography X-Ray Image Storage - For Presentation,1.2.840.10008.5.1.4.1.1.1.2,4,17.57 MB,./CMMD/D2-0534/1.3.6.1.4.1.14519.5.2.1.1239.1759.411763074583326967841001483923/1.3.6.1.4.1.14519.5.2.1.1239.1759.364162748394980597446451126445,2025-12-02T12:06:24.655706496
1.3.6.1.4.1.14519.5.2.1.1239.1759.130379671829411620924621444532,CMMD,NO,https://doi.org/10.7937/tcia.eqde4b16,D2-0538,1.3.6.1.4.1.14519.5.2.1.1239.1759.213096511531611175707647855465,NA,07-18-2010,NA,NA,MG,Digital Mammography X-Ray Image Storage - For Presentation,1.2.840.10008.5.1.4.1.1.1.2,4,17.57 MB,./CMMD/D2-0538/1.3.6.1.4.1.14519.5.2.1.1239.1759.213096511531611175707647855465/1.3.6.1.4.1.14519.5.2.1.1239.1759.130379671829411620924621444532,2025-12-02T12:06:34.274758501
1.3.6.1.4.1.14519.5.2.1.1239.1759.104022497133363610671873493156,CMMD,NO,https://doi.org/10.7937/tcia.eqde4b16,D2-0536,1.3.6.1.4.1.14519.5.2.1.1239.1759.283693409323917680127513182523,NA,07-18-2010,NA,NA,MG,Digital Mammography X-Ray Image Storage - For Presentation,1.2.840.10008.5.1.4.1.1.1.2,4,17.57 MB,./CMMD/D2-0536/1.3.6.1.4.1.14519.5.2.1.1239.1759.283693409323917680127513182523/1.3.6.1.4.1.14519.5.2.1.1239.1759.104022497133363610671873493156,2025-12-02T12:06:37.071369144
1.3.6.1.4.1.14519.5.2.1.1239.1759.216265226571537559757577773401,CMMD,NO,https://doi.org/10.7937/tcia.eqde4b16,D2-0537,1.3.6.1.4.1.14519.5.2.1.1239.1759.137907763371285879562238268982,NA,07-18-2010,NA,NA,MG,Digital Mammography X-Ray Image Storage - For Presentation,1.2.840.10008.5.1.4.1.1.1.2,4,17.57 MB,./CMMD/D2-0537/1.3.6.1.4.1.14519.5.2.1.1239.1759.137907763371285879562238268982/1.3.6.1.4.1.14519.5.2.1.1239.1759.216265226571537559757577773401,2025-12-02T12:06:38.864840088
1.3.6.1.4.1.14519.5.2.1.1239.1759.234803637017195116161511200093,CMMD,NO,https://doi.org/10.7937/tcia.eqde4b16,D2-0539,1.3.6.1.4.1.14519.5.2.1.1239.1759.203011528562816868421155241529,NA,07-18-2010,NA,NA,MG,Digital Mammography X-Ray Image Storage - For Presentation,1.2.840.10008.5.1.4.1.1.1.2,4,17.57 MB,./CMMD/D2-0539/1.3.6.1.4.1.14519.5.2.1.1239.1759.203011528562816868421155241529/1.3.6.1.4.1.14519.5.2.1.1239.1759.234803637017195116161511200093,2025-12-02T12:06:46.597380484
1.3.6.1.4.1.14519.5.2.1.1239.1759.336501872995930693791903566222,CMMD,NO,https://doi.org/10.7937/tcia.eqde4b16,D2-0541,1.3.6.1.4.1.14519.5.2.1.1239.1759.197217151941773127670847738786,NA,07-18-2010,NA,NA,MG,Digital Mammography X-Ray Image Storage - For Presentation,1.2.840.10008.5.1.4.1.1.1.2,4,17.57 MB,./CMMD/D2-0541/1.3.6.1.4.1.14519.5.2.1.1239.1759.197217151941773127670847738786/1.3.6.1.4.1.14519.5.2.1.1239.1759.336501872995930693791903566222,2025-12-02T12:06:48.396148152
1.3.6.1.4.1.14519.5.2.1.1239.1759.325450624301171701021238545501,CMMD,NO,https://doi.org/10.7937/tcia.eqde4b16,D2-0543,1.3.6.1.4.1.14519.5.2.1.1239.1759.161899367200595416077299320880,NA,07-18-2010,NA,NA,MG,Digital Mammography X-Ray Image Storage - For Presentation,1.2.840.10008.5.1.4.1.1.1.2,4,17.57 MB,./CMMD/D2-0543/1.3.6.1.4.1.14519.5.2.1.1239.1759.161899367200595416077299320880/1.3.6.1.4.1.14519.5.2.1.1239.1759.325450624301171701021238545501,2025-12-02T12:06:58.729383446
1.3.6.1.4.1.14519.5.2.1.1239.1759.697764250916800776328829167922,CMMD,NO,https://doi.org/10.7937/tcia.eqde4b16,D2-0542,1.3.6.1.4.1.14519.5.2.1.1239.1759.996795321756829195479056278545,NA,07-18-2010,NA,NA,MG,Digital Mammography X-Ray Image Storage - For Presentation,1.2.840.10008.5.1.4.1.1.1.2,4,17.57 MB,./CMMD/D2-0542/1.3.6.1.4.1.14519.5.2.1.1239.1759.996795321756829195479056278545/1.3.6.1.4.1.14519.5.2.1.1239.1759.697764250916800776328829167922,2025-12-02T12:06:59.834546108
1.3.6.1.4.1.14519.5.2.1.1239.1759.286316299956202931682560067228,CMMD,NO,https://doi.org/10.7937/tcia.eqde4b16,D2-0545,1.3.6.1.4.1.14519.5.2.1.1239.1759.291446068838371452867814119724,NA,07-18-2010,NA,NA,MG,Digital Mammography X-Ray Image Storage - For Presentation,1.2.840.10008.5.1.4.1.1.1.2,4,17.57 MB,./CMMD/D2-0545/1.3.6.1.4.1.14519.5.2.1.1239.1759.291446068838371452867814119724/1.3.6.1.4.1.14519.5.2.1.1239.1759.286316299956202931682560067228,2025-12-02T12:07:10.600652046
1.3.6.1.4.1.14519.5.2.1.1239.1759.281601414592982811472514378904,CMMD,NO,https://doi.org/10.7937/tcia.eqde4b16,D2-0540,1.3.6.1.4.1.14519.5.2.1.1239.1759.173034109855242745573974689057,NA,07-18-2010,NA,NA,MG,Digital Mammography X-Ray Image Storage - For Presentation,1.2.840.10008.5.1.4.1.1.1.2,4,17.57 MB,./CMMD/D2-0540/1.3.6.1.4.1.14519.5.2.1.1239.1759.173034109855242745573974689057/1.3.6.1.4.1.14519.5.2.1.1239.1759.281601414592982811472514378904,2025-12-02T12:07:13.293620026
1.3.6.1.4.1.14519.5.2.1.1239.1759.132527422979264248985396064995,CMMD,NO,https://doi.org/10.7937/tcia.eqde4b16,D2-0544,1.3.6.1.4.1.14519.5.2.1.1239.1759.216601911770604580847542008923,NA,07-18-2010,NA,NA,MG,Digital Mammography X-Ray Image Storage - For Presentation,1.2.840.10008.5.1.4.1.1.1.2,4,17.57 MB,./CMMD/D2-0544/1.3.6.1.4.1.14519.5.2.1.1239.1759.216601911770604580847542008923/1.3.6.1.4.1.14519.5.2.1.1239.1759.132527422979264248985396064995,2025-12-02T12:07:13.828009017
1.3.6.1.4.1.14519.5.2.1.1239.1759.172275758071969703844134943403,CMMD,NO,https://doi.org/10.7937/tcia.eqde4b16,D2-0546,1.3.6.1.4.1.14519.5.2.1.1239.1759.327892744245809851040874956468,NA,07-18-2010,NA,NA,MG,Digital Mammography X-Ray Image Storage - For Presentation,1.2.840.10008.5.1.4.1.1.1.2,4,17.57 MB,./CMMD/D2-0546/1.3.6.1.4.1.14519.5.2.1.1239.1759.327892744245809851040874956468/1.3.6.1.4.1.14519.5.2.1.1239.1759.172275758071969703844134943403,2025-12-02T12:07:19.473925507
1.3.6.1.4.1.14519.5.2.1.1239.1759.310546304999202272378366657644,CMMD,NO,https://doi.org/10.7937/tcia.eqde4b16,D2-0548,1.3.6.1.4.1.14519.5.2.1.1239.1759.344413600592988184844893021810,NA,07-18-2010,NA,NA,MG,Digital Mammography X-Ray Image Storage - For Presentation,1.2.840.10008.5.1.4.1.1.1.2,4,17.57 MB,./CMMD/D2-0548/1.3.6.1.4.1.14519.5.2.1.1239.1759.344413600592988184844893021810/1.3.6.1.4.1.14519.5.2.1.1239.1759.310546304999202272378366657644,2025-12-02T12:07:24.962657599
1.3.6.1.4.1.14519.5.2.1.1239.1759.137060244170248277359437485800,CMMD,NO,https://doi.org/10.7937/tcia.eqde4b16,D2-0550,1.3.6.1.4.1.14519.5.2.1.1239.1759.719861143210336677098253526624,NA,07-18-2010,NA,NA,MG,Digital Mammography X-Ray Image Storage - For Presentation,1.2.840.10008.5.1.4.1.1.1.2,4,17.57 MB,./CMMD/D2-0550/1.3.6.1.4.1.14519.5.2.1.1239.1759.719861143210336677098253526624/1.3.6.1.4.1.14519.5.2.1.1239.1759.137060244170248277359437485800,2025-12-02T12:07:34.580605445
1.3.6.1.4.1.14519.5.2.1.1239.1759.158633910863447553714158266213,CMMD,NO,https://doi.org/10.7937/tcia.eqde4b16,D2-0549,1.3.6.1.4.1.14519.5.2.1.1239.1759.908836352891492734091412753134,NA,07-18-2010,NA,NA,MG,Digital Mammography X-Ray Image Storage - For Presentation,1.2.840.10008.5.1.4.1.1.1.2,4,17.57 MB,./CMMD/D2-0549/1.3.6.1.4.1.14519.5.2.1.1239.1759.908836352891492734091412753134/1.3.6.1.4.1.14519.5.2.1.1239.1759.158633910863447553714158266213,2025-12-02T12:07:36.81878774
1.3.6.1.4.1.14519.5.2.1.1239.1759.240854251227040085123726031177,CMMD,NO,https://doi.org/10.7937/tcia.eqde4b16,D2-0547,1.3.6.1.4.1.14519.5.2.1.1239.1759.245499980611769243707894331614,NA,07-18-2010,NA,NA,MG,Digital Mammography X-Ray Image Storage - For Presentation,1.2.840.10008.5.1.4.1.1.1.2,4,17.57 MB,./CMMD/D2-0547/1.3.6.1.4.1.14519.5.2.1.1239.1759.245499980611769243707894331614/1.3.6.1.4.1.14519.5.2.1.1239.1759.240854251227040085123726031177,2025-12-02T12:07:45.040537816
1.3.6.1.4.1.14519.5.2.1.1239.1759.673909064193120525701127542613,CMMD,NO,https://doi.org/10.7937/tcia.eqde4b16,D2-0551,1.3.6.1.4.1.14519.5.2.1.1239.1759.326857875210659252041113607770,NA,07-18-2010,NA,NA,MG,Digital Mammography X-Ray Image Storage - For Presentation,1.2.840.10008.5.1.4.1.1.1.2,4,17.57 MB,./CMMD/D2-0551/1.3.6.1.4.1.14519.5.2.1.1239.1759.326857875210659252041113607770/1.3.6.1.4.1.14519.5.2.1.1239.1759.673909064193120525701127542613,2025-12-02T12:07:47.387850324
1.3.6.1.4.1.14519.5.2.1.1239.1759.245030815617035978016414602252,CMMD,NO,https://doi.org/10.7937/tcia.eqde4b16,D2-0552,1.3.6.1.4.1.14519.5.2.1.1239.1759.210642531158143337381313474497,NA,07-18-2010,NA,NA,MG,Digital Mammography X-Ray Image Storage - For Presentation,1.2.840.10008.5.1.4.1.1.1.2,4,17.57 MB,./CMMD/D2-0552/1.3.6.1.4.1.14519.5.2.1.1239.1759.210642531158143337381313474497/1.3.6.1.4.1.14519.5.2.1.1239.1759.245030815617035978016414602252,2025-12-02T12:07:52.683353802
1.3.6.1.4.1.14519.5.2.1.1239.1759.303433405497049207477712866272,CMMD,NO,https://doi.org/10.7937/tcia.eqde4b16,D2-0553,1.3.6.1.4.1.14519.5.2.1.1239.1759.315934795641408952405008965637,NA,07-18-2010,NA,NA,MG,Digital Mammography X-Ray Image Storage - For Presentation,1.2.840.10008.5.1.4.1.1.1.2,4,17.57 MB,./CMMD/D2-0553/1.3.6.1.4.1.14519.5.2.1.1239.1759.315934795641408952405008965637/1.3.6.1.4.1.14519.5.2.1.1239.1759.303433405497049207477712866272,2025-12-02T12:07:53.323182974
1.3.6.1.4.1.14519.5.2.1.1239.1759.295568369684771311510264681396,CMMD,NO,https://doi.org/10.7937/tcia.eqde4b16,D2-0554,1.3.6.1.4.1.14519.5.2.1.1239.1759.238249292937411812185339799052,NA,07-18-2010,NA,NA,MG,Digital Mammography X-Ray Image Storage - For Presentation,1.2.840.10008.5.1.4.1.1.1.2,4,17.57 MB,./CMMD/D2-0554/1.3.6.1.4.1.14519.5.2.1.1239.1759.238249292937411812185339799052/1.3.6.1.4.1.14519.5.2.1.1239.1759.295568369684771311510264681396,2025-12-02T12:08:04.015901047
1.3.6.1.4.1.14519.5.2.1.1239.1759.320514403684209084096032258041,CMMD,NO,https://doi.org/10.7937/tcia.eqde4b16,D2-0556,1.3.6.1.4.1.14519.5.2.1.1239.1759.192320175377744907318902655400,NA,07-18-2010,NA,NA,MG,Digital Mammography X-Ray Image Storage - For Presentation,1.2.840.10008.5.1.4.1.1.1.2,4,17.57 MB,./CMMD/D2-0556/1.3.6.1.4.1.14519.5.2.1.1239.1759.192320175377744907318902655400/1.3.6.1.4.1.14519.5.2.1.1239.1759.320514403684209084096032258041,2025-12-02T12:08:08.691786702
1.3.6.1.4.1.14519.5.2.1.1239.1759.147020217869665810677541862341,CMMD,NO,https://doi.org/10.7937/tcia.eqde4b16,D2-0557,1.3.6.1.4.1.14519.5.2.1.1239.1759.680336454541963165602075088226,NA,07-18-2010,NA,NA,MG,Digital Mammography X-Ray Image Storage - For Presentation,1.2.840.10008.5.1.4.1.1.1.2,4,17.57 MB,./CMMD/D2-0557/1.3.6.1.4.1.14519.5.2.1.1239.1759.680336454541963165602075088226/1.3.6.1.4.1.14519.5.2.1.1239.1759.147020217869665810677541862341,2025-12-02T12:08:14.299938758
1.3.6.1.4.1.14519.5.2.1.1239.1759.157322389804248997952146724905,CMMD,NO,https://doi.org/10.7937/tcia.eqde4b16,D2-0555,1.3.6.1.4.1.14519.5.2.1.1239.1759.308979050029120860003004262093,NA,07-18-2010,NA,NA,MG,Digital Mammography X-Ray Image Storage - For Presentation,1.2.840.10008.5.1.4.1.1.1.2,4,17.57 MB,./CMMD/D2-0555/1.3.6.1.4.1.14519.5.2.1.1239.1759.308979050029120860003004262093/1.3.6.1.4.1.14519.5.2.1.1239.1759.157322389804248997952146724905,2025-12-02T12:08:17.519920571
1.3.6.1.4.1.14519.5.2.1.1239.1759.488860114615424527778658733542,CMMD,NO,https://doi.org/10.7937/tcia.eqde4b16,D2-0559,1.3.6.1.4.1.14519.5.2.1.1239.1759.147288934074185539151859081542,NA,07-18-2010,NA,NA,MG,Digital Mammography X-Ray Image Storage - For Presentation,1.2.840.10008.5.1.4.1.1.1.2,4,17.57 MB,./CMMD/D2-0559/1.3.6.1.4.1.14519.5.2.1.1239.1759.147288934074185539151859081542/1.3.6.1.4.1.14519.5.2.1.1239.1759.488860114615424527778658733542,2025-12-02T12:08:27.126980969
1.3.6.1.4.1.14519.5.2.1.1239.1759.126483007539162842138202144827,CMMD,NO,https://doi.org/10.7937/tcia.eqde4b16,D2-0558,1.3.6.1.4.1.14519.5.2.1.1239.1759.302250396311539622337960161851,NA,07-18-2010,NA,NA,MG,Digital Mammography X-Ray Image Storage - For Presentation,1.2.840.10008.5.1.4.1.1.1.2,4,17.57 MB,./CMMD/D2-0558/1.3.6.1.4.1.14519.5.2.1.1239.1759.302250396311539622337960161851/1.3.6.1.4.1.14519.5.2.1.1239.1759.126483007539162842138202144827,2025-12-02T12:08:29.806284567
1.3.6.1.4.1.14519.5.2.1.1239.1759.575369521165092455812867286918,CMMD,NO,https://doi.org/10.7937/tcia.eqde4b16,D2-0560,1.3.6.1.4.1.14519.5.2.1.1239.1759.266122527064273141006352731643,NA,07-18-2010,NA,NA,MG,Digital Mammography X-Ray Image Storage - For Presentation,1.2.840.10008.5.1.4.1.1.1.2,4,17.57 MB,./CMMD/D2-0560/1.3.6.1.4.1.14519.5.2.1.1239.1759.266122527064273141006352731643/1.3.6.1.4.1.14519.5.2.1.1239.1759.575369521165092455812867286918,2025-12-02T12:08:34.915786989
1.3.6.1.4.1.14519.5.2.1.1239.1759.108929022046538134513452565684,CMMD,NO,https://doi.org/10.7937/tcia.eqde4b16,D2-0561,1.3.6.1.4.1.14519.5.2.1.1239.1759.213963260510987311729660990228,NA,07-18-2010,NA,NA,MG,Digital Mammography X-Ray Image Storage - For Presentation,1.2.840.10008.5.1.4.1.1.1.2,4,17.57 MB,./CMMD/D2-0561/1.3.6.1.4.1.14519.5.2.1.1239.1759.213963260510987311729660990228/1.3.6.1.4.1.14519.5.2.1.1239.1759.108929022046538134513452565684,2025-12-02T12:08:44.021141075
1.3.6.1.4.1.14519.5.2.1.1239.1759.313613655077829226540334476056,CMMD,NO,https://doi.org/10.7937/tcia.eqde4b16,D2-0562,1.3.6.1.4.1.14519.5.2.1.1239.1759.284241184938538234881079382721,NA,07-18-2010,NA,NA,MG,Digital Mammography X-Ray Image Storage - For Presentation,1.2.840.10008.5.1.4.1.1.1.2,4,17.57 MB,./CMMD/D2-0562/1.3.6.1.4.1.14519.5.2.1.1239.1759.284241184938538234881079382721/1.3.6.1.4.1.14519.5.2.1.1239.1759.313613655077829226540334476056,2025-12-02T12:08:48.564235535
1.3.6.1.4.1.14519.5.2.1.1239.1759.386292555733565992195364593001,CMMD,NO,https://doi.org/10.7937/tcia.eqde4b16,D2-0565,1.3.6.1.4.1.14519.5.2.1.1239.1759.141567082074923134891351372392,NA,07-18-2011,NA,NA,MG,Digital Mammography X-Ray Image Storage - For Presentation,1.2.840.10008.5.1.4.1.1.1.2,4,17.57 MB,./CMMD/D2-0565/1.3.6.1.4.1.14519.5.2.1.1239.1759.141567082074923134891351372392/1.3.6.1.4.1.14519.5.2.1.1239.1759.386292555733565992195364593001,2025-12-02T12:08:59.395373814
1.3.6.1.4.1.14519.5.2.1.1239.1759.253072024855300419126282145322,CMMD,NO,https://doi.org/10.7937/tcia.eqde4b16,D2-0563,1.3.6.1.4.1.14519.5.2.1.1239.1759.312605349080971510312797390103,NA,07-18-2010,NA,NA,MG,Digital Mammography X-Ray Image Storage - For Presentation,1.2.840.10008.5.1.4.1.1.1.2,4,17.57 MB,./CMMD/D2-0563/1.3.6.1.4.1.14519.5.2.1.1239.1759.312605349080971510312797390103/1.3.6.1.4.1.14519.5.2.1.1239.1759.253072024855300419126282145322,2025-12-02T12:09:08.285786822
1.3.6.1.4.1.14519.5.2.1.1239.1759.284827825376209915052604738840,CMMD,NO,https://doi.org/10.7937/tcia.eqde4b16,D2-0564,1.3.6.1.4.1.14519.5.2.1.1239.1759.296068021416398070294232219553,NA,07-18-2011,NA,NA,MG,Digital Mammography X-Ray Image Storage - For Presentation,1.2.840.10008.5.1.4.1.1.1.2,4,17.57 MB,./CMMD/D2-0564/1.3.6.1.4.1.14519.5.2.1.1239.1759.296068021416398070294232219553/1.3.6.1.4.1.14519.5.2.1.1239.1759.284827825376209915052604738840,2025-12-02T12:09:08.891123614
1.3.6.1.4.1.14519.5.2.1.1239.1759.126212972875774118979148562592,CMMD,NO,https://doi.org/10.7937/tcia.eqde4b16,D2-0566,1.3.6.1.4.1.14519.5.2.1.1239.1759.819043985975649805323908545353,NA,07-18-2011,NA,NA,MG,Digital Mammography X-Ray Image Storage - For Presentation,1.2.840.10008.5.1.4.1.1.1.2,4,17.57 MB,./CMMD/D2-0566/1.3.6.1.4.1.14519.5.2.1.1239.1759.819043985975649805323908545353/1.3.6.1.4.1.14519.5.2.1.1239.1759.126212972875774118979148562592,2025-12-02T12:09:19.210035814
1.3.6.1.4.1.14519.5.2.1.1239.1759.293897162145377050390372928440,CMMD,NO,https://doi.org/10.7937/tcia.eqde4b16,D2-0567,1.3.6.1.4.1.14519.5.2.1.1239.1759.145723102272123553618054888610,NA,07-18-2011,NA,NA,MG,Digital Mammography X-Ray Image Storage - For Presentation,1.2.840.10008.5.1.4.1.1.1.2,4,17.57 MB,./CMMD/D2-0567/1.3.6.1.4.1.14519.5.2.1.1239.1759.145723102272123553618054888610/1.3.6.1.4.1.14519.5.2.1.1239.1759.293897162145377050390372928440,2025-12-02T12:09:25.69735656
1.3.6.1.4.1.14519.5.2.1.1239.1759.226950146795374842829735803088,CMMD,NO,https://doi.org/10.7937/tcia.eqde4b16,D2-0568,1.3.6.1.4.1.14519.5.2.1.1239.1759.101565315050143081694938369817,NA,07-18-2011,NA,NA,MG,Digital Mammography X-Ray Image Storage - For Presentation,1.2.840.10008.5.1.4.1.1.1.2,4,17.57 MB,./CMMD/D2-0568/1.3.6.1.4.1.14519.5.2.1.1239.1759.101565315050143081694938369817/1.3.6.1.4.1.14519.5.2.1.1239.1759.226950146795374842829735803088,2025-12-02T12:09:25.973835404
1.3.6.1.4.1.14519.5.2.1.1239.1759.870256141532236992145779250126,CMMD,NO,https://doi.org/10.7937/tcia.eqde4b16,D2-0569,1.3.6.1.4.1.14519.5.2.1.1239.1759.254632423340951795759164487901,NA,07-18-2011,NA,NA,MG,Digital Mammography X-Ray Image Storage - For Presentation,1.2.840.10008.5.1.4.1.1.1.2,4,17.57 MB,./CMMD/D2-0569/1.3.6.1.4.1.14519.5.2.1.1239.1759.254632423340951795759164487901/1.3.6.1.4.1.14519.5.2.1.1239.1759.870256141532236992145779250126,2025-12-02T12:09:34.884235844
1.3.6.1.4.1.14519.5.2.1.1239.1759.673827810430970425658665488497,CMMD,NO,https://doi.org/10.7937/tcia.eqde4b16,D2-0570,1.3.6.1.4.1.14519.5.2.1.1239.1759.170493838461678039600004470898,NA,07-18-2011,NA,NA,MG,Digital Mammography X-Ray Image Storage - For Presentation,1.2.840.10008.5.1.4.1.1.1.2,4,17.57 MB,./CMMD/D2-0570/1.3.6.1.4.1.14519.5.2.1.1239.1759.170493838461678039600004470898/1.3.6.1.4.1.14519.5.2.1.1239.1759.673827810430970425658665488497,2025-12-02T12:09:43.708929387
1.3.6.1.4.1.14519.5.2.1.1239.1759.114113504586749643812293998559,CMMD,NO,https://doi.org/10.7937/tcia.eqde4b16,D2-0571,1.3.6.1.4.1.14519.5.2.1.1239.1759.297058082478450523215687729373,NA,07-18-2011,NA,NA,MG,Digital Mammography X-Ray Image Storage - For Presentation,1.2.840.10008.5.1.4.1.1.1.2,4,17.57 MB,./CMMD/D2-0571/1.3.6.1.4.1.14519.5.2.1.1239.1759.297058082478450523215687729373/1.3.6.1.4.1.14519.5.2.1.1239.1759.114113504586749643812293998559,2025-12-02T12:09:47.628481914
1.3.6.1.4.1.14519.5.2.1.1239.1759.104962779533709762728298575879,CMMD,NO,https://doi.org/10.7937/tcia.eqde4b16,D2-0572,1.3.6.1.4.1.14519.5.2.1.1239.1759.335788914474415625608015134964,NA,07-18-2011,NA,NA,MG,Digital Mammography X-Ray Image Storage - For Presentation,1.2.840.10008.5.1.4.1.1.1.2,4,17.57 MB,./CMMD/D2-0572/1.3.6.1.4.1.14519.5.2.1.1239.1759.335788914474415625608015134964/1.3.6.1.4.1.14519.5.2.1.1239.1759.104962779533709762728298575879,2025-12-02T12:09:53.32872999
1.3.6.1.4.1.14519.5.2.1.1239.1759.267656504497858551993864525297,CMMD,NO,https://doi.org/10.7937/tcia.eqde4b16,D2-0573,1.3.6.1.4.1.14519.5.2.1.1239.1759.227459139304268741980074834219,NA,07-18-2011,NA,NA,MG,Digital Mammography X-Ray Image Storage - For Presentation,1.2.840.10008.5.1.4.1.1.1.2,4,17.57 MB,./CMMD/D2-0573/1.3.6.1.4.1.14519.5.2.1.1239.1759.227459139304268741980074834219/1.3.6.1.4.1.14519.5.2.1.1239.1759.267656504497858551993864525297,2025-12-02T12:09:56.459615171
1.3.6.1.4.1.14519.5.2.1.1239.1759.633007702368392251297103574328,CMMD,NO,https://doi.org/10.7937/tcia.eqde4b16,D2-0574,1.3.6.1.4.1.14519.5.2.1.1239.1759.120071508149441241305620034180,NA,07-18-2011,NA,NA,MG,Digital Mammography X-Ray Image Storage - For Presentation,1.2.840.10008.5.1.4.1.1.1.2,4,17.57 MB,./CMMD/D2-0574/1.3.6.1.4.1.14519.5.2.1.1239.1759.120071508149441241305620034180/1.3.6.1.4.1.14519.5.2.1.1239.1759.633007702368392251297103574328,2025-12-02T12:10:00.013766355
1.3.6.1.4.1.14519.5.2.1.1239.1759.124330619970314063987316279444,CMMD,NO,https://doi.org/10.7937/tcia.eqde4b16,D2-0575,1.3.6.1.4.1.14519.5.2.1.1239.1759.244416860267074683822222511851,NA,07-18-2011,NA,NA,MG,Digital Mammography X-Ray Image Storage - For Presentation,1.2.840.10008.5.1.4.1.1.1.2,4,17.57 MB,./CMMD/D2-0575/1.3.6.1.4.1.14519.5.2.1.1239.1759.244416860267074683822222511851/1.3.6.1.4.1.14519.5.2.1.1239.1759.124330619970314063987316279444,2025-12-02T12:10:06.30355071
1.3.6.1.4.1.14519.5.2.1.1239.1759.197522551315791275039184631976,CMMD,NO,https://doi.org/10.7937/tcia.eqde4b16,D2-0577,1.3.6.1.4.1.14519.5.2.1.1239.1759.111504281572110481769686970835,NA,07-18-2011,NA,NA,MG,Digital Mammography X-Ray Image Storage - For Presentation,1.2.840.10008.5.1.4.1.1.1.2,4,17.57 MB,./CMMD/D2-0577/1.3.6.1.4.1.14519.5.2.1.1239.1759.111504281572110481769686970835/1.3.6.1.4.1.14519.5.2.1.1239.1759.197522551315791275039184631976,2025-12-02T12:10:09.293791137
1.3.6.1.4.1.14519.5.2.1.1239.1759.407935145534999541376312690666,CMMD,NO,https://doi.org/10.7937/tcia.eqde4b16,D2-0578,1.3.6.1.4.1.14519.5.2.1.1239.1759.107185035104052180715106453615,NA,07-18-2011,NA,NA,MG,Digital Mammography X-Ray Image Storage - For Presentation,1.2.840.10008.5.1.4.1.1.1.2,4,17.57 MB,./CMMD/D2-0578/1.3.6.1.4.1.14519.5.2.1.1239.1759.107185035104052180715106453615/1.3.6.1.4.1.14519.5.2.1.1239.1759.407935145534999541376312690666,2025-12-02T12:10:19.019850526
1.3.6.1.4.1.14519.5.2.1.1239.1759.111640113945633160318287595772,CMMD,NO,https://doi.org/10.7937/tcia.eqde4b16,D2-0579,1.3.6.1.4.1.14519.5.2.1.1239.1759.279515709405411580383578952446,NA,07-18-2011,NA,NA,MG,Digital Mammography X-Ray Image Storage - For Presentation,1.2.840.10008.5.1.4.1.1.1.2,4,17.57 MB,./CMMD/D2-0579/1.3.6.1.4.1.14519.5.2.1.1239.1759.279515709405411580383578952446/1.3.6.1.4.1.14519.5.2.1.1239.1759.111640113945633160318287595772,2025-12-02T12:10:20.193409045
1.3.6.1.4.1.14519.5.2.1.1239.1759.283906753168733592432546659162,CMMD,NO,https://doi.org/10.7937/tcia.eqde4b16,D2-0576,1.3.6.1.4.1.14519.5.2.1.1239.1759.156927371278602961645813705950,NA,07-18-2011,NA,NA,MG,Digital Mammography X-Ray Image Storage - For Presentation,1.2.840.10008.5.1.4.1.1.1.2,4,17.57 MB,./CMMD/D2-0576/1.3.6.1.4.1.14519.5.2.1.1239.1759.156927371278602961645813705950/1.3.6.1.4.1.14519.5.2.1.1239.1759.283906753168733592432546659162,2025-12-02T12:10:25.72994994
1.3.6.1.4.1.14519.5.2.1.1239.1759.185102235831546234625931050159,CMMD,NO,https://doi.org/10.7937/tcia.eqde4b16,D2-0580,1.3.6.1.4.1.14519.5.2.1.1239.1759.766405038423849122789579008927,NA,07-18-2011,NA,NA,MG,Digital Mammography X-Ray Image Storage - For Presentation,1.2.840.10008.5.1.4.1.1.1.2,4,17.57 MB,./CMMD/D2-0580/1.3.6.1.4.1.14519.5.2.1.1239.1759.766405038423849122789579008927/1.3.6.1.4.1.14519.5.2.1.1239.1759.185102235831546234625931050159,2025-12-02T12:10:30.897912407
1.3.6.1.4.1.14519.5.2.1.1239.1759.316824088083450587029868276637,CMMD,NO,https://doi.org/10.7937/tcia.eqde4b16,D2-0581,1.3.6.1.4.1.14519.5.2.1.1239.1759.894657584541011491377517065825,NA,07-18-2011,NA,NA,MG,Digital Mammography X-Ray Image Storage - For Presentation,1.2.840.10008.5.1.4.1.1.1.2,4,17.57 MB,./CMMD/D2-0581/1.3.6.1.4.1.14519.5.2.1.1239.1759.894657584541011491377517065825/1.3.6.1.4.1.14519.5.2.1.1239.1759.316824088083450587029868276637,2025-12-02T12:10:31.976217344
1.3.6.1.4.1.14519.5.2.1.1239.1759.272769447187108147135715791800,CMMD,NO,https://doi.org/10.7937/tcia.eqde4b16,D2-0582,1.3.6.1.4.1.14519.5.2.1.1239.1759.326444006571876567881620298702,NA,07-18-2011,NA,NA,MG,Digital Mammography X-Ray Image Storage - For Presentation,1.2.840.10008.5.1.4.1.1.1.2,4,17.57 MB,./CMMD/D2-0582/1.3.6.1.4.1.14519.5.2.1.1239.1759.326444006571876567881620298702/1.3.6.1.4.1.14519.5.2.1.1239.1759.272769447187108147135715791800,2025-12-02T12:10:35.784889961
1.3.6.1.4.1.14519.5.2.1.1239.1759.118833263905280755128441641408,CMMD,NO,https://doi.org/10.7937/tcia.eqde4b16,D2-0583,1.3.6.1.4.1.14519.5.2.1.1239.1759.250778127934759221395827213115,NA,07-18-2011,NA,NA,MG,Digital Mammography X-Ray Image Storage - For Presentation,1.2.840.10008.5.1.4.1.1.1.2,4,17.57 MB,./CMMD/D2-0583/1.3.6.1.4.1.14519.5.2.1.1239.1759.250778127934759221395827213115/1.3.6.1.4.1.14519.5.2.1.1239.1759.118833263905280755128441641408,2025-12-02T12:10:39.71650662
1.3.6.1.4.1.14519.5.2.1.1239.1759.483903481231773698576506704341,CMMD,NO,https://doi.org/10.7937/tcia.eqde4b16,D2-0585,1.3.6.1.4.1.14519.5.2.1.1239.1759.306006176576322974331881723549,NA,07-18-2011,NA,NA,MG,Digital Mammography X-Ray Image Storage - For Presentation,1.2.840.10008.5.1.4.1.1.1.2,4,17.57 MB,./CMMD/D2-0585/1.3.6.1.4.1.14519.5.2.1.1239.1759.306006176576322974331881723549/1.3.6.1.4.1.14519.5.2.1.1239.1759.483903481231773698576506704341,2025-12-02T12:10:47.360472232
1.3.6.1.4.1.14519.5.2.1.1239.1759.188643949096529584727753125748,CMMD,NO,https://doi.org/10.7937/tcia.eqde4b16,D2-0586,1.3.6.1.4.1.14519.5.2.1.1239.1759.156062525118114295406688592484,NA,07-18-2011,NA,NA,MG,Digital Mammography X-Ray Image Storage - For Presentation,1.2.840.10008.5.1.4.1.1.1.2,4,17.57 MB,./CMMD/D2-0586/1.3.6.1.4.1.14519.5.2.1.1239.1759.156062525118114295406688592484/1.3.6.1.4.1.14519.5.2.1.1239.1759.188643949096529584727753125748,2025-12-02T12:10:57.717614073
1.3.6.1.4.1.14519.5.2.1.1239.1759.946172224987603485545854980482,CMMD,NO,https://doi.org/10.7937/tcia.eqde4b16,D2-0584,1.3.6.1.4.1.14519.5.2.1.1239.1759.132074606628689505762488915946,NA,07-18-2011,NA,NA,MG,Digital Mammography X-Ray Image Storage - For Presentation,1.2.840.10008.5.1.4.1.1.1.2,4,17.57 MB,./CMMD/D2-0584/1.3.6.1.4.1.14519.5.2.1.1239.1759.132074606628689505762488915946/1.3.6.1.4.1.14519.5.2.1.1239.1759.946172224987603485545854980482,2025-12-02T12:10:57.818756799
1.3.6.1.4.1.14519.5.2.1.1239.1759.177860612222260699119670114765,CMMD,NO,https://doi.org/10.7937/tcia.eqde4b16,D2-0587,1.3.6.1.4.1.14519.5.2.1.1239.1759.118849673292196339581733308235,NA,07-18-2011,NA,NA,MG,Digital Mammography X-Ray Image Storage - For Presentation,1.2.840.10008.5.1.4.1.1.1.2,4,17.57 MB,./CMMD/D2-0587/1.3.6.1.4.1.14519.5.2.1.1239.1759.118849673292196339581733308235/1.3.6.1.4.1.14519.5.2.1.1239.1759.177860612222260699119670114765,2025-12-02T12:11:04.197151358
1.3.6.1.4.1.14519.5.2.1.1239.1759.265455436409496618304764846777,CMMD,NO,https://doi.org/10.7937/tcia.eqde4b16,D2-0588,1.3.6.1.4.1.14519.5.2.1.1239.1759.110388368223745821183834289379,NA,07-18-2011,NA,NA,MG,Digital Mammography X-Ray Image Storage - For Presentation,1.2.840.10008.5.1.4.1.1.1.2,4,17.57 MB,./CMMD/D2-0588/1.3.6.1.4.1.14519.5.2.1.1239.1759.110388368223745821183834289379/1.3.6.1.4.1.14519.5.2.1.1239.1759.265455436409496618304764846777,2025-12-02T12:11:15.144481783
1.3.6.1.4.1.14519.5.2.1.1239.1759.379332904194554053502689278174,CMMD,NO,https://doi.org/10.7937/tcia.eqde4b16,D2-0589,1.3.6.1.4.1.14519.5.2.1.1239.1759.707500223984392995812532143745,NA,07-18-2011,NA,NA,MG,Digital Mammography X-Ray Image Storage - For Presentation,1.2.840.10008.5.1.4.1.1.1.2,4,17.57 MB,./CMMD/D2-0589/1.3.6.1.4.1.14519.5.2.1.1239.1759.707500223984392995812532143745/1.3.6.1.4.1.14519.5.2.1.1239.1759.379332904194554053502689278174,2025-12-02T12:11:17.785205306
1.3.6.1.4.1.14519.5.2.1.1239.1759.322582286150714420367880683512,CMMD,NO,https://doi.org/10.7937/tcia.eqde4b16,D2-0590,1.3.6.1.4.1.14519.5.2.1.1239.1759.296916407457392052991033705182,NA,07-18-2011,NA,NA,MG,Digital Mammography X-Ray Image Storage - For Presentation,1.2.840.10008.5.1.4.1.1.1.2,4,17.57 MB,./CMMD/D2-0590/1.3.6.1.4.1.14519.5.2.1.1239.1759.296916407457392052991033705182/1.3.6.1.4.1.14519.5.2.1.1239.1759.322582286150714420367880683512,2025-12-02T12:11:19.799560362
1.3.6.1.4.1.14519.5.2.1.1239.1759.273049320108918962764670517278,CMMD,NO,https://doi.org/10.7937/tcia.eqde4b16,D2-0592,1.3.6.1.4.1.14519.5.2.1.1239.1759.144482265706295388641605021361,NA,07-18-2011,NA,NA,MG,Digital Mammography X-Ray Image Storage - For Presentation,1.2.840.10008.5.1.4.1.1.1.2,4,17.57 MB,./CMMD/D2-0592/1.3.6.1.4.1.14519.5.2.1.1239.1759.144482265706295388641605021361/1.3.6.1.4.1.14519.5.2.1.1239.1759.273049320108918962764670517278,2025-12-02T12:11:26.20897641
1.3.6.1.4.1.14519.5.2.1.1239.1759.106997791194890631945648346241,CMMD,NO,https://doi.org/10.7937/tcia.eqde4b16,D2-0594,1.3.6.1.4.1.14519.5.2.1.1239.1759.355934638234557039884769255394,NA,07-18-2011,NA,NA,MG,Digital Mammography X-Ray Image Storage - For Presentation,1.2.840.10008.5.1.4.1.1.1.2,4,17.57 MB,./CMMD/D2-0594/1.3.6.1.4.1.14519.5.2.1.1239.1759.355934638234557039884769255394/1.3.6.1.4.1.14519.5.2.1.1239.1759.106997791194890631945648346241,2025-12-02T12:11:35.272848394
1.3.6.1.4.1.14519.5.2.1.1239.1759.176624859269416404966152959815,CMMD,NO,https://doi.org/10.7937/tcia.eqde4b16,D2-0591,1.3.6.1.4.1.14519.5.2.1.1239.1759.238224190121468789302683692077,NA,07-18-2011,NA,NA,MG,Digital Mammography X-Ray Image Storage - For Presentation,1.2.840.10008.5.1.4.1.1.1.2,4,17.57 MB,./CMMD/D2-0591/1.3.6.1.4.1.14519.5.2.1.1239.1759.238224190121468789302683692077/1.3.6.1.4.1.14519.5.2.1.1239.1759.176624859269416404966152959815,2025-12-02T12:11:38.948704652
1.3.6.1.4.1.14519.5.2.1.1239.1759.574865896788268369779151687240,CMMD,NO,https://doi.org/10.7937/tcia.eqde4b16,D2-0593,1.3.6.1.4.1.14519.5.2.1.1239.1759.289061314192940534538434027272,NA,07-18-2011,NA,NA,MG,Digital Mammography X-Ray Image Storage - For Presentation,1.2.840.10008.5.1.4.1.1.1.2,4,17.57 MB,./CMMD/D2-0593/1.3.6.1.4.1.14519.5.2.1.1239.1759.289061314192940534538434027272/1.3.6.1.4.1.14519.5.2.1.1239.1759.574865896788268369779151687240,2025-12-02T12:11:44.882732548
1.3.6.1.4.1.14519.5.2.1.1239.1759.112146510056791550536949955752,CMMD,NO,https://doi.org/10.7937/tcia.eqde4b16,D2-0595,1.3.6.1.4.1.14519.5.2.1.1239.1759.995347911776626898170255071305,NA,07-18-2011,NA,NA,MG,Digital Mammography X-Ray Image Storage - For Presentation,1.2.840.10008.5.1.4.1.1.1.2,4,17.57 MB,./CMMD/D2-0595/1.3.6.1.4.1.14519.5.2.1.1239.1759.995347911776626898170255071305/1.3.6.1.4.1.14519.5.2.1.1239.1759.112146510056791550536949955752,2025-12-02T12:11:48.117121977
1.3.6.1.4.1.14519.5.2.1.1239.1759.331136510380360448604990646694,CMMD,NO,https://doi.org/10.7937/tcia.eqde4b16,D2-0597,1.3.6.1.4.1.14519.5.2.1.1239.1759.130095015096751221603677788914,NA,07-18-2011,NA,NA,MG,Digital Mammography X-Ray Image Storage - For Presentation,1.2.840.10008.5.1.4.1.1.1.2,4,17.57 MB,./CMMD/D2-0597/1.3.6.1.4.1.14519.5.2.1.1239.1759.130095015096751221603677788914/1.3.6.1.4.1.14519.5.2.1.1239.1759.331136510380360448604990646694,2025-12-02T12:11:53.142360205
1.3.6.1.4.1.14519.5.2.1.1239.1759.230655929069435710266684344183,CMMD,NO,https://doi.org/10.7937/tcia.eqde4b16,D2-0596,1.3.6.1.4.1.14519.5.2.1.1239.1759.330515953073328635588876641497,NA,07-18-2011,NA,NA,MG,Digital Mammography X-Ray Image Storage - For Presentation,1.2.840.10008.5.1.4.1.1.1.2,4,17.57 MB,./CMMD/D2-0596/1.3.6.1.4.1.14519.5.2.1.1239.1759.330515953073328635588876641497/1.3.6.1.4.1.14519.5.2.1.1239.1759.230655929069435710266684344183,2025-12-02T12:11:59.861873577
1.3.6.1.4.1.14519.5.2.1.1239.1759.104649418032151707690414760850,CMMD,NO,https://doi.org/10.7937/tcia.eqde4b16,D2-0599,1.3.6.1.4.1.14519.5.2.1.1239.1759.213660652305162544356017643728,NA,07-18-2011,NA,NA,MG,Digital Mammography X-Ray Image Storage - For Presentation,1.2.840.10008.5.1.4.1.1.1.2,4,17.57 MB,./CMMD/D2-0599/1.3.6.1.4.1.14519.5.2.1.1239.1759.213660652305162544356017643728/1.3.6.1.4.1.14519.5.2.1.1239.1759.104649418032151707690414760850,2025-12-02T12:12:04.170764038
1.3.6.1.4.1.14519.5.2.1.1239.1759.920841442310216631970396374683,CMMD,NO,https://doi.org/10.7937/tcia.eqde4b16,D2-0598,1.3.6.1.4.1.14519.5.2.1.1239.1759.327359028966566171877549910258,NA,07-18-2011,NA,NA,MG,Digital Mammography X-Ray Image Storage - For Presentation,1.2.840.10008.5.1.4.1.1.1.2,4,17.57 MB,./CMMD/D2-0598/1.3.6.1.4.1.14519.5.2.1.1239.1759.327359028966566171877549910258/1.3.6.1.4.1.14519.5.2.1.1239.1759.920841442310216631970396374683,2025-12-02T12:12:10.952926615
1.3.6.1.4.1.14519.5.2.1.1239.1759.477117459368450393254966785267,CMMD,NO,https://doi.org/10.7937/tcia.eqde4b16,D2-0601,1.3.6.1.4.1.14519.5.2.1.1239.1759.264364133892453811578599708876,NA,07-18-2011,NA,NA,MG,Digital Mammography X-Ray Image Storage - For Presentation,1.2.840.10008.5.1.4.1.1.1.2,4,17.57 MB,./CMMD/D2-0601/1.3.6.1.4.1.14519.5.2.1.1239.1759.264364133892453811578599708876/1.3.6.1.4.1.14519.5.2.1.1239.1759.477117459368450393254966785267,2025-12-02T12:12:14.228395541
1.3.6.1.4.1.14519.5.2.1.1239.1759.234833008224437505271116743487,CMMD,NO,https://doi.org/10.7937/tcia.eqde4b16,D2-0600,1.3.6.1.4.1.14519.5.2.1.1239.1759.211644869117875793864402705655,NA,07-18-2011,NA,NA,MG,Digital Mammography X-Ray Image Storage - For Presentation,1.2.840.10008.5.1.4.1.1.1.2,4,17.57 MB,./CMMD/D2-0600/1.3.6.1.4.1.14519.5.2.1.1239.1759.211644869117875793864402705655/1.3.6.1.4.1.14519.5.2.1.1239.1759.234833008224437505271116743487,2025-12-02T12:12:18.981544272
1.3.6.1.4.1.14519.5.2.1.1239.1759.396885536032775273507971726661,CMMD,NO,https://doi.org/10.7937/tcia.eqde4b16,D2-0602,1.3.6.1.4.1.14519.5.2.1.1239.1759.560908197464379893275709494771,NA,07-18-2011,NA,NA,MG,Digital Mammography X-Ray Image Storage - For Presentation,1.2.840.10008.5.1.4.1.1.1.2,4,17.57 MB,./CMMD/D2-0602/1.3.6.1.4.1.14519.5.2.1.1239.1759.560908197464379893275709494771/1.3.6.1.4.1.14519.5.2.1.1239.1759.396885536032775273507971726661,2025-12-02T12:12:27.206261219
1.3.6.1.4.1.14519.5.2.1.1239.1759.101736824458428097079593721646,CMMD,NO,https://doi.org/10.7937/tcia.eqde4b16,D2-0603,1.3.6.1.4.1.14519.5.2.1.1239.1759.328255212157477904858832967156,NA,07-18-2011,NA,NA,MG,Digital Mammography X-Ray Image Storage - For Presentation,1.2.840.10008.5.1.4.1.1.1.2,4,17.57 MB,./CMMD/D2-0603/1.3.6.1.4.1.14519.5.2.1.1239.1759.328255212157477904858832967156/1.3.6.1.4.1.14519.5.2.1.1239.1759.101736824458428097079593721646,2025-12-02T12:12:31.803786118
1.3.6.1.4.1.14519.5.2.1.1239.1759.275194086092540436617790755310,CMMD,NO,https://doi.org/10.7937/tcia.eqde4b16,D2-0605,1.3.6.1.4.1.14519.5.2.1.1239.1759.145597822448517618488763739778,NA,07-18-2011,NA,NA,MG,Digital Mammography X-Ray Image Storage - For Presentation,1.2.840.10008.5.1.4.1.1.1.2,4,17.57 MB,./CMMD/D2-0605/1.3.6.1.4.1.14519.5.2.1.1239.1759.145597822448517618488763739778/1.3.6.1.4.1.14519.5.2.1.1239.1759.275194086092540436617790755310,2025-12-02T12:12:35.445930549
1.3.6.1.4.1.14519.5.2.1.1239.1759.189028627825154036563714011040,CMMD,NO,https://doi.org/10.7937/tcia.eqde4b16,D2-0607,1.3.6.1.4.1.14519.5.2.1.1239.1759.590528620059798899802772750564,NA,07-18-2011,NA,NA,MG,Digital Mammography X-Ray Image Storage - For Presentation,1.2.840.10008.5.1.4.1.1.1.2,4,17.57 MB,./CMMD/D2-0607/1.3.6.1.4.1.14519.5.2.1.1239.1759.590528620059798899802772750564/1.3.6.1.4.1.14519.5.2.1.1239.1759.189028627825154036563714011040,2025-12-02T12:12:49.216866472
1.3.6.1.4.1.14519.5.2.1.1239.1759.239343826416111016546108719304,CMMD,NO,https://doi.org/10.7937/tcia.eqde4b16,D2-0606,1.3.6.1.4.1.14519.5.2.1.1239.1759.202398567747157059531221900899,NA,07-18-2011,NA,NA,MG,Digital Mammography X-Ray Image Storage - For Presentation,1.2.840.10008.5.1.4.1.1.1.2,4,17.57 MB,./CMMD/D2-0606/1.3.6.1.4.1.14519.5.2.1.1239.1759.202398567747157059531221900899/1.3.6.1.4.1.14519.5.2.1.1239.1759.239343826416111016546108719304,2025-12-02T12:12:49.921005565
1.3.6.1.4.1.14519.5.2.1.1239.1759.261288053541382430184710202013,CMMD,NO,https://doi.org/10.7937/tcia.eqde4b16,D2-0604,1.3.6.1.4.1.14519.5.2.1.1239.1759.194291335296499689146638978410,NA,07-18-2011,NA,NA,MG,Digital Mammography X-Ray Image Storage - For Presentation,1.2.840.10008.5.1.4.1.1.1.2,4,17.57 MB,./CMMD/D2-0604/1.3.6.1.4.1.14519.5.2.1.1239.1759.194291335296499689146638978410/1.3.6.1.4.1.14519.5.2.1.1239.1759.261288053541382430184710202013,2025-12-02T12:12:53.867740738
1.3.6.1.4.1.14519.5.2.1.1239.1759.197197335382568703645529970838,CMMD,NO,https://doi.org/10.7937/tcia.eqde4b16,D2-0610,1.3.6.1.4.1.14519.5.2.1.1239.1759.944003108083481804357659182271,NA,07-18-2011,NA,NA,MG,Digital Mammography X-Ray Image Storage - For Presentation,1.2.840.10008.5.1.4.1.1.1.2,4,17.57 MB,./CMMD/D2-0610/1.3.6.1.4.1.14519.5.2.1.1239.1759.944003108083481804357659182271/1.3.6.1.4.1.14519.5.2.1.1239.1759.197197335382568703645529970838,2025-12-02T12:13:04.181122313
1.3.6.1.4.1.14519.5.2.1.1239.1759.784693578696328737256354075054,CMMD,NO,https://doi.org/10.7937/tcia.eqde4b16,D2-0609,1.3.6.1.4.1.14519.5.2.1.1239.1759.327581506566497823080936728917,NA,07-18-2011,NA,NA,MG,Digital Mammography X-Ray Image Storage - For Presentation,1.2.840.10008.5.1.4.1.1.1.2,4,17.57 MB,./CMMD/D2-0609/1.3.6.1.4.1.14519.5.2.1.1239.1759.327581506566497823080936728917/1.3.6.1.4.1.14519.5.2.1.1239.1759.784693578696328737256354075054,2025-12-02T12:13:08.5478897
1.3.6.1.4.1.14519.5.2.1.1239.1759.293161700564908473492266026927,CMMD,NO,https://doi.org/10.7937/tcia.eqde4b16,D2-0611,1.3.6.1.4.1.14519.5.2.1.1239.1759.861673164225885170489505324261,NA,07-18-2011,NA,NA,MG,Digital Mammography X-Ray Image Storage - For Presentation,1.2.840.10008.5.1.4.1.1.1.2,4,17.57 MB,./CMMD/D2-0611/1.3.6.1.4.1.14519.5.2.1.1239.1759.861673164225885170489505324261/1.3.6.1.4.1.14519.5.2.1.1239.1759.293161700564908473492266026927,2025-12-02T12:13:12.427118838
1.3.6.1.4.1.14519.5.2.1.1239.1759.165637075288550098387955552274,CMMD,NO,https://doi.org/10.7937/tcia.eqde4b16,D2-0608,1.3.6.1.4.1.14519.5.2.1.1239.1759.327896119428637293672764853966,NA,07-18-2011,NA,NA,MG,Digital Mammography X-Ray Image Storage - For Presentation,1.2.840.10008.5.1.4.1.1.1.2,4,17.57 MB,./CMMD/D2-0608/1.3.6.1.4.1.14519.5.2.1.1239.1759.327896119428637293672764853966/1.3.6.1.4.1.14519.5.2.1.1239.1759.165637075288550098387955552274,2025-12-02T12:13:17.896956212
1.3.6.1.4.1.14519.5.2.1.1239.1759.359100460498311156647726650672,CMMD,NO,https://doi.org/10.7937/tcia.eqde4b16,D2-0612,1.3.6.1.4.1.14519.5.2.1.1239.1759.142217710372633807092577833969,NA,07-18-2011,NA,NA,MG,Digital Mammography X-Ray Image Storage - For Presentation,1.2.840.10008.5.1.4.1.1.1.2,4,17.57 MB,./CMMD/D2-0612/1.3.6.1.4.1.14519.5.2.1.1239.1759.142217710372633807092577833969/1.3.6.1.4.1.14519.5.2.1.1239.1759.359100460498311156647726650672,2025-12-02T12:13:23.279710645
1.3.6.1.4.1.14519.5.2.1.1239.1759.138060491245565332042059494969,CMMD,NO,https://doi.org/10.7937/tcia.eqde4b16,D2-0613,1.3.6.1.4.1.14519.5.2.1.1239.1759.240149467333123843795368356307,NA,07-18-2011,NA,NA,MG,Digital Mammography X-Ray Image Storage - For Presentation,1.2.840.10008.5.1.4.1.1.1.2,4,17.57 MB,./CMMD/D2-0613/1.3.6.1.4.1.14519.5.2.1.1239.1759.240149467333123843795368356307/1.3.6.1.4.1.14519.5.2.1.1239.1759.138060491245565332042059494969,2025-12-02T12:13:29.25574376
1.3.6.1.4.1.14519.5.2.1.1239.1759.318509025242819228808533534956,CMMD,NO,https://doi.org/10.7937/tcia.eqde4b16,D2-0614,1.3.6.1.4.1.14519.5.2.1.1239.1759.197131435299906469402001680680,NA,07-18-2011,NA,NA,MG,Digital Mammography X-Ray Image Storage - For Presentation,1.2.840.10008.5.1.4.1.1.1.2,4,17.57 MB,./CMMD/D2-0614/1.3.6.1.4.1.14519.5.2.1.1239.1759.197131435299906469402001680680/1.3.6.1.4.1.14519.5.2.1.1239.1759.318509025242819228808533534956,2025-12-02T12:13:32.155680845
1.3.6.1.4.1.14519.5.2.1.1239.1759.140649146053298914188428732333,CMMD,NO,https://doi.org/10.7937/tcia.eqde4b16,D2-0615,1.3.6.1.4.1.14519.5.2.1.1239.1759.124972847395692112722332369995,NA,07-18-2011,NA,NA,MG,Digital Mammography X-Ray Image Storage - For Presentation,1.2.840.10008.5.1.4.1.1.1.2,4,17.57 MB,./CMMD/D2-0615/1.3.6.1.4.1.14519.5.2.1.1239.1759.124972847395692112722332369995/1.3.6.1.4.1.14519.5.2.1.1239.1759.140649146053298914188428732333,2025-12-02T12:13:36.009486097
1.3.6.1.4.1.14519.5.2.1.1239.1759.151955517449995319771429430077,CMMD,NO,https://doi.org/10.7937/tcia.eqde4b16,D2-0617,1.3.6.1.4.1.14519.5.2.1.1239.1759.420131401450929068102002407980,NA,07-18-2011,NA,NA,MG,Digital Mammography X-Ray Image Storage - For Presentation,1.2.840.10008.5.1.4.1.1.1.2,4,17.57 MB,./CMMD/D2-0617/1.3.6.1.4.1.14519.5.2.1.1239.1759.420131401450929068102002407980/1.3.6.1.4.1.14519.5.2.1.1239.1759.151955517449995319771429430077,2025-12-02T12:13:42.788781575
1.3.6.1.4.1.14519.5.2.1.1239.1759.316372564440092597729875124196,CMMD,NO,https://doi.org/10.7937/tcia.eqde4b16,D2-0618,1.3.6.1.4.1.14519.5.2.1.1239.1759.194883040237887885528300151578,NA,07-18-2011,NA,NA,MG,Digital Mammography X-Ray Image Storage - For Presentation,1.2.840.10008.5.1.4.1.1.1.2,4,17.57 MB,./CMMD/D2-0618/1.3.6.1.4.1.14519.5.2.1.1239.1759.194883040237887885528300151578/1.3.6.1.4.1.14519.5.2.1.1239.1759.316372564440092597729875124196,2025-12-02T12:13:50.534558913
1.3.6.1.4.1.14519.5.2.1.1239.1759.580001469980163252145563862868,CMMD,NO,https://doi.org/10.7937/tcia.eqde4b16,D2-0619,1.3.6.1.4.1.14519.5.2.1.1239.1759.327481259988137754207835952064,NA,07-18-2011,NA,NA,MG,Digital Mammography X-Ray Image Storage - For Presentation,1.2.840.10008.5.1.4.1.1.1.2,4,17.57 MB,./CMMD/D2-0619/1.3.6.1.4.1.14519.5.2.1.1239.1759.327481259988137754207835952064/1.3.6.1.4.1.14519.5.2.1.1239.1759.580001469980163252145563862868,2025-12-02T12:13:51.651733498
1.3.6.1.4.1.14519.5.2.1.1239.1759.157857153063950065003874079344,CMMD,NO,https://doi.org/10.7937/tcia.eqde4b16,D2-0616,1.3.6.1.4.1.14519.5.2.1.1239.1759.520487207807790812493366404720,NA,07-18-2011,NA,NA,MG,Digital Mammography X-Ray Image Storage - For Presentation,1.2.840.10008.5.1.4.1.1.1.2,4,17.57 MB,./CMMD/D2-0616/1.3.6.1.4.1.14519.5.2.1.1239.1759.520487207807790812493366404720/1.3.6.1.4.1.14519.5.2.1.1239.1759.157857153063950065003874079344,2025-12-02T12:13:54.076393084
1.3.6.1.4.1.14519.5.2.1.1239.1759.288158691082564240637373875737,CMMD,NO,https://doi.org/10.7937/tcia.eqde4b16,D2-0620,1.3.6.1.4.1.14519.5.2.1.1239.1759.325815421421955846981497638314,NA,07-18-2011,NA,NA,MG,Digital Mammography X-Ray Image Storage - For Presentation,1.2.840.10008.5.1.4.1.1.1.2,4,17.57 MB,./CMMD/D2-0620/1.3.6.1.4.1.14519.5.2.1.1239.1759.325815421421955846981497638314/1.3.6.1.4.1.14519.5.2.1.1239.1759.288158691082564240637373875737,2025-12-02T12:14:00.032393022
1.3.6.1.4.1.14519.5.2.1.1239.1759.575737683541906673467561662169,CMMD,NO,https://doi.org/10.7937/tcia.eqde4b16,D2-0621,1.3.6.1.4.1.14519.5.2.1.1239.1759.309168093833807952762806271291,NA,07-18-2011,NA,NA,MG,Digital Mammography X-Ray Image Storage - For Presentation,1.2.840.10008.5.1.4.1.1.1.2,4,17.57 MB,./CMMD/D2-0621/1.3.6.1.4.1.14519.5.2.1.1239.1759.309168093833807952762806271291/1.3.6.1.4.1.14519.5.2.1.1239.1759.575737683541906673467561662169,2025-12-02T12:14:00.702612932
1.3.6.1.4.1.14519.5.2.1.1239.1759.572406201986378972557462256155,CMMD,NO,https://doi.org/10.7937/tcia.eqde4b16,D2-0624,1.3.6.1.4.1.14519.5.2.1.1239.1759.204629178435696060465189011448,NA,07-18-2011,NA,NA,MG,Digital Mammography X-Ray Image Storage - For Presentation,1.2.840.10008.5.1.4.1.1.1.2,4,17.57 MB,./CMMD/D2-0624/1.3.6.1.4.1.14519.5.2.1.1239.1759.204629178435696060465189011448/1.3.6.1.4.1.14519.5.2.1.1239.1759.572406201986378972557462256155,2025-12-02T12:14:10.533793977
1.3.6.1.4.1.14519.5.2.1.1239.1759.277675986047899980856148216706,CMMD,NO,https://doi.org/10.7937/tcia.eqde4b16,D2-0623,1.3.6.1.4.1.14519.5.2.1.1239.1759.188817426401094083695884102737,NA,07-18-2011,NA,NA,MG,Digital Mammography X-Ray Image Storage - For Presentation,1.2.840.10008.5.1.4.1.1.1.2,4,17.57 MB,./CMMD/D2-0623/1.3.6.1.4.1.14519.5.2.1.1239.1759.188817426401094083695884102737/1.3.6.1.4.1.14519.5.2.1.1239.1759.277675986047899980856148216706,2025-12-02T12:14:12.492783872
1.3.6.1.4.1.14519.5.2.1.1239.1759.799851383187842554074930186723,CMMD,NO,https://doi.org/10.7937/tcia.eqde4b16,D2-0626,1.3.6.1.4.1.14519.5.2.1.1239.1759.206456102079011596314926912435,NA,07-18-2011,NA,NA,MG,Digital Mammography X-Ray Image Storage - For Presentation,1.2.840.10008.5.1.4.1.1.1.2,4,17.57 MB,./CMMD/D2-0626/1.3.6.1.4.1.14519.5.2.1.1239.1759.206456102079011596314926912435/1.3.6.1.4.1.14519.5.2.1.1239.1759.799851383187842554074930186723,2025-12-02T12:14:20.806198277
1.3.6.1.4.1.14519.5.2.1.1239.1759.183247834756693197984596966922,CMMD,NO,https://doi.org/10.7937/tcia.eqde4b16,D2-0622,1.3.6.1.4.1.14519.5.2.1.1239.1759.580602567464267829032705502755,NA,07-18-2011,NA,NA,MG,Digital Mammography X-Ray Image Storage - For Presentation,1.2.840.10008.5.1.4.1.1.1.2,4,17.57 MB,./CMMD/D2-0622/1.3.6.1.4.1.14519.5.2.1.1239.1759.580602567464267829032705502755/1.3.6.1.4.1.14519.5.2.1.1239.1759.183247834756693197984596966922,2025-12-02T12:14:27.909956816
1.3.6.1.4.1.14519.5.2.1.1239.1759.308012751567220432899086079440,CMMD,NO,https://doi.org/10.7937/tcia.eqde4b16,D2-0627,1.3.6.1.4.1.14519.5.2.1.1239.1759.174088749502817303357345716762,NA,07-18-2011,NA,NA,MG,Digital Mammography X-Ray Image Storage - For Presentation,1.2.840.10008.5.1.4.1.1.1.2,4,17.57 MB,./CMMD/D2-0627/1.3.6.1.4.1.14519.5.2.1.1239.1759.174088749502817303357345716762/1.3.6.1.4.1.14519.5.2.1.1239.1759.308012751567220432899086079440,2025-12-02T12:14:28.393716628
1.3.6.1.4.1.14519.5.2.1.1239.1759.249173358340877131745240062276,CMMD,NO,https://doi.org/10.7937/tcia.eqde4b16,D2-0628,1.3.6.1.4.1.14519.5.2.1.1239.1759.192398816795880793432280774688,NA,07-18-2011,NA,NA,MG,Digital Mammography X-Ray Image Storage - For Presentation,1.2.840.10008.5.1.4.1.1.1.2,4,17.57 MB,./CMMD/D2-0628/1.3.6.1.4.1.14519.5.2.1.1239.1759.192398816795880793432280774688/1.3.6.1.4.1.14519.5.2.1.1239.1759.249173358340877131745240062276,2025-12-02T12:14:37.920398837
1.3.6.1.4.1.14519.5.2.1.1239.1759.456810861918499485899668595492,CMMD,NO,https://doi.org/10.7937/tcia.eqde4b16,D2-0625,1.3.6.1.4.1.14519.5.2.1.1239.1759.259143590160696401802731111327,NA,07-18-2011,NA,NA,MG,Digital Mammography X-Ray Image Storage - For Presentation,1.2.840.10008.5.1.4.1.1.1.2,4,17.57 MB,./CMMD/D2-0625/1.3.6.1.4.1.14519.5.2.1.1239.1759.259143590160696401802731111327/1.3.6.1.4.1.14519.5.2.1.1239.1759.456810861918499485899668595492,2025-12-02T12:14:40.455298472
1.3.6.1.4.1.14519.5.2.1.1239.1759.236911151092523268702061828707,CMMD,NO,https://doi.org/10.7937/tcia.eqde4b16,D2-0629,1.3.6.1.4.1.14519.5.2.1.1239.1759.310734748808969910253094107134,NA,07-18-2011,NA,NA,MG,Digital Mammography X-Ray Image Storage - For Presentation,1.2.840.10008.5.1.4.1.1.1.2,4,17.57 MB,./CMMD/D2-0629/1.3.6.1.4.1.14519.5.2.1.1239.1759.310734748808969910253094107134/1.3.6.1.4.1.14519.5.2.1.1239.1759.236911151092523268702061828707,2025-12-02T12:14:40.689362153
1.3.6.1.4.1.14519.5.2.1.1239.1759.114515619567961423299396554825,CMMD,NO,https://doi.org/10.7937/tcia.eqde4b16,D2-0632,1.3.6.1.4.1.14519.5.2.1.1239.1759.324223850559078192196125806250,NA,07-18-2011,NA,NA,MG,Digital Mammography X-Ray Image Storage - For Presentation,1.2.840.10008.5.1.4.1.1.1.2,4,17.57 MB,./CMMD/D2-0632/1.3.6.1.4.1.14519.5.2.1.1239.1759.324223850559078192196125806250/1.3.6.1.4.1.14519.5.2.1.1239.1759.114515619567961423299396554825,2025-12-02T12:14:47.340901087
1.3.6.1.4.1.14519.5.2.1.1239.1759.125660212652303382241312519902,CMMD,NO,https://doi.org/10.7937/tcia.eqde4b16,D2-0631,1.3.6.1.4.1.14519.5.2.1.1239.1759.157131693725635152605081018428,NA,07-18-2011,NA,NA,MG,Digital Mammography X-Ray Image Storage - For Presentation,1.2.840.10008.5.1.4.1.1.1.2,4,17.57 MB,./CMMD/D2-0631/1.3.6.1.4.1.14519.5.2.1.1239.1759.157131693725635152605081018428/1.3.6.1.4.1.14519.5.2.1.1239.1759.125660212652303382241312519902,2025-12-02T12:14:55.984535977
1.3.6.1.4.1.14519.5.2.1.1239.1759.200283805254148917211280553425,CMMD,NO,https://doi.org/10.7937/tcia.eqde4b16,D2-0630,1.3.6.1.4.1.14519.5.2.1.1239.1759.137889963251081582640434226415,NA,07-18-2011,NA,NA,MG,Digital Mammography X-Ray Image Storage - For Presentation,1.2.840.10008.5.1.4.1.1.1.2,4,17.57 MB,./CMMD/D2-0630/1.3.6.1.4.1.14519.5.2.1.1239.1759.137889963251081582640434226415/1.3.6.1.4.1.14519.5.2.1.1239.1759.200283805254148917211280553425,2025-12-02T12:15:04.268031036
1.3.6.1.4.1.14519.5.2.1.1239.1759.428987475026318597583448411523,CMMD,NO,https://doi.org/10.7937/tcia.eqde4b16,D2-0633,1.3.6.1.4.1.14519.5.2.1.1239.1759.324948579853377728904529208473,NA,07-18-2011,NA,NA,MG,Digital Mammography X-Ray Image Storage - For Presentation,1.2.840.10008.5.1.4.1.1.1.2,4,17.57 MB,./CMMD/D2-0633/1.3.6.1.4.1.14519.5.2.1.1239.1759.324948579853377728904529208473/1.3.6.1.4.1.14519.5.2.1.1239.1759.428987475026318597583448411523,2025-12-02T12:15:09.194018828
1.3.6.1.4.1.14519.5.2.1.1239.1759.266346004902768786454060536329,CMMD,NO,https://doi.org/10.7937/tcia.eqde4b16,D2-0634,1.3.6.1.4.1.14519.5.2.1.1239.1759.155769735710697426019592422594,NA,07-18-2011,NA,NA,MG,Digital Mammography X-Ray Image Storage - For Presentation,1.2.840.10008.5.1.4.1.1.1.2,4,17.57 MB,./CMMD/D2-0634/1.3.6.1.4.1.14519.5.2.1.1239.1759.155769735710697426019592422594/1.3.6.1.4.1.14519.5.2.1.1239.1759.266346004902768786454060536329,2025-12-02T12:15:09.625896434
1.3.6.1.4.1.14519.5.2.1.1239.1759.255649297585892483638267701407,CMMD,NO,https://doi.org/10.7937/tcia.eqde4b16,D2-0636,1.3.6.1.4.1.14519.5.2.1.1239.1759.940682755026826102773811968544,NA,07-18-2011,NA,NA,MG,Digital Mammography X-Ray Image Storage - For Presentation,1.2.840.10008.5.1.4.1.1.1.2,4,17.57 MB,./CMMD/D2-0636/1.3.6.1.4.1.14519.5.2.1.1239.1759.940682755026826102773811968544/1.3.6.1.4.1.14519.5.2.1.1239.1759.255649297585892483638267701407,2025-12-02T12:15:19.75413929
1.3.6.1.4.1.14519.5.2.1.1239.1759.162822021731542799866014615292,CMMD,NO,https://doi.org/10.7937/tcia.eqde4b16,D2-0635,1.3.6.1.4.1.14519.5.2.1.1239.1759.214273993773227690421498083398,NA,07-18-2011,NA,NA,MG,Digital Mammography X-Ray Image Storage - For Presentation,1.2.840.10008.5.1.4.1.1.1.2,4,17.57 MB,./CMMD/D2-0635/1.3.6.1.4.1.14519.5.2.1.1239.1759.214273993773227690421498083398/1.3.6.1.4.1.14519.5.2.1.1239.1759.162822021731542799866014615292,2025-12-02T12:15:29.204020559
1.3.6.1.4.1.14519.5.2.1.1239.1759.240833068803570170125147721040,CMMD,NO,https://doi.org/10.7937/tcia.eqde4b16,D2-0638,1.3.6.1.4.1.14519.5.2.1.1239.1759.298213258974742393958020061012,NA,07-18-2011,NA,NA,MG,Digital Mammography X-Ray Image Storage - For Presentation,1.2.840.10008.5.1.4.1.1.1.2,4,17.57 MB,./CMMD/D2-0638/1.3.6.1.4.1.14519.5.2.1.1239.1759.298213258974742393958020061012/1.3.6.1.4.1.14519.5.2.1.1239.1759.240833068803570170125147721040,2025-12-02T12:15:29.762570037
1.3.6.1.4.1.14519.5.2.1.1239.1759.589920840683666136885404349073,CMMD,NO,https://doi.org/10.7937/tcia.eqde4b16,D2-0640,1.3.6.1.4.1.14519.5.2.1.1239.1759.326072387340240978271020178604,NA,07-18-2011,NA,NA,MG,Digital Mammography X-Ray Image Storage - For Presentation,1.2.840.10008.5.1.4.1.1.1.2,4,17.57 MB,./CMMD/D2-0640/1.3.6.1.4.1.14519.5.2.1.1239.1759.326072387340240978271020178604/1.3.6.1.4.1.14519.5.2.1.1239.1759.589920840683666136885404349073,2025-12-02T12:15:36.887171782
1.3.6.1.4.1.14519.5.2.1.1239.1759.147060787902697800760715162326,CMMD,NO,https://doi.org/10.7937/tcia.eqde4b16,D2-0637,1.3.6.1.4.1.14519.5.2.1.1239.1759.225394686610850148005439986052,NA,07-18-2011,NA,NA,MG,Digital Mammography X-Ray Image Storage - For Presentation,1.2.840.10008.5.1.4.1.1.1.2,4,17.57 MB,./CMMD/D2-0637/1.3.6.1.4.1.14519.5.2.1.1239.1759.225394686610850148005439986052/1.3.6.1.4.1.14519.5.2.1.1239.1759.147060787902697800760715162326,2025-12-02T12:15:36.944345209
1.3.6.1.4.1.14519.5.2.1.1239.1759.234356362817883632195214478857,CMMD,NO,https://doi.org/10.7937/tcia.eqde4b16,D2-0639,1.3.6.1.4.1.14519.5.2.1.1239.1759.288262125333407409602906822745,NA,07-18-2011,NA,NA,MG,Digital Mammography X-Ray Image Storage - For Presentation,1.2.840.10008.5.1.4.1.1.1.2,4,17.57 MB,./CMMD/D2-0639/1.3.6.1.4.1.14519.5.2.1.1239.1759.288262125333407409602906822745/1.3.6.1.4.1.14519.5.2.1.1239.1759.234356362817883632195214478857,2025-12-02T12:15:52.37087112
1.3.6.1.4.1.14519.5.2.1.1239.1759.200259287541175006796672324011,CMMD,NO,https://doi.org/10.7937/tcia.eqde4b16,D2-0642,1.3.6.1.4.1.14519.5.2.1.1239.1759.219773401516400146498814660520,NA,07-18-2011,NA,NA,MG,Digital Mammography X-Ray Image Storage - For Presentation,1.2.840.10008.5.1.4.1.1.1.2,4,17.57 MB,./CMMD/D2-0642/1.3.6.1.4.1.14519.5.2.1.1239.1759.219773401516400146498814660520/1.3.6.1.4.1.14519.5.2.1.1239.1759.200259287541175006796672324011,2025-12-02T12:15:52.648030027
1.3.6.1.4.1.14519.5.2.1.1239.1759.178571553597744257972272528098,CMMD,NO,https://doi.org/10.7937/tcia.eqde4b16,D2-0643,1.3.6.1.4.1.14519.5.2.1.1239.1759.320220995385207205159918171175,NA,07-18-2011,NA,NA,MG,Digital Mammography X-Ray Image Storage - For Presentation,1.2.840.10008.5.1.4.1.1.1.2,4,17.57 MB,./CMMD/D2-0643/1.3.6.1.4.1.14519.5.2.1.1239.1759.320220995385207205159918171175/1.3.6.1.4.1.14519.5.2.1.1239.1759.178571553597744257972272528098,2025-12-02T12:16:00.097473801
1.3.6.1.4.1.14519.5.2.1.1239.1759.404330358117454577306122482383,CMMD,NO,https://doi.org/10.7937/tcia.eqde4b16,D2-0641,1.3.6.1.4.1.14519.5.2.1.1239.1759.866304321138850318137255722763,NA,07-18-2011,NA,NA,MG,Digital Mammography X-Ray Image Storage - For Presentation,1.2.840.10008.5.1.4.1.1.1.2,4,17.57 MB,./CMMD/D2-0641/1.3.6.1.4.1.14519.5.2.1.1239.1759.866304321138850318137255722763/1.3.6.1.4.1.14519.5.2.1.1239.1759.404330358117454577306122482383,2025-12-02T12:16:07.374502311
1.3.6.1.4.1.14519.5.2.1.1239.1759.231795830021277498598030896621,CMMD,NO,https://doi.org/10.7937/tcia.eqde4b16,D2-0644,1.3.6.1.4.1.14519.5.2.1.1239.1759.143493012452225271251633266565,NA,07-18-2011,NA,NA,MG,Digital Mammography X-Ray Image Storage - For Presentation,1.2.840.10008.5.1.4.1.1.1.2,4,17.57 MB,./CMMD/D2-0644/1.3.6.1.4.1.14519.5.2.1.1239.1759.143493012452225271251633266565/1.3.6.1.4.1.14519.5.2.1.1239.1759.231795830021277498598030896621,2025-12-02T12:16:11.027269492
1.3.6.1.4.1.14519.5.2.1.1239.1759.261066391853309391827703902549,CMMD,NO,https://doi.org/10.7937/tcia.eqde4b16,D2-0645,1.3.6.1.4.1.14519.5.2.1.1239.1759.254091182354044437481728134588,NA,07-18-2011,NA,NA,MG,Digital Mammography X-Ray Image Storage - For Presentation,1.2.840.10008.5.1.4.1.1.1.2,4,17.57 MB,./CMMD/D2-0645/1.3.6.1.4.1.14519.5.2.1.1239.1759.254091182354044437481728134588/1.3.6.1.4.1.14519.5.2.1.1239.1759.261066391853309391827703902549,2025-12-02T12:16:17.587027371
1.3.6.1.4.1.14519.5.2.1.1239.1759.267660430837767310129000555226,CMMD,NO,https://doi.org/10.7937/tcia.eqde4b16,D2-0646,1.3.6.1.4.1.14519.5.2.1.1239.1759.240700480842298847364149248017,NA,07-18-2011,NA,NA,MG,Digital Mammography X-Ray Image Storage - For Presentation,1.2.840.10008.5.1.4.1.1.1.2,4,17.57 MB,./CMMD/D2-0646/1.3.6.1.4.1.14519.5.2.1.1239.1759.240700480842298847364149248017/1.3.6.1.4.1.14519.5.2.1.1239.1759.267660430837767310129000555226,2025-12-02T12:16:25.235599959
1.3.6.1.4.1.14519.5.2.1.1239.1759.264135197321829755682204812569,CMMD,NO,https://doi.org/10.7937/tcia.eqde4b16,D2-0647,1.3.6.1.4.1.14519.5.2.1.1239.1759.207223206520603165216484086102,NA,07-18-2011,NA,NA,MG,Digital Mammography X-Ray Image Storage - For Presentation,1.2.840.10008.5.1.4.1.1.1.2,4,17.57 MB,./CMMD/D2-0647/1.3.6.1.4.1.14519.5.2.1.1239.1759.207223206520603165216484086102/1.3.6.1.4.1.14519.5.2.1.1239.1759.264135197321829755682204812569,2025-12-02T12:16:25.782205357
1.3.6.1.4.1.14519.5.2.1.1239.1759.233255214278603994482616161840,CMMD,NO,https://doi.org/10.7937/tcia.eqde4b16,D2-0648,1.3.6.1.4.1.14519.5.2.1.1239.1759.146665781014924396722206274399,NA,07-18-2011,NA,NA,MG,Digital Mammography X-Ray Image Storage - For Presentation,1.2.840.10008.5.1.4.1.1.1.2,4,17.57 MB,./CMMD/D2-0648/1.3.6.1.4.1.14519.5.2.1.1239.1759.146665781014924396722206274399/1.3.6.1.4.1.14519.5.2.1.1239.1759.233255214278603994482616161840,2025-12-02T12:16:27.409060506
1.3.6.1.4.1.14519.5.2.1.1239.1759.319840603705996880047814560709,CMMD,NO,https://doi.org/10.7937/tcia.eqde4b16,D2-0650,1.3.6.1.4.1.14519.5.2.1.1239.1759.546905242717443964706969924787,NA,07-18-2011,NA,NA,MG,Digital Mammography X-Ray Image Storage - For Presentation,1.2.840.10008.5.1.4.1.1.1.2,4,17.57 MB,./CMMD/D2-0650/1.3.6.1.4.1.14519.5.2.1.1239.1759.546905242717443964706969924787/1.3.6.1.4.1.14519.5.2.1.1239.1759.319840603705996880047814560709,2025-12-02T12:16:35.070800925
1.3.6.1.4.1.14519.5.2.1.1239.1759.101873730871719295659462182469,CMMD,NO,https://doi.org/10.7937/tcia.eqde4b16,D2-0651,1.3.6.1.4.1.14519.5.2.1.1239.1759.268150515304248801677426812946,NA,07-18-2011,NA,NA,MG,Digital Mammography X-Ray Image Storage - For Presentation,1.2.840.10008.5.1.4.1.1.1.2,4,17.57 MB,./CMMD/D2-0651/1.3.6.1.4.1.14519.5.2.1.1239.1759.268150515304248801677426812946/1.3.6.1.4.1.14519.5.2.1.1239.1759.101873730871719295659462182469,2025-12-02T12:16:39.786042337
1.3.6.1.4.1.14519.5.2.1.1239.1759.813882717539244422284177519743,CMMD,NO,https://doi.org/10.7937/tcia.eqde4b16,D2-0649,1.3.6.1.4.1.14519.5.2.1.1239.1759.934688785559650240077283339599,NA,07-18-2011,NA,NA,MG,Digital Mammography X-Ray Image Storage - For Presentation,1.2.840.10008.5.1.4.1.1.1.2,4,17.57 MB,./CMMD/D2-0649/1.3.6.1.4.1.14519.5.2.1.1239.1759.934688785559650240077283339599/1.3.6.1.4.1.14519.5.2.1.1239.1759.813882717539244422284177519743,2025-12-02T12:16:42.445074477
1.3.6.1.4.1.14519.5.2.1.1239.1759.207161584862620684513736216508,CMMD,NO,https://doi.org/10.7937/tcia.eqde4b16,D2-0654,1.3.6.1.4.1.14519.5.2.1.1239.1759.312926454143328162859349721740,NA,07-18-2011,NA,NA,MG,Digital Mammography X-Ray Image Storage - For Presentation,1.2.840.10008.5.1.4.1.1.1.2,4,17.57 MB,./CMMD/D2-0654/1.3.6.1.4.1.14519.5.2.1.1239.1759.312926454143328162859349721740/1.3.6.1.4.1.14519.5.2.1.1239.1759.207161584862620684513736216508,2025-12-02T12:16:49.731054677
1.3.6.1.4.1.14519.5.2.1.1239.1759.214285936686598438705070873327,CMMD,NO,https://doi.org/10.7937/tcia.eqde4b16,D2-0655,1.3.6.1.4.1.14519.5.2.1.1239.1759.465726724381923768355673280230,NA,07-18-2011,NA,NA,MG,Digital Mammography X-Ray Image Storage - For Presentation,1.2.840.10008.5.1.4.1.1.1.2,4,17.57 MB,./CMMD/D2-0655/1.3.6.1.4.1.14519.5.2.1.1239.1759.465726724381923768355673280230/1.3.6.1.4.1.14519.5.2.1.1239.1759.214285936686598438705070873327,2025-12-02T12:16:59.795176921
1.3.6.1.4.1.14519.5.2.1.1239.1759.334838916292160470248287426956,CMMD,NO,https://doi.org/10.7937/tcia.eqde4b16,D2-0652,1.3.6.1.4.1.14519.5.2.1.1239.1759.680767181188409522103031721967,NA,07-18-2011,NA,NA,MG,Digital Mammography X-Ray Image Storage - For Presentation,1.2.840.10008.5.1.4.1.1.1.2,4,17.57 MB,./CMMD/D2-0652/1.3.6.1.4.1.14519.5.2.1.1239.1759.680767181188409522103031721967/1.3.6.1.4.1.14519.5.2.1.1239.1759.334838916292160470248287426956,2025-12-02T12:17:01.155592987
1.3.6.1.4.1.14519.5.2.1.1239.1759.146313038541656676853070688168,CMMD,NO,https://doi.org/10.7937/tcia.eqde4b16,D2-0656,1.3.6.1.4.1.14519.5.2.1.1239.1759.182926150103398941536852593743,NA,07-18-2011,NA,NA,MG,Digital Mammography X-Ray Image Storage - For Presentation,1.2.840.10008.5.1.4.1.1.1.2,4,17.57 MB,./CMMD/D2-0656/1.3.6.1.4.1.14519.5.2.1.1239.1759.182926150103398941536852593743/1.3.6.1.4.1.14519.5.2.1.1239.1759.146313038541656676853070688168,2025-12-02T12:17:12.697348732
1.3.6.1.4.1.14519.5.2.1.1239.1759.493058556084218574214137552153,CMMD,NO,https://doi.org/10.7937/tcia.eqde4b16,D2-0657,1.3.6.1.4.1.14519.5.2.1.1239.1759.224132418618484638108826044374,NA,07-18-2011,NA,NA,MG,Digital Mammography X-Ray Image Storage - For Presentation,1.2.840.10008.5.1.4.1.1.1.2,4,17.57 MB,./CMMD/D2-0657/1.3.6.1.4.1.14519.5.2.1.1239.1759.224132418618484638108826044374/1.3.6.1.4.1.14519.5.2.1.1239.1759.493058556084218574214137552153,2025-12-02T12:17:12.906989603
1.3.6.1.4.1.14519.5.2.1.1239.1759.260692399863948300002316870408,CMMD,NO,https://doi.org/10.7937/tcia.eqde4b16,D2-0653,1.3.6.1.4.1.14519.5.2.1.1239.1759.198681171218552169229365432240,NA,07-18-2011,NA,NA,MG,Digital Mammography X-Ray Image Storage - For Presentation,1.2.840.10008.5.1.4.1.1.1.2,4,17.57 MB,./CMMD/D2-0653/1.3.6.1.4.1.14519.5.2.1.1239.1759.198681171218552169229365432240/1.3.6.1.4.1.14519.5.2.1.1239.1759.260692399863948300002316870408,2025-12-02T12:17:19.089428542
1.3.6.1.4.1.14519.5.2.1.1239.1759.595347025107300524133477226009,CMMD,NO,https://doi.org/10.7937/tcia.eqde4b16,D2-0659,1.3.6.1.4.1.14519.5.2.1.1239.1759.319678076645361172992239632748,NA,07-18-2011,NA,NA,MG,Digital Mammography X-Ray Image Storage - For Presentation,1.2.840.10008.5.1.4.1.1.1.2,4,17.57 MB,./CMMD/D2-0659/1.3.6.1.4.1.14519.5.2.1.1239.1759.319678076645361172992239632748/1.3.6.1.4.1.14519.5.2.1.1239.1759.595347025107300524133477226009,2025-12-02T12:17:23.089629777
1.3.6.1.4.1.14519.5.2.1.1239.1759.140110102152224613884330655969,CMMD,NO,https://doi.org/10.7937/tcia.eqde4b16,D2-0658,1.3.6.1.4.1.14519.5.2.1.1239.1759.224077285584141335536344119511,NA,07-18-2011,NA,NA,MG,Digital Mammography X-Ray Image Storage - For Presentation,1.2.840.10008.5.1.4.1.1.1.2,4,17.57 MB,./CMMD/D2-0658/1.3.6.1.4.1.14519.5.2.1.1239.1759.224077285584141335536344119511/1.3.6.1.4.1.14519.5.2.1.1239.1759.140110102152224613884330655969,2025-12-02T12:17:25.561171152
1.3.6.1.4.1.14519.5.2.1.1239.1759.929225763658958388959609212813,CMMD,NO,https://doi.org/10.7937/tcia.eqde4b16,D2-0662,1.3.6.1.4.1.14519.5.2.1.1239.1759.214680527701801663591057204610,NA,07-18-2011,NA,NA,MG,Digital Mammography X-Ray Image Storage - For Presentation,1.2.840.10008.5.1.4.1.1.1.2,4,17.57 MB,./CMMD/D2-0662/1.3.6.1.4.1.14519.5.2.1.1239.1759.214680527701801663591057204610/1.3.6.1.4.1.14519.5.2.1.1239.1759.929225763658958388959609212813,2025-12-02T12:17:38.170870942
1.3.6.1.4.1.14519.5.2.1.1239.1759.771278423505563794560717497499,CMMD,NO,https://doi.org/10.7937/tcia.eqde4b16,D2-0660,1.3.6.1.4.1.14519.5.2.1.1239.1759.301645917007793565117685693677,NA,07-18-2011,NA,NA,MG,Digital Mammography X-Ray Image Storage - For Presentation,1.2.840.10008.5.1.4.1.1.1.2,4,17.57 MB,./CMMD/D2-0660/1.3.6.1.4.1.14519.5.2.1.1239.1759.301645917007793565117685693677/1.3.6.1.4.1.14519.5.2.1.1239.1759.771278423505563794560717497499,2025-12-02T12:17:38.89796917
1.3.6.1.4.1.14519.5.2.1.1239.1759.208535360118525013600237005061,CMMD,NO,https://doi.org/10.7937/tcia.eqde4b16,D2-0664,1.3.6.1.4.1.14519.5.2.1.1239.1759.287332560056567346590642177641,NA,07-18-2011,NA,NA,MG,Digital Mammography X-Ray Image Storage - For Presentation,1.2.840.10008.5.1.4.1.1.1.2,4,17.57 MB,./CMMD/D2-0664/1.3.6.1.4.1.14519.5.2.1.1239.1759.287332560056567346590642177641/1.3.6.1.4.1.14519.5.2.1.1239.1759.208535360118525013600237005061,2025-12-02T12:17:46.951838581
1.3.6.1.4.1.14519.5.2.1.1239.1759.236108917402229637402734337051,CMMD,NO,https://doi.org/10.7937/tcia.eqde4b16,D2-0661,1.3.6.1.4.1.14519.5.2.1.1239.1759.179820935755488618294166481692,NA,07-18-2011,NA,NA,MG,Digital Mammography X-Ray Image Storage - For Presentation,1.2.840.10008.5.1.4.1.1.1.2,4,17.57 MB,./CMMD/D2-0661/1.3.6.1.4.1.14519.5.2.1.1239.1759.179820935755488618294166481692/1.3.6.1.4.1.14519.5.2.1.1239.1759.236108917402229637402734337051,2025-12-02T12:17:55.925643777
1.3.6.1.4.1.14519.5.2.1.1239.1759.340006520068674890677365788905,CMMD,NO,https://doi.org/10.7937/tcia.eqde4b16,D2-0663,1.3.6.1.4.1.14519.5.2.1.1239.1759.447281363437001501979970197635,NA,07-18-2011,NA,NA,MG,Digital Mammography X-Ray Image Storage - For Presentation,1.2.840.10008.5.1.4.1.1.1.2,4,17.57 MB,./CMMD/D2-0663/1.3.6.1.4.1.14519.5.2.1.1239.1759.447281363437001501979970197635/1.3.6.1.4.1.14519.5.2.1.1239.1759.340006520068674890677365788905,2025-12-02T12:17:59.486186887
1.3.6.1.4.1.14519.5.2.1.1239.1759.299514523806775061634129612149,CMMD,NO,https://doi.org/10.7937/tcia.eqde4b16,D2-0665,1.3.6.1.4.1.14519.5.2.1.1239.1759.182637221608274991868316800423,NA,07-18-2011,NA,NA,MG,Digital Mammography X-Ray Image Storage - For Presentation,1.2.840.10008.5.1.4.1.1.1.2,4,17.57 MB,./CMMD/D2-0665/1.3.6.1.4.1.14519.5.2.1.1239.1759.182637221608274991868316800423/1.3.6.1.4.1.14519.5.2.1.1239.1759.299514523806775061634129612149,2025-12-02T12:18:02.391601472
1.3.6.1.4.1.14519.5.2.1.1239.1759.240749176827439891609155660665,CMMD,NO,https://doi.org/10.7937/tcia.eqde4b16,D2-0668,1.3.6.1.4.1.14519.5.2.1.1239.1759.477849617608235083370511584274,NA,07-18-2011,NA,NA,MG,Digital Mammography X-Ray Image Storage - For Presentation,1.2.840.10008.5.1.4.1.1.1.2,4,17.57 MB,./CMMD/D2-0668/1.3.6.1.4.1.14519.5.2.1.1239.1759.477849617608235083370511584274/1.3.6.1.4.1.14519.5.2.1.1239.1759.240749176827439891609155660665,2025-12-02T12:18:10.872593607
1.3.6.1.4.1.14519.5.2.1.1239.1759.173043831673209913289370139923,CMMD,NO,https://doi.org/10.7937/tcia.eqde4b16,D2-0669,1.3.6.1.4.1.14519.5.2.1.1239.1759.149729837141935249819392970200,NA,07-18-2011,NA,NA,MG,Digital Mammography X-Ray Image Storage - For Presentation,1.2.840.10008.5.1.4.1.1.1.2,4,17.57 MB,./CMMD/D2-0669/1.3.6.1.4.1.14519.5.2.1.1239.1759.149729837141935249819392970200/1.3.6.1.4.1.14519.5.2.1.1239.1759.173043831673209913289370139923,2025-12-02T12:18:19.321522464
1.3.6.1.4.1.14519.5.2.1.1239.1759.227023576618177428653779315823,CMMD,NO,https://doi.org/10.7937/tcia.eqde4b16,D2-0667,1.3.6.1.4.1.14519.5.2.1.1239.1759.142759659051712916409025639568,NA,07-18-2011,NA,NA,MG,Digital Mammography X-Ray Image Storage - For Presentation,1.2.840.10008.5.1.4.1.1.1.2,4,17.57 MB,./CMMD/D2-0667/1.3.6.1.4.1.14519.5.2.1.1239.1759.142759659051712916409025639568/1.3.6.1.4.1.14519.5.2.1.1239.1759.227023576618177428653779315823,2025-12-02T12:18:22.337269402
1.3.6.1.4.1.14519.5.2.1.1239.1759.259708539154234643424513920792,CMMD,NO,https://doi.org/10.7937/tcia.eqde4b16,D2-0666,1.3.6.1.4.1.14519.5.2.1.1239.1759.229150580183089877475689617155,NA,07-18-2011,NA,NA,MG,Digital Mammography X-Ray Image Storage - For Presentation,1.2.840.10008.5.1.4.1.1.1.2,4,17.57 MB,./CMMD/D2-0666/1.3.6.1.4.1.14519.5.2.1.1239.1759.229150580183089877475689617155/1.3.6.1.4.1.14519.5.2.1.1239.1759.259708539154234643424513920792,2025-12-02T12:18:25.269599615
1.3.6.1.4.1.14519.5.2.1.1239.1759.188749837028260468901251896103,CMMD,NO,https://doi.org/10.7937/tcia.eqde4b16,D2-0670,1.3.6.1.4.1.14519.5.2.1.1239.1759.285851844728450266068399111607,NA,07-18-2011,NA,NA,MG,Digital Mammography X-Ray Image Storage - For Presentation,1.2.840.10008.5.1.4.1.1.1.2,4,17.57 MB,./CMMD/D2-0670/1.3.6.1.4.1.14519.5.2.1.1239.1759.285851844728450266068399111607/1.3.6.1.4.1.14519.5.2.1.1239.1759.188749837028260468901251896103,2025-12-02T12:18:38.291725206
1.3.6.1.4.1.14519.5.2.1.1239.1759.250621659333895422125150639883,CMMD,NO,https://doi.org/10.7937/tcia.eqde4b16,D2-0671,1.3.6.1.4.1.14519.5.2.1.1239.1759.197884199334548544657092605297,NA,07-18-2011,NA,NA,MG,Digital Mammography X-Ray Image Storage - For Presentation,1.2.840.10008.5.1.4.1.1.1.2,4,17.57 MB,./CMMD/D2-0671/1.3.6.1.4.1.14519.5.2.1.1239.1759.197884199334548544657092605297/1.3.6.1.4.1.14519.5.2.1.1239.1759.250621659333895422125150639883,2025-12-02T12:18:40.723403491
1.3.6.1.4.1.14519.5.2.1.1239.1759.621783639873778199056659473572,CMMD,NO,https://doi.org/10.7937/tcia.eqde4b16,D2-0673,1.3.6.1.4.1.14519.5.2.1.1239.1759.235334040666414631523899793528,NA,07-18-2011,NA,NA,MG,Digital Mammography X-Ray Image Storage - For Presentation,1.2.840.10008.5.1.4.1.1.1.2,4,17.57 MB,./CMMD/D2-0673/1.3.6.1.4.1.14519.5.2.1.1239.1759.235334040666414631523899793528/1.3.6.1.4.1.14519.5.2.1.1239.1759.621783639873778199056659473572,2025-12-02T12:18:46.537198828
1.3.6.1.4.1.14519.5.2.1.1239.1759.808660261891283962309611849611,CMMD,NO,https://doi.org/10.7937/tcia.eqde4b16,D2-0672,1.3.6.1.4.1.14519.5.2.1.1239.1759.330127101676745447529483127209,NA,07-18-2011,NA,NA,MG,Digital Mammography X-Ray Image Storage - For Presentation,1.2.840.10008.5.1.4.1.1.1.2,4,17.57 MB,./CMMD/D2-0672/1.3.6.1.4.1.14519.5.2.1.1239.1759.330127101676745447529483127209/1.3.6.1.4.1.14519.5.2.1.1239.1759.808660261891283962309611849611,2025-12-02T12:18:47.654013166
1.3.6.1.4.1.14519.5.2.1.1239.1759.282115404285813298651690620150,CMMD,NO,https://doi.org/10.7937/tcia.eqde4b16,D2-0675,1.3.6.1.4.1.14519.5.2.1.1239.1759.215860791965397462719289226608,NA,07-18-2011,NA,NA,MG,Digital Mammography X-Ray Image Storage - For Presentation,1.2.840.10008.5.1.4.1.1.1.2,4,17.57 MB,./CMMD/D2-0675/1.3.6.1.4.1.14519.5.2.1.1239.1759.215860791965397462719289226608/1.3.6.1.4.1.14519.5.2.1.1239.1759.282115404285813298651690620150,2025-12-02T12:18:53.265102599
1.3.6.1.4.1.14519.5.2.1.1239.1759.343344834976261474133251365460,CMMD,NO,https://doi.org/10.7937/tcia.eqde4b16,D2-0677,1.3.6.1.4.1.14519.5.2.1.1239.1759.115622556738280693463686226780,NA,07-18-2011,NA,NA,MG,Digital Mammography X-Ray Image Storage - For Presentation,1.2.840.10008.5.1.4.1.1.1.2,4,17.57 MB,./CMMD/D2-0677/1.3.6.1.4.1.14519.5.2.1.1239.1759.115622556738280693463686226780/1.3.6.1.4.1.14519.5.2.1.1239.1759.343344834976261474133251365460,2025-12-02T12:19:04.328237849
1.3.6.1.4.1.14519.5.2.1.1239.1759.120100661014166432129703332944,CMMD,NO,https://doi.org/10.7937/tcia.eqde4b16,D2-0674,1.3.6.1.4.1.14519.5.2.1.1239.1759.731407103711924354127016941272,NA,07-18-2011,NA,NA,MG,Digital Mammography X-Ray Image Storage - For Presentation,1.2.840.10008.5.1.4.1.1.1.2,4,17.57 MB,./CMMD/D2-0674/1.3.6.1.4.1.14519.5.2.1.1239.1759.731407103711924354127016941272/1.3.6.1.4.1.14519.5.2.1.1239.1759.120100661014166432129703332944,2025-12-02T12:19:04.883592547
1.3.6.1.4.1.14519.5.2.1.1239.1759.299481509149908285752189927883,CMMD,NO,https://doi.org/10.7937/tcia.eqde4b16,D2-0676,1.3.6.1.4.1.14519.5.2.1.1239.1759.613096685732328119311391385886,NA,07-18-2011,NA,NA,MG,Digital Mammography X-Ray Image Storage - For Presentation,1.2.840.10008.5.1.4.1.1.1.2,4,17.57 MB,./CMMD/D2-0676/1.3.6.1.4.1.14519.5.2.1.1239.1759.613096685732328119311391385886/1.3.6.1.4.1.14519.5.2.1.1239.1759.299481509149908285752189927883,2025-12-02T12:19:15.685833113
1.3.6.1.4.1.14519.5.2.1.1239.1759.120124266391031196679362883304,CMMD,NO,https://doi.org/10.7937/tcia.eqde4b16,D2-0679,1.3.6.1.4.1.14519.5.2.1.1239.1759.199420056832130605740592927963,NA,07-18-2011,NA,NA,MG,Digital Mammography X-Ray Image Storage - For Presentation,1.2.840.10008.5.1.4.1.1.1.2,4,17.57 MB,./CMMD/D2-0679/1.3.6.1.4.1.14519.5.2.1.1239.1759.199420056832130605740592927963/1.3.6.1.4.1.14519.5.2.1.1239.1759.120124266391031196679362883304,2025-12-02T12:19:16.680921403
1.3.6.1.4.1.14519.5.2.1.1239.1759.180143435410399392447299211104,CMMD,NO,https://doi.org/10.7937/tcia.eqde4b16,D2-0678,1.3.6.1.4.1.14519.5.2.1.1239.1759.253728643835899303674703241888,NA,07-18-2011,NA,NA,MG,Digital Mammography X-Ray Image Storage - For Presentation,1.2.840.10008.5.1.4.1.1.1.2,4,17.57 MB,./CMMD/D2-0678/1.3.6.1.4.1.14519.5.2.1.1239.1759.253728643835899303674703241888/1.3.6.1.4.1.14519.5.2.1.1239.1759.180143435410399392447299211104,2025-12-02T12:19:20.51260588
1.3.6.1.4.1.14519.5.2.1.1239.1759.896064530832896104684121002953,CMMD,NO,https://doi.org/10.7937/tcia.eqde4b16,D2-0681,1.3.6.1.4.1.14519.5.2.1.1239.1759.406436624230377751371651350898,NA,07-18-2011,NA,NA,MG,Digital Mammography X-Ray Image Storage - For Presentation,1.2.840.10008.5.1.4.1.1.1.2,4,17.57 MB,./CMMD/D2-0681/1.3.6.1.4.1.14519.5.2.1.1239.1759.406436624230377751371651350898/1.3.6.1.4.1.14519.5.2.1.1239.1759.896064530832896104684121002953,2025-12-02T12:19:31.850623544
1.3.6.1.4.1.14519.5.2.1.1239.1759.945205057187164497484835363807,CMMD,NO,https://doi.org/10.7937/tcia.eqde4b16,D2-0680,1.3.6.1.4.1.14519.5.2.1.1239.1759.334040594562077890684239569877,NA,07-18-2011,NA,NA,MG,Digital Mammography X-Ray Image Storage - For Presentation,1.2.840.10008.5.1.4.1.1.1.2,4,17.57 MB,./CMMD/D2-0680/1.3.6.1.4.1.14519.5.2.1.1239.1759.334040594562077890684239569877/1.3.6.1.4.1.14519.5.2.1.1239.1759.945205057187164497484835363807,2025-12-02T12:19:32.06449349
1.3.6.1.4.1.14519.5.2.1.1239.1759.178819463047069658855190647103,CMMD,NO,https://doi.org/10.7937/tcia.eqde4b16,D2-0682,1.3.6.1.4.1.14519.5.2.1.1239.1759.293923622114703407946316835170,NA,07-18-2011,NA,NA,MG,Digital Mammography X-Ray Image Storage - For Presentation,1.2.840.10008.5.1.4.1.1.1.2,4,17.57 MB,./CMMD/D2-0682/1.3.6.1.4.1.14519.5.2.1.1239.1759.293923622114703407946316835170/1.3.6.1.4.1.14519.5.2.1.1239.1759.178819463047069658855190647103,2025-12-02T12:19:34.110908899
1.3.6.1.4.1.14519.5.2.1.1239.1759.123881262694127166634234097509,CMMD,NO,https://doi.org/10.7937/tcia.eqde4b16,D2-0685,1.3.6.1.4.1.14519.5.2.1.1239.1759.266825311530094822866726624209,NA,07-18-2011,NA,NA,MG,Digital Mammography X-Ray Image Storage - For Presentation,1.2.840.10008.5.1.4.1.1.1.2,4,17.57 MB,./CMMD/D2-0685/1.3.6.1.4.1.14519.5.2.1.1239.1759.266825311530094822866726624209/1.3.6.1.4.1.14519.5.2.1.1239.1759.123881262694127166634234097509,2025-12-02T12:19:42.726683046
1.3.6.1.4.1.14519.5.2.1.1239.1759.139155771567727558863538681281,CMMD,NO,https://doi.org/10.7937/tcia.eqde4b16,D2-0686,1.3.6.1.4.1.14519.5.2.1.1239.1759.319775315626141741041250675438,NA,07-18-2011,NA,NA,MG,Digital Mammography X-Ray Image Storage - For Presentation,1.2.840.10008.5.1.4.1.1.1.2,4,17.57 MB,./CMMD/D2-0686/1.3.6.1.4.1.14519.5.2.1.1239.1759.319775315626141741041250675438/1.3.6.1.4.1.14519.5.2.1.1239.1759.139155771567727558863538681281,2025-12-02T12:19:52.148661318
1.3.6.1.4.1.14519.5.2.1.1239.1759.149727374217437110623589890229,CMMD,NO,https://doi.org/10.7937/tcia.eqde4b16,D2-0684,1.3.6.1.4.1.14519.5.2.1.1239.1759.311541127715952382917303736682,NA,07-18-2011,NA,NA,MG,Digital Mammography X-Ray Image Storage - For Presentation,1.2.840.10008.5.1.4.1.1.1.2,4,17.57 MB,./CMMD/D2-0684/1.3.6.1.4.1.14519.5.2.1.1239.1759.311541127715952382917303736682/1.3.6.1.4.1.14519.5.2.1.1239.1759.149727374217437110623589890229,2025-12-02T12:19:53.041708675
1.3.6.1.4.1.14519.5.2.1.1239.1759.153906339365128093964608741883,CMMD,NO,https://doi.org/10.7937/tcia.eqde4b16,D2-0683,1.3.6.1.4.1.14519.5.2.1.1239.1759.956640894829000404667973849276,NA,07-18-2011,NA,NA,MG,Digital Mammography X-Ray Image Storage - For Presentation,1.2.840.10008.5.1.4.1.1.1.2,4,17.57 MB,./CMMD/D2-0683/1.3.6.1.4.1.14519.5.2.1.1239.1759.956640894829000404667973849276/1.3.6.1.4.1.14519.5.2.1.1239.1759.153906339365128093964608741883,2025-12-02T12:20:01.005756264
1.3.6.1.4.1.14519.5.2.1.1239.1759.131844145848459926824328967873,CMMD,NO,https://doi.org/10.7937/tcia.eqde4b16,D2-0687,1.3.6.1.4.1.14519.5.2.1.1239.1759.265036566761534572806656159283,NA,07-18-2011,NA,NA,MG,Digital Mammography X-Ray Image Storage - For Presentation,1.2.840.10008.5.1.4.1.1.1.2,4,17.57 MB,./CMMD/D2-0687/1.3.6.1.4.1.14519.5.2.1.1239.1759.265036566761534572806656159283/1.3.6.1.4.1.14519.5.2.1.1239.1759.131844145848459926824328967873,2025-12-02T12:20:05.880906275
1.3.6.1.4.1.14519.5.2.1.1239.1759.185947023991472088354037804381,CMMD,NO,https://doi.org/10.7937/tcia.eqde4b16,D2-0688,1.3.6.1.4.1.14519.5.2.1.1239.1759.278834552895868094299061036857,NA,07-18-2011,NA,NA,MG,Digital Mammography X-Ray Image Storage - For Presentation,1.2.840.10008.5.1.4.1.1.1.2,4,17.57 MB,./CMMD/D2-0688/1.3.6.1.4.1.14519.5.2.1.1239.1759.278834552895868094299061036857/1.3.6.1.4.1.14519.5.2.1.1239.1759.185947023991472088354037804381,2025-12-02T12:20:15.283263753
1.3.6.1.4.1.14519.5.2.1.1239.1759.339822590857588085578869518335,CMMD,NO,https://doi.org/10.7937/tcia.eqde4b16,D2-0690,1.3.6.1.4.1.14519.5.2.1.1239.1759.308069918808037243676084427180,NA,07-18-2011,NA,NA,MG,Digital Mammography X-Ray Image Storage - For Presentation,1.2.840.10008.5.1.4.1.1.1.2,4,17.57 MB,./CMMD/D2-0690/1.3.6.1.4.1.14519.5.2.1.1239.1759.308069918808037243676084427180/1.3.6.1.4.1.14519.5.2.1.1239.1759.339822590857588085578869518335,2025-12-02T12:20:16.865081123
1.3.6.1.4.1.14519.5.2.1.1239.1759.565427424679685487958656437644,CMMD,NO,https://doi.org/10.7937/tcia.eqde4b16,D2-0689,1.3.6.1.4.1.14519.5.2.1.1239.1759.265804693652796622871214020726,NA,07-18-2011,NA,NA,MG,Digital Mammography X-Ray Image Storage - For Presentation,1.2.840.10008.5.1.4.1.1.1.2,4,17.57 MB,./CMMD/D2-0689/1.3.6.1.4.1.14519.5.2.1.1239.1759.265804693652796622871214020726/1.3.6.1.4.1.14519.5.2.1.1239.1759.565427424679685487958656437644,2025-12-02T12:20:20.95681009
1.3.6.1.4.1.14519.5.2.1.1239.1759.140824462282091122212821739260,CMMD,NO,https://doi.org/10.7937/tcia.eqde4b16,D2-0691,1.3.6.1.4.1.14519.5.2.1.1239.1759.312350730097137088248490230853,NA,07-18-2011,NA,NA,MG,Digital Mammography X-Ray Image Storage - For Presentation,1.2.840.10008.5.1.4.1.1.1.2,4,17.57 MB,./CMMD/D2-0691/1.3.6.1.4.1.14519.5.2.1.1239.1759.312350730097137088248490230853/1.3.6.1.4.1.14519.5.2.1.1239.1759.140824462282091122212821739260,2025-12-02T12:20:23.94226665
1.3.6.1.4.1.14519.5.2.1.1239.1759.188089719294011766589535911166,CMMD,NO,https://doi.org/10.7937/tcia.eqde4b16,D2-0693,1.3.6.1.4.1.14519.5.2.1.1239.1759.938556049334106100142928574089,NA,07-18-2011,NA,NA,MG,Digital Mammography X-Ray Image Storage - For Presentation,1.2.840.10008.5.1.4.1.1.1.2,4,17.57 MB,./CMMD/D2-0693/1.3.6.1.4.1.14519.5.2.1.1239.1759.938556049334106100142928574089/1.3.6.1.4.1.14519.5.2.1.1239.1759.188089719294011766589535911166,2025-12-02T12:20:28.101194535
1.3.6.1.4.1.14519.5.2.1.1239.1759.265661594828052669533872133085,CMMD,NO,https://doi.org/10.7937/tcia.eqde4b16,D2-0692,1.3.6.1.4.1.14519.5.2.1.1239.1759.269470652855582860001600329595,NA,07-18-2011,NA,NA,MG,Digital Mammography X-Ray Image Storage - For Presentation,1.2.840.10008.5.1.4.1.1.1.2,4,17.57 MB,./CMMD/D2-0692/1.3.6.1.4.1.14519.5.2.1.1239.1759.269470652855582860001600329595/1.3.6.1.4.1.14519.5.2.1.1239.1759.265661594828052669533872133085,2025-12-02T12:20:35.121879959
1.3.6.1.4.1.14519.5.2.1.1239.1759.186934537304116329868313681335,CMMD,NO,https://doi.org/10.7937/tcia.eqde4b16,D2-0694,1.3.6.1.4.1.14519.5.2.1.1239.1759.316005957100024502564092086123,NA,07-18-2011,NA,NA,MG,Digital Mammography X-Ray Image Storage - For Presentation,1.2.840.10008.5.1.4.1.1.1.2,4,17.57 MB,./CMMD/D2-0694/1.3.6.1.4.1.14519.5.2.1.1239.1759.316005957100024502564092086123/1.3.6.1.4.1.14519.5.2.1.1239.1759.186934537304116329868313681335,2025-12-02T12:20:39.240090467
1.3.6.1.4.1.14519.5.2.1.1239.1759.260363536850466013742017911605,CMMD,NO,https://doi.org/10.7937/tcia.eqde4b16,D2-0695,1.3.6.1.4.1.14519.5.2.1.1239.1759.196528716829435141903463003113,NA,07-18-2011,NA,NA,MG,Digital Mammography X-Ray Image Storage - For Presentation,1.2.840.10008.5.1.4.1.1.1.2,4,17.57 MB,./CMMD/D2-0695/1.3.6.1.4.1.14519.5.2.1.1239.1759.196528716829435141903463003113/1.3.6.1.4.1.14519.5.2.1.1239.1759.260363536850466013742017911605,2025-12-02T12:20:43.782592837
1.3.6.1.4.1.14519.5.2.1.1239.1759.207965349459958944802245318659,CMMD,NO,https://doi.org/10.7937/tcia.eqde4b16,D2-0696,1.3.6.1.4.1.14519.5.2.1.1239.1759.187263882341455108818592967243,NA,07-18-2011,NA,NA,MG,Digital Mammography X-Ray Image Storage - For Presentation,1.2.840.10008.5.1.4.1.1.1.2,4,17.57 MB,./CMMD/D2-0696/1.3.6.1.4.1.14519.5.2.1.1239.1759.187263882341455108818592967243/1.3.6.1.4.1.14519.5.2.1.1239.1759.207965349459958944802245318659,2025-12-02T12:20:53.590112072
1.3.6.1.4.1.14519.5.2.1.1239.1759.231847340809167188213624753481,CMMD,NO,https://doi.org/10.7937/tcia.eqde4b16,D2-0698,1.3.6.1.4.1.14519.5.2.1.1239.1759.148305659193423844230355747755,NA,07-18-2011,NA,NA,MG,Digital Mammography X-Ray Image Storage - For Presentation,1.2.840.10008.5.1.4.1.1.1.2,4,17.57 MB,./CMMD/D2-0698/1.3.6.1.4.1.14519.5.2.1.1239.1759.148305659193423844230355747755/1.3.6.1.4.1.14519.5.2.1.1239.1759.231847340809167188213624753481,2025-12-02T12:20:55.188871106
1.3.6.1.4.1.14519.5.2.1.1239.1759.304101816168292069850097885579,CMMD,NO,https://doi.org/10.7937/tcia.eqde4b16,D2-0697,1.3.6.1.4.1.14519.5.2.1.1239.1759.273838738800744324076250622237,NA,07-18-2011,NA,NA,MG,Digital Mammography X-Ray Image Storage - For Presentation,1.2.840.10008.5.1.4.1.1.1.2,4,17.57 MB,./CMMD/D2-0697/1.3.6.1.4.1.14519.5.2.1.1239.1759.273838738800744324076250622237/1.3.6.1.4.1.14519.5.2.1.1239.1759.304101816168292069850097885579,2025-12-02T12:21:01.49524142
1.3.6.1.4.1.14519.5.2.1.1239.1759.142861494022079468990752989532,CMMD,NO,https://doi.org/10.7937/tcia.eqde4b16,D2-0700,1.3.6.1.4.1.14519.5.2.1.1239.1759.150981115154226396178358466524,NA,07-18-2011,NA,NA,MG,Digital Mammography X-Ray Image Storage - For Presentation,1.2.840.10008.5.1.4.1.1.1.2,4,17.57 MB,./CMMD/D2-0700/1.3.6.1.4.1.14519.5.2.1.1239.1759.150981115154226396178358466524/1.3.6.1.4.1.14519.5.2.1.1239.1759.142861494022079468990752989532,2025-12-02T12:21:02.813148019
1.3.6.1.4.1.14519.5.2.1.1239.1759.157965756447335421165489934143,CMMD,NO,https://doi.org/10.7937/tcia.eqde4b16,D2-0699,1.3.6.1.4.1.14519.5.2.1.1239.1759.556012511721863601288419554815,NA,07-18-2011,NA,NA,MG,Digital Mammography X-Ray Image Storage - For Presentation,1.2.840.10008.5.1.4.1.1.1.2,4,17.57 MB,./CMMD/D2-0699/1.3.6.1.4.1.14519.5.2.1.1239.1759.556012511721863601288419554815/1.3.6.1.4.1.14519.5.2.1.1239.1759.157965756447335421165489934143,2025-12-02T12:21:08.963534365
1.3.6.1.4.1.14519.5.2.1.1239.1759.964618078869809440696497854124,CMMD,NO,https://doi.org/10.7937/tcia.eqde4b16,D2-0701,1.3.6.1.4.1.14519.5.2.1.1239.1759.162863205339120148357916410395,NA,07-18-2011,NA,NA,MG,Digital Mammography X-Ray Image Storage - For Presentation,1.2.840.10008.5.1.4.1.1.1.2,4,17.57 MB,./CMMD/D2-0701/1.3.6.1.4.1.14519.5.2.1.1239.1759.162863205339120148357916410395/1.3.6.1.4.1.14519.5.2.1.1239.1759.964618078869809440696497854124,2025-12-02T12:21:18.409840237
1.3.6.1.4.1.14519.5.2.1.1239.1759.165898870469408413856319000573,CMMD,NO,https://doi.org/10.7937/tcia.eqde4b16,D2-0702,1.3.6.1.4.1.14519.5.2.1.1239.1759.210672177899271292808092363469,NA,07-18-2011,NA,NA,MG,Digital Mammography X-Ray Image Storage - For Presentation,1.2.840.10008.5.1.4.1.1.1.2,4,17.57 MB,./CMMD/D2-0702/1.3.6.1.4.1.14519.5.2.1.1239.1759.210672177899271292808092363469/1.3.6.1.4.1.14519.5.2.1.1239.1759.165898870469408413856319000573,2025-12-02T12:21:20.982739322
1.3.6.1.4.1.14519.5.2.1.1239.1759.391070865092132712246393435763,CMMD,NO,https://doi.org/10.7937/tcia.eqde4b16,D2-0704,1.3.6.1.4.1.14519.5.2.1.1239.1759.109613039732885500632825925372,NA,07-18-2011,NA,NA,MG,Digital Mammography X-Ray Image Storage - For Presentation,1.2.840.10008.5.1.4.1.1.1.2,4,17.57 MB,./CMMD/D2-0704/1.3.6.1.4.1.14519.5.2.1.1239.1759.109613039732885500632825925372/1.3.6.1.4.1.14519.5.2.1.1239.1759.391070865092132712246393435763,2025-12-02T12:21:27.751427535
1.3.6.1.4.1.14519.5.2.1.1239.1759.330032093786575660121910972535,CMMD,NO,https://doi.org/10.7937/tcia.eqde4b16,D2-0705,1.3.6.1.4.1.14519.5.2.1.1239.1759.208974120616256232379351549729,NA,07-18-2011,NA,NA,MG,Digital Mammography X-Ray Image Storage - For Presentation,1.2.840.10008.5.1.4.1.1.1.2,4,17.57 MB,./CMMD/D2-0705/1.3.6.1.4.1.14519.5.2.1.1239.1759.208974120616256232379351549729/1.3.6.1.4.1.14519.5.2.1.1239.1759.330032093786575660121910972535,2025-12-02T12:21:34.466978479
1.3.6.1.4.1.14519.5.2.1.1239.1759.653729621195892100731172382323,CMMD,NO,https://doi.org/10.7937/tcia.eqde4b16,D2-0706,1.3.6.1.4.1.14519.5.2.1.1239.1759.179453206292914723923934417444,NA,07-18-2011,NA,NA,MG,Digital Mammography X-Ray Image Storage - For Presentation,1.2.840.10008.5.1.4.1.1.1.2,4,17.57 MB,./CMMD/D2-0706/1.3.6.1.4.1.14519.5.2.1.1239.1759.179453206292914723923934417444/1.3.6.1.4.1.14519.5.2.1.1239.1759.653729621195892100731172382323,2025-12-02T12:21:36.304682267
1.3.6.1.4.1.14519.5.2.1.1239.1759.261893623840085818029522406199,CMMD,NO,https://doi.org/10.7937/tcia.eqde4b16,D2-0703,1.3.6.1.4.1.14519.5.2.1.1239.1759.824162380928380588740632104972,NA,07-18-2011,NA,NA,MG,Digital Mammography X-Ray Image Storage - For Presentation,1.2.840.10008.5.1.4.1.1.1.2,4,17.57 MB,./CMMD/D2-0703/1.3.6.1.4.1.14519.5.2.1.1239.1759.824162380928380588740632104972/1.3.6.1.4.1.14519.5.2.1.1239.1759.261893623840085818029522406199,2025-12-02T12:21:39.739095725
1.3.6.1.4.1.14519.5.2.1.1239.1759.240130634597770177473325248503,CMMD,NO,https://doi.org/10.7937/tcia.eqde4b16,D2-0709,1.3.6.1.4.1.14519.5.2.1.1239.1759.146160418358598500734955020014,NA,07-18-2011,NA,NA,MG,Digital Mammography X-Ray Image Storage - For Presentation,1.2.840.10008.5.1.4.1.1.1.2,4,17.57 MB,./CMMD/D2-0709/1.3.6.1.4.1.14519.5.2.1.1239.1759.146160418358598500734955020014/1.3.6.1.4.1.14519.5.2.1.1239.1759.240130634597770177473325248503,2025-12-02T12:21:50.241269405
1.3.6.1.4.1.14519.5.2.1.1239.1759.332867109236983837236851188345,CMMD,NO,https://doi.org/10.7937/tcia.eqde4b16,D2-0707,1.3.6.1.4.1.14519.5.2.1.1239.1759.130552751484819168277885060590,NA,07-18-2011,NA,NA,MG,Digital Mammography X-Ray Image Storage - For Presentation,1.2.840.10008.5.1.4.1.1.1.2,4,17.57 MB,./CMMD/D2-0707/1.3.6.1.4.1.14519.5.2.1.1239.1759.130552751484819168277885060590/1.3.6.1.4.1.14519.5.2.1.1239.1759.332867109236983837236851188345,2025-12-02T12:21:54.370113174
1.3.6.1.4.1.14519.5.2.1.1239.1759.459930937208673432333733435123,CMMD,NO,https://doi.org/10.7937/tcia.eqde4b16,D2-0708,1.3.6.1.4.1.14519.5.2.1.1239.1759.189211266640199678680596790490,NA,07-18-2011,NA,NA,MG,Digital Mammography X-Ray Image Storage - For Presentation,1.2.840.10008.5.1.4.1.1.1.2,4,17.57 MB,./CMMD/D2-0708/1.3.6.1.4.1.14519.5.2.1.1239.1759.189211266640199678680596790490/1.3.6.1.4.1.14519.5.2.1.1239.1759.459930937208673432333733435123,2025-12-02T12:21:58.106948839
1.3.6.1.4.1.14519.5.2.1.1239.1759.271549227772334285890472250084,CMMD,NO,https://doi.org/10.7937/tcia.eqde4b16,D2-0710,1.3.6.1.4.1.14519.5.2.1.1239.1759.370391178167932202657223435541,NA,07-18-2011,NA,NA,MG,Digital Mammography X-Ray Image Storage - For Presentation,1.2.840.10008.5.1.4.1.1.1.2,4,17.57 MB,./CMMD/D2-0710/1.3.6.1.4.1.14519.5.2.1.1239.1759.370391178167932202657223435541/1.3.6.1.4.1.14519.5.2.1.1239.1759.271549227772334285890472250084,2025-12-02T12:22:08.888980659
1.3.6.1.4.1.14519.5.2.1.1239.1759.872908478518292631242432130180,CMMD,NO,https://doi.org/10.7937/tcia.eqde4b16,D2-0712,1.3.6.1.4.1.14519.5.2.1.1239.1759.333985417818349393599919688241,NA,07-18-2011,NA,NA,MG,Digital Mammography X-Ray Image Storage - For Presentation,1.2.840.10008.5.1.4.1.1.1.2,4,17.57 MB,./CMMD/D2-0712/1.3.6.1.4.1.14519.5.2.1.1239.1759.333985417818349393599919688241/1.3.6.1.4.1.14519.5.2.1.1239.1759.872908478518292631242432130180,2025-12-02T12:22:15.239994317
1.3.6.1.4.1.14519.5.2.1.1239.1759.258158468676719438565948437488,CMMD,NO,https://doi.org/10.7937/tcia.eqde4b16,D2-0711,1.3.6.1.4.1.14519.5.2.1.1239.1759.153278338697226895422434898397,NA,07-18-2011,NA,NA,MG,Digital Mammography X-Ray Image Storage - For Presentation,1.2.840.10008.5.1.4.1.1.1.2,4,17.57 MB,./CMMD/D2-0711/1.3.6.1.4.1.14519.5.2.1.1239.1759.153278338697226895422434898397/1.3.6.1.4.1.14519.5.2.1.1239.1759.258158468676719438565948437488,2025-12-02T12:22:20.893679536
1.3.6.1.4.1.14519.5.2.1.1239.1759.219720078313605360268644842119,CMMD,NO,https://doi.org/10.7937/tcia.eqde4b16,D2-0713,1.3.6.1.4.1.14519.5.2.1.1239.1759.180614733844289443787135368435,NA,07-18-2011,NA,NA,MG,Digital Mammography X-Ray Image Storage - For Presentation,1.2.840.10008.5.1.4.1.1.1.2,4,17.57 MB,./CMMD/D2-0713/1.3.6.1.4.1.14519.5.2.1.1239.1759.180614733844289443787135368435/1.3.6.1.4.1.14519.5.2.1.1239.1759.219720078313605360268644842119,2025-12-02T12:22:23.115192181
1.3.6.1.4.1.14519.5.2.1.1239.1759.332519624723731121897020585013,CMMD,NO,https://doi.org/10.7937/tcia.eqde4b16,D2-0714,1.3.6.1.4.1.14519.5.2.1.1239.1759.712979988615624826676190887115,NA,07-18-2011,NA,NA,MG,Digital Mammography X-Ray Image Storage - For Presentation,1.2.840.10008.5.1.4.1.1.1.2,4,17.57 MB,./CMMD/D2-0714/1.3.6.1.4.1.14519.5.2.1.1239.1759.712979988615624826676190887115/1.3.6.1.4.1.14519.5.2.1.1239.1759.332519624723731121897020585013,2025-12-02T12:22:29.604243662
1.3.6.1.4.1.14519.5.2.1.1239.1759.213500792757719250686669573239,CMMD,NO,https://doi.org/10.7937/tcia.eqde4b16,D2-0715,1.3.6.1.4.1.14519.5.2.1.1239.1759.164535587458518177434874894265,NA,07-18-2011,NA,NA,MG,Digital Mammography X-Ray Image Storage - For Presentation,1.2.840.10008.5.1.4.1.1.1.2,4,17.57 MB,./CMMD/D2-0715/1.3.6.1.4.1.14519.5.2.1.1239.1759.164535587458518177434874894265/1.3.6.1.4.1.14519.5.2.1.1239.1759.213500792757719250686669573239,2025-12-02T12:22:36.992005428
1.3.6.1.4.1.14519.5.2.1.1239.1759.776072603133733805501614226622,CMMD,NO,https://doi.org/10.7937/tcia.eqde4b16,D2-0716,1.3.6.1.4.1.14519.5.2.1.1239.1759.458213223217336057251721347688,NA,07-18-2011,NA,NA,MG,Digital Mammography X-Ray Image Storage - For Presentation,1.2.840.10008.5.1.4.1.1.1.2,4,17.57 MB,./CMMD/D2-0716/1.3.6.1.4.1.14519.5.2.1.1239.1759.458213223217336057251721347688/1.3.6.1.4.1.14519.5.2.1.1239.1759.776072603133733805501614226622,2025-12-02T12:22:40.795805881
1.3.6.1.4.1.14519.5.2.1.1239.1759.166161947326686658131549872443,CMMD,NO,https://doi.org/10.7937/tcia.eqde4b16,D2-0719,1.3.6.1.4.1.14519.5.2.1.1239.1759.282174766673483680256302709157,NA,07-18-2011,NA,NA,MG,Digital Mammography X-Ray Image Storage - For Presentation,1.2.840.10008.5.1.4.1.1.1.2,4,17.57 MB,./CMMD/D2-0719/1.3.6.1.4.1.14519.5.2.1.1239.1759.282174766673483680256302709157/1.3.6.1.4.1.14519.5.2.1.1239.1759.166161947326686658131549872443,2025-12-02T12:22:48.67754118
1.3.6.1.4.1.14519.5.2.1.1239.1759.195314024676766581981437206760,CMMD,NO,https://doi.org/10.7937/tcia.eqde4b16,D2-0717,1.3.6.1.4.1.14519.5.2.1.1239.1759.158747044835707503076344231802,NA,07-18-2011,NA,NA,MG,Digital Mammography X-Ray Image Storage - For Presentation,1.2.840.10008.5.1.4.1.1.1.2,4,17.57 MB,./CMMD/D2-0717/1.3.6.1.4.1.14519.5.2.1.1239.1759.158747044835707503076344231802/1.3.6.1.4.1.14519.5.2.1.1239.1759.195314024676766581981437206760,2025-12-02T12:22:56.806299904
1.3.6.1.4.1.14519.5.2.1.1239.1759.142752342962631756420646794395,CMMD,NO,https://doi.org/10.7937/tcia.eqde4b16,D2-0720,1.3.6.1.4.1.14519.5.2.1.1239.1759.106809251097695295074954959072,NA,07-18-2011,NA,NA,MG,Digital Mammography X-Ray Image Storage - For Presentation,1.2.840.10008.5.1.4.1.1.1.2,4,17.57 MB,./CMMD/D2-0720/1.3.6.1.4.1.14519.5.2.1.1239.1759.106809251097695295074954959072/1.3.6.1.4.1.14519.5.2.1.1239.1759.142752342962631756420646794395,2025-12-02T12:22:58.074622827
1.3.6.1.4.1.14519.5.2.1.1239.1759.191067822332054953066823303963,CMMD,NO,https://doi.org/10.7937/tcia.eqde4b16,D2-0718,1.3.6.1.4.1.14519.5.2.1.1239.1759.292107553104825697897519387676,NA,07-18-2011,NA,NA,MG,Digital Mammography X-Ray Image Storage - For Presentation,1.2.840.10008.5.1.4.1.1.1.2,4,17.57 MB,./CMMD/D2-0718/1.3.6.1.4.1.14519.5.2.1.1239.1759.292107553104825697897519387676/1.3.6.1.4.1.14519.5.2.1.1239.1759.191067822332054953066823303963,2025-12-02T12:23:06.004665983
1.3.6.1.4.1.14519.5.2.1.1239.1759.338679784483497383440646289325,CMMD,NO,https://doi.org/10.7937/tcia.eqde4b16,D2-0721,1.3.6.1.4.1.14519.5.2.1.1239.1759.214603363458291455535287669881,NA,07-18-2011,NA,NA,MG,Digital Mammography X-Ray Image Storage - For Presentation,1.2.840.10008.5.1.4.1.1.1.2,4,17.57 MB,./CMMD/D2-0721/1.3.6.1.4.1.14519.5.2.1.1239.1759.214603363458291455535287669881/1.3.6.1.4.1.14519.5.2.1.1239.1759.338679784483497383440646289325,2025-12-02T12:23:17.606090276
1.3.6.1.4.1.14519.5.2.1.1239.1759.580332004031604453400497871757,CMMD,NO,https://doi.org/10.7937/tcia.eqde4b16,D2-0723,1.3.6.1.4.1.14519.5.2.1.1239.1759.131178759958408328428212665831,NA,07-18-2011,NA,NA,MG,Digital Mammography X-Ray Image Storage - For Presentation,1.2.840.10008.5.1.4.1.1.1.2,4,17.57 MB,./CMMD/D2-0723/1.3.6.1.4.1.14519.5.2.1.1239.1759.131178759958408328428212665831/1.3.6.1.4.1.14519.5.2.1.1239.1759.580332004031604453400497871757,2025-12-02T12:23:20.220185966
1.3.6.1.4.1.14519.5.2.1.1239.1759.279852064862570039253098935564,CMMD,NO,https://doi.org/10.7937/tcia.eqde4b16,D2-0722,1.3.6.1.4.1.14519.5.2.1.1239.1759.234650672304965638348335900061,NA,07-18-2011,NA,NA,MG,Digital Mammography X-Ray Image Storage - For Presentation,1.2.840.10008.5.1.4.1.1.1.2,4,17.57 MB,./CMMD/D2-0722/1.3.6.1.4.1.14519.5.2.1.1239.1759.234650672304965638348335900061/1.3.6.1.4.1.14519.5.2.1.1239.1759.279852064862570039253098935564,2025-12-02T12:23:21.987035873
1.3.6.1.4.1.14519.5.2.1.1239.1759.152347096406902175339975581678,CMMD,NO,https://doi.org/10.7937/tcia.eqde4b16,D2-0725,1.3.6.1.4.1.14519.5.2.1.1239.1759.454116199077730314908768802340,NA,07-18-2011,NA,NA,MG,Digital Mammography X-Ray Image Storage - For Presentation,1.2.840.10008.5.1.4.1.1.1.2,4,17.57 MB,./CMMD/D2-0725/1.3.6.1.4.1.14519.5.2.1.1239.1759.454116199077730314908768802340/1.3.6.1.4.1.14519.5.2.1.1239.1759.152347096406902175339975581678,2025-12-02T12:23:28.602775182
1.3.6.1.4.1.14519.5.2.1.1239.1759.299074970414870149246711474479,CMMD,NO,https://doi.org/10.7937/tcia.eqde4b16,D2-0724,1.3.6.1.4.1.14519.5.2.1.1239.1759.113520186744499064142157791996,NA,07-18-2011,NA,NA,MG,Digital Mammography X-Ray Image Storage - For Presentation,1.2.840.10008.5.1.4.1.1.1.2,4,17.57 MB,./CMMD/D2-0724/1.3.6.1.4.1.14519.5.2.1.1239.1759.113520186744499064142157791996/1.3.6.1.4.1.14519.5.2.1.1239.1759.299074970414870149246711474479,2025-12-02T12:23:37.332767651
1.3.6.1.4.1.14519.5.2.1.1239.1759.328472986567873938463255155340,CMMD,NO,https://doi.org/10.7937/tcia.eqde4b16,D2-0726,1.3.6.1.4.1.14519.5.2.1.1239.1759.268310056111474817716081201325,NA,07-18-2011,NA,NA,MG,Digital Mammography X-Ray Image Storage - For Presentation,1.2.840.10008.5.1.4.1.1.1.2,4,17.57 MB,./CMMD/D2-0726/1.3.6.1.4.1.14519.5.2.1.1239.1759.268310056111474817716081201325/1.3.6.1.4.1.14519.5.2.1.1239.1759.328472986567873938463255155340,2025-12-02T12:23:37.817397272
1.3.6.1.4.1.14519.5.2.1.1239.1759.150958892442697042990603950301,CMMD,NO,https://doi.org/10.7937/tcia.eqde4b16,D2-0727,1.3.6.1.4.1.14519.5.2.1.1239.1759.418288056935907123060560507024,NA,07-18-2011,NA,NA,MG,Digital Mammography X-Ray Image Storage - For Presentation,1.2.840.10008.5.1.4.1.1.1.2,4,17.57 MB,./CMMD/D2-0727/1.3.6.1.4.1.14519.5.2.1.1239.1759.418288056935907123060560507024/1.3.6.1.4.1.14519.5.2.1.1239.1759.150958892442697042990603950301,2025-12-02T12:23:46.672174215
1.3.6.1.4.1.14519.5.2.1.1239.1759.237215789586959598704017835761,CMMD,NO,https://doi.org/10.7937/tcia.eqde4b16,D2-0730,1.3.6.1.4.1.14519.5.2.1.1239.1759.626442831968965099004017766549,NA,07-18-2011,NA,NA,MG,Digital Mammography X-Ray Image Storage - For Presentation,1.2.840.10008.5.1.4.1.1.1.2,4,17.57 MB,./CMMD/D2-0730/1.3.6.1.4.1.14519.5.2.1.1239.1759.626442831968965099004017766549/1.3.6.1.4.1.14519.5.2.1.1239.1759.237215789586959598704017835761,2025-12-02T12:23:56.219662336
1.3.6.1.4.1.14519.5.2.1.1239.1759.772047725561625780539102175906,CMMD,NO,https://doi.org/10.7937/tcia.eqde4b16,D2-0729,1.3.6.1.4.1.14519.5.2.1.1239.1759.521462020165866043171842591467,NA,07-18-2011,NA,NA,MG,Digital Mammography X-Ray Image Storage - For Presentation,1.2.840.10008.5.1.4.1.1.1.2,4,17.57 MB,./CMMD/D2-0729/1.3.6.1.4.1.14519.5.2.1.1239.1759.521462020165866043171842591467/1.3.6.1.4.1.14519.5.2.1.1239.1759.772047725561625780539102175906,2025-12-02T12:23:56.288259774
1.3.6.1.4.1.14519.5.2.1.1239.1759.253667793082838709098491122310,CMMD,NO,https://doi.org/10.7937/tcia.eqde4b16,D2-0728,1.3.6.1.4.1.14519.5.2.1.1239.1759.109215718760701661566588869216,NA,07-18-2011,NA,NA,MG,Digital Mammography X-Ray Image Storage - For Presentation,1.2.840.10008.5.1.4.1.1.1.2,4,17.57 MB,./CMMD/D2-0728/1.3.6.1.4.1.14519.5.2.1.1239.1759.109215718760701661566588869216/1.3.6.1.4.1.14519.5.2.1.1239.1759.253667793082838709098491122310,2025-12-02T12:23:58.333988163
1.3.6.1.4.1.14519.5.2.1.1239.1759.244303110586263988740790498441,CMMD,NO,https://doi.org/10.7937/tcia.eqde4b16,D2-0731,1.3.6.1.4.1.14519.5.2.1.1239.1759.317782769951566230355535212460,NA,07-18-2011,NA,NA,MG,Digital Mammography X-Ray Image Storage - For Presentation,1.2.840.10008.5.1.4.1.1.1.2,4,17.57 MB,./CMMD/D2-0731/1.3.6.1.4.1.14519.5.2.1.1239.1759.317782769951566230355535212460/1.3.6.1.4.1.14519.5.2.1.1239.1759.244303110586263988740790498441,2025-12-02T12:24:05.028597438
1.3.6.1.4.1.14519.5.2.1.1239.1759.131045913224509318531545992151,CMMD,NO,https://doi.org/10.7937/tcia.eqde4b16,D2-0732,1.3.6.1.4.1.14519.5.2.1.1239.1759.157548585391225774998285461319,NA,07-18-2011,NA,NA,MG,Digital Mammography X-Ray Image Storage - For Presentation,1.2.840.10008.5.1.4.1.1.1.2,4,17.57 MB,./CMMD/D2-0732/1.3.6.1.4.1.14519.5.2.1.1239.1759.157548585391225774998285461319/1.3.6.1.4.1.14519.5.2.1.1239.1759.131045913224509318531545992151,2025-12-02T12:24:09.40506606
1.3.6.1.4.1.14519.5.2.1.1239.1759.191609459914520316640237231504,CMMD,NO,https://doi.org/10.7937/tcia.eqde4b16,D2-0733,1.3.6.1.4.1.14519.5.2.1.1239.1759.316652794285398783536696208341,NA,07-18-2011,NA,NA,MG,Digital Mammography X-Ray Image Storage - For Presentation,1.2.840.10008.5.1.4.1.1.1.2,4,17.57 MB,./CMMD/D2-0733/1.3.6.1.4.1.14519.5.2.1.1239.1759.316652794285398783536696208341/1.3.6.1.4.1.14519.5.2.1.1239.1759.191609459914520316640237231504,2025-12-02T12:24:15.949562357
1.3.6.1.4.1.14519.5.2.1.1239.1759.652877254602371084983046276285,CMMD,NO,https://doi.org/10.7937/tcia.eqde4b16,D2-0735,1.3.6.1.4.1.14519.5.2.1.1239.1759.140153008611156814731187009273,NA,07-18-2011,NA,NA,MG,Digital Mammography X-Ray Image Storage - For Presentation,1.2.840.10008.5.1.4.1.1.1.2,4,17.57 MB,./CMMD/D2-0735/1.3.6.1.4.1.14519.5.2.1.1239.1759.140153008611156814731187009273/1.3.6.1.4.1.14519.5.2.1.1239.1759.652877254602371084983046276285,2025-12-02T12:24:26.461451084
1.3.6.1.4.1.14519.5.2.1.1239.1759.292474738270589891909367250157,CMMD,NO,https://doi.org/10.7937/tcia.eqde4b16,D2-0734,1.3.6.1.4.1.14519.5.2.1.1239.1759.139122118481684900453473122618,NA,07-18-2011,NA,NA,MG,Digital Mammography X-Ray Image Storage - For Presentation,1.2.840.10008.5.1.4.1.1.1.2,4,17.57 MB,./CMMD/D2-0734/1.3.6.1.4.1.14519.5.2.1.1239.1759.139122118481684900453473122618/1.3.6.1.4.1.14519.5.2.1.1239.1759.292474738270589891909367250157,2025-12-02T12:24:29.29529855
1.3.6.1.4.1.14519.5.2.1.1239.1759.207137862390192225398279260282,CMMD,NO,https://doi.org/10.7937/tcia.eqde4b16,D2-0736,1.3.6.1.4.1.14519.5.2.1.1239.1759.595596413363829220579214997548,NA,07-18-2011,NA,NA,MG,Digital Mammography X-Ray Image Storage - For Presentation,1.2.840.10008.5.1.4.1.1.1.2,4,17.57 MB,./CMMD/D2-0736/1.3.6.1.4.1.14519.5.2.1.1239.1759.595596413363829220579214997548/1.3.6.1.4.1.14519.5.2.1.1239.1759.207137862390192225398279260282,2025-12-02T12:24:31.932120535
1.3.6.1.4.1.14519.5.2.1.1239.1759.208550235238401653328732258104,CMMD,NO,https://doi.org/10.7937/tcia.eqde4b16,D2-0737,1.3.6.1.4.1.14519.5.2.1.1239.1759.220528589027334798134771871274,NA,07-18-2011,NA,NA,MG,Digital Mammography X-Ray Image Storage - For Presentation,1.2.840.10008.5.1.4.1.1.1.2,4,17.57 MB,./CMMD/D2-0737/1.3.6.1.4.1.14519.5.2.1.1239.1759.220528589027334798134771871274/1.3.6.1.4.1.14519.5.2.1.1239.1759.208550235238401653328732258104,2025-12-02T12:24:41.08833556
1.3.6.1.4.1.14519.5.2.1.1239.1759.129344108808884545529615228498,CMMD,NO,https://doi.org/10.7937/tcia.eqde4b16,D2-0739,1.3.6.1.4.1.14519.5.2.1.1239.1759.126030599654658508893171411794,NA,07-18-2011,NA,NA,MG,Digital Mammography X-Ray Image Storage - For Presentation,1.2.840.10008.5.1.4.1.1.1.2,4,17.57 MB,./CMMD/D2-0739/1.3.6.1.4.1.14519.5.2.1.1239.1759.126030599654658508893171411794/1.3.6.1.4.1.14519.5.2.1.1239.1759.129344108808884545529615228498,2025-12-02T12:24:42.321037736
1.3.6.1.4.1.14519.5.2.1.1239.1759.101195728480086513770910904314,CMMD,NO,https://doi.org/10.7937/tcia.eqde4b16,D2-0740,1.3.6.1.4.1.14519.5.2.1.1239.1759.201251512815735128713561834036,NA,07-18-2011,NA,NA,MG,Digital Mammography X-Ray Image Storage - For Presentation,1.2.840.10008.5.1.4.1.1.1.2,4,17.57 MB,./CMMD/D2-0740/1.3.6.1.4.1.14519.5.2.1.1239.1759.201251512815735128713561834036/1.3.6.1.4.1.14519.5.2.1.1239.1759.101195728480086513770910904314,2025-12-02T12:24:50.992174205
1.3.6.1.4.1.14519.5.2.1.1239.1759.210196801956981612660235775840,CMMD,NO,https://doi.org/10.7937/tcia.eqde4b16,D2-0738,1.3.6.1.4.1.14519.5.2.1.1239.1759.126360237513387830935809593457,NA,07-18-2011,NA,NA,MG,Digital Mammography X-Ray Image Storage - For Presentation,1.2.840.10008.5.1.4.1.1.1.2,4,17.57 MB,./CMMD/D2-0738/1.3.6.1.4.1.14519.5.2.1.1239.1759.126360237513387830935809593457/1.3.6.1.4.1.14519.5.2.1.1239.1759.210196801956981612660235775840,2025-12-02T12:24:55.441036787
1.3.6.1.4.1.14519.5.2.1.1239.1759.198458429413201300988739433945,CMMD,NO,https://doi.org/10.7937/tcia.eqde4b16,D2-0741,1.3.6.1.4.1.14519.5.2.1.1239.1759.241310806461696400750880936897,NA,07-18-2011,NA,NA,MG,Digital Mammography X-Ray Image Storage - For Presentation,1.2.840.10008.5.1.4.1.1.1.2,4,17.57 MB,./CMMD/D2-0741/1.3.6.1.4.1.14519.5.2.1.1239.1759.241310806461696400750880936897/1.3.6.1.4.1.14519.5.2.1.1239.1759.198458429413201300988739433945,2025-12-02T12:25:02.879015976
1.3.6.1.4.1.14519.5.2.1.1239.1759.319895080577486536005499732580,CMMD,NO,https://doi.org/10.7937/tcia.eqde4b16,D2-0743,1.3.6.1.4.1.14519.5.2.1.1239.1759.468745664122010314205760522753,NA,07-18-2011,NA,NA,MG,Digital Mammography X-Ray Image Storage - For Presentation,1.2.840.10008.5.1.4.1.1.1.2,4,17.57 MB,./CMMD/D2-0743/1.3.6.1.4.1.14519.5.2.1.1239.1759.468745664122010314205760522753/1.3.6.1.4.1.14519.5.2.1.1239.1759.319895080577486536005499732580,2025-12-02T12:25:05.925666913
1.3.6.1.4.1.14519.5.2.1.1239.1759.328288500473438841334977143661,CMMD,NO,https://doi.org/10.7937/tcia.eqde4b16,D2-0742,1.3.6.1.4.1.14519.5.2.1.1239.1759.786557478455586484569605579232,NA,07-18-2011,NA,NA,MG,Digital Mammography X-Ray Image Storage - For Presentation,1.2.840.10008.5.1.4.1.1.1.2,4,17.57 MB,./CMMD/D2-0742/1.3.6.1.4.1.14519.5.2.1.1239.1759.786557478455586484569605579232/1.3.6.1.4.1.14519.5.2.1.1239.1759.328288500473438841334977143661,2025-12-02T12:25:10.338790888
1.3.6.1.4.1.14519.5.2.1.1239.1759.231264718340548671615654377404,CMMD,NO,https://doi.org/10.7937/tcia.eqde4b16,D2-0744,1.3.6.1.4.1.14519.5.2.1.1239.1759.169383765396357768796451336434,NA,07-18-2011,NA,NA,MG,Digital Mammography X-Ray Image Storage - For Presentation,1.2.840.10008.5.1.4.1.1.1.2,4,17.57 MB,./CMMD/D2-0744/1.3.6.1.4.1.14519.5.2.1.1239.1759.169383765396357768796451336434/1.3.6.1.4.1.14519.5.2.1.1239.1759.231264718340548671615654377404,2025-12-02T12:25:11.086922416
1.3.6.1.4.1.14519.5.2.1.1239.1759.240741173543977273447334314949,CMMD,NO,https://doi.org/10.7937/tcia.eqde4b16,D2-0747,1.3.6.1.4.1.14519.5.2.1.1239.1759.240317944400330844089658107955,NA,07-18-2011,NA,NA,MG,Digital Mammography X-Ray Image Storage - For Presentation,1.2.840.10008.5.1.4.1.1.1.2,4,17.57 MB,./CMMD/D2-0747/1.3.6.1.4.1.14519.5.2.1.1239.1759.240317944400330844089658107955/1.3.6.1.4.1.14519.5.2.1.1239.1759.240741173543977273447334314949,2025-12-02T12:25:23.179448138
1.3.6.1.4.1.14519.5.2.1.1239.1759.254393425808994370847333385290,CMMD,NO,https://doi.org/10.7937/tcia.eqde4b16,D2-0745,1.3.6.1.4.1.14519.5.2.1.1239.1759.829075352788786297768297387264,NA,07-18-2011,NA,NA,MG,Digital Mammography X-Ray Image Storage - For Presentation,1.2.840.10008.5.1.4.1.1.1.2,4,17.57 MB,./CMMD/D2-0745/1.3.6.1.4.1.14519.5.2.1.1239.1759.829075352788786297768297387264/1.3.6.1.4.1.14519.5.2.1.1239.1759.254393425808994370847333385290,2025-12-02T12:25:24.42906258
1.3.6.1.4.1.14519.5.2.1.1239.1759.972296336858504752743199236363,CMMD,NO,https://doi.org/10.7937/tcia.eqde4b16,D2-0746,1.3.6.1.4.1.14519.5.2.1.1239.1759.291758813596921530434973661307,NA,07-18-2011,NA,NA,MG,Digital Mammography X-Ray Image Storage - For Presentation,1.2.840.10008.5.1.4.1.1.1.2,4,17.57 MB,./CMMD/D2-0746/1.3.6.1.4.1.14519.5.2.1.1239.1759.291758813596921530434973661307/1.3.6.1.4.1.14519.5.2.1.1239.1759.972296336858504752743199236363,2025-12-02T12:25:25.384140228
1.3.6.1.4.1.14519.5.2.1.1239.1759.242283723072008178075216409459,CMMD,NO,https://doi.org/10.7937/tcia.eqde4b16,D2-0748,1.3.6.1.4.1.14519.5.2.1.1239.1759.194867387180472505549095050416,NA,07-18-2011,NA,NA,MG,Digital Mammography X-Ray Image Storage - For Presentation,1.2.840.10008.5.1.4.1.1.1.2,4,17.57 MB,./CMMD/D2-0748/1.3.6.1.4.1.14519.5.2.1.1239.1759.194867387180472505549095050416/1.3.6.1.4.1.14519.5.2.1.1239.1759.242283723072008178075216409459,2025-12-02T12:25:31.675509041
1.3.6.1.4.1.14519.5.2.1.1239.1759.311460119741546999437566015082,CMMD,NO,https://doi.org/10.7937/tcia.eqde4b16,D2-0749,1.3.6.1.4.1.14519.5.2.1.1239.1759.134277145908954883505430185032,NA,07-17-2012,NA,NA,MG,Digital Mammography X-Ray Image Storage - For Presentation,1.2.840.10008.5.1.4.1.1.1.2,4,17.57 MB,./CMMD/D2-0749/1.3.6.1.4.1.14519.5.2.1.1239.1759.134277145908954883505430185032/1.3.6.1.4.1.14519.5.2.1.1239.1759.311460119741546999437566015082,2025-12-02T12:25:37.398939826
